--> R (attach-2): {"type":"response","request_seq":2,"success":true,"command":"attach","body":{},"seq":2}
--> E (initialized): {"type":"event","event":"initialized","body":{},"seq":3}
--> E (module): {"type":"event","event":"module","body":{"reason":"new","module":{"id":1,"name":"C:\\Program Files\\Unity\\Hub\\Editor\\2022.3.62f1\\Editor\\Data\\MonoBleedingEdge\\lib\\mono\\unityjit-win32\\mscorlib.dll"}},"seq":4}
--> E (module): {"type":"event","event":"module","body":{"reason":"new","module":{"id":2,"name":"C:\\Program Files\\Unity\\Hub\\Editor\\2022.3.62f1\\Editor\\Data\\MonoBleedingEdge\\lib\\mono\\unityjit-win32\\mscorlib.dll"}},"seq":5}
--> E (module): {"type":"event","event":"module","body":{"reason":"new","module":{"id":3,"name":"C:\\Program Files\\Unity\\Hub\\Editor\\2022.3.62f1\\Editor\\Data\\Managed\\UnityEngine\\UnityEngine.dll"}},"seq":6}
--> E (module): {"type":"event","event":"module","body":{"reason":"new","module":{"id":4,"name":"C:\\Program Files\\Unity\\Hub\\Editor\\2022.3.62f1\\Editor\\Data\\Managed\\UnityEngine\\UnityEngine.AIModule.dll"}},"seq":7}
--> E (module): {"type":"event","event":"module","body":{"reason":"new","module":{"id":5,"name":"C:\\Program Files\\Unity\\Hub\\Editor\\2022.3.62f1\\Editor\\Data\\Managed\\UnityEngine\\UnityEngine.ARModule.dll"}},"seq":8}
--> E (module): {"type":"event","event":"module","body":{"reason":"new","module":{"id":6,"name":"C:\\Program Files\\Unity\\Hub\\Editor\\2022.3.62f1\\Editor\\Data\\Managed\\UnityEngine\\UnityEngine.AccessibilityModule.dll"}},"seq":9}
--> E (module): {"type":"event","event":"module","body":{"reason":"new","module":{"id":7,"name":"C:\\Program Files\\Unity\\Hub\\Editor\\2022.3.62f1\\Editor\\Data\\Managed\\UnityEngine\\UnityEngine.AndroidJNIModule.dll"}},"seq":10}
--> E (module): {"type":"event","event":"module","body":{"reason":"new","module":{"id":8,"name":"C:\\Program Files\\Unity\\Hub\\Editor\\2022.3.62f1\\Editor\\Data\\Managed\\UnityEngine\\UnityEngine.AnimationModule.dll"}},"seq":11}
--> E (module): {"type":"event","event":"module","body":{"reason":"new","module":{"id":9,"name":"C:\\Program Files\\Unity\\Hub\\Editor\\2022.3.62f1\\Editor\\Data\\Managed\\UnityEngine\\UnityEngine.AssetBundleModule.dll"}},"seq":12}
--> E (module): {"type":"event","event":"module","body":{"reason":"new","module":{"id":10,"name":"C:\\Program Files\\Unity\\Hub\\Editor\\2022.3.62f1\\Editor\\Data\\Managed\\UnityEngine\\UnityEngine.AudioModule.dll"}},"seq":13}
--> E (module): {"type":"event","event":"module","body":{"reason":"new","module":{"id":11,"name":"C:\\Program Files\\Unity\\Hub\\Editor\\2022.3.62f1\\Editor\\Data\\Managed\\UnityEngine\\UnityEngine.ClothModule.dll"}},"seq":14}
--> E (module): {"type":"event","event":"module","body":{"reason":"new","module":{"id":12,"name":"C:\\Program Files\\Unity\\Hub\\Editor\\2022.3.62f1\\Editor\\Data\\Managed\\UnityEngine\\UnityEngine.ClusterInputModule.dll"}},"seq":15}
--> E (module): {"type":"event","event":"module","body":{"reason":"new","module":{"id":13,"name":"C:\\Program Files\\Unity\\Hub\\Editor\\2022.3.62f1\\Editor\\Data\\Managed\\UnityEngine\\UnityEngine.ClusterRendererModule.dll"}},"seq":16}
--> E (module): {"type":"event","event":"module","body":{"reason":"new","module":{"id":14,"name":"C:\\Program Files\\Unity\\Hub\\Editor\\2022.3.62f1\\Editor\\Data\\Managed\\UnityEngine\\UnityEngine.ContentLoadModule.dll"}},"seq":17}
--> E (module): {"type":"event","event":"module","body":{"reason":"new","module":{"id":15,"name":"C:\\Program Files\\Unity\\Hub\\Editor\\2022.3.62f1\\Editor\\Data\\Managed\\UnityEngine\\UnityEngine.CoreModule.dll"}},"seq":18}
--> E (module): {"type":"event","event":"module","body":{"reason":"new","module":{"id":16,"name":"C:\\Program Files\\Unity\\Hub\\Editor\\2022.3.62f1\\Editor\\Data\\Managed\\UnityEngine\\UnityEngine.CrashReportingModule.dll"}},"seq":19}
--> E (module): {"type":"event","event":"module","body":{"reason":"new","module":{"id":17,"name":"C:\\Program Files\\Unity\\Hub\\Editor\\2022.3.62f1\\Editor\\Data\\Managed\\UnityEngine\\UnityEngine.DSPGraphModule.dll"}},"seq":20}
--> E (module): {"type":"event","event":"module","body":{"reason":"new","module":{"id":18,"name":"C:\\Program Files\\Unity\\Hub\\Editor\\2022.3.62f1\\Editor\\Data\\Managed\\UnityEngine\\UnityEngine.DirectorModule.dll"}},"seq":21}
--> E (module): {"type":"event","event":"module","body":{"reason":"new","module":{"id":19,"name":"C:\\Program Files\\Unity\\Hub\\Editor\\2022.3.62f1\\Editor\\Data\\Managed\\UnityEngine\\UnityEngine.GIModule.dll"}},"seq":22}
--> E (module): {"type":"event","event":"module","body":{"reason":"new","module":{"id":20,"name":"C:\\Program Files\\Unity\\Hub\\Editor\\2022.3.62f1\\Editor\\Data\\Managed\\UnityEngine\\UnityEngine.GameCenterModule.dll"}},"seq":23}
--> E (module): {"type":"event","event":"module","body":{"reason":"new","module":{"id":21,"name":"C:\\Program Files\\Unity\\Hub\\Editor\\2022.3.62f1\\Editor\\Data\\Managed\\UnityEngine\\UnityEngine.GridModule.dll"}},"seq":24}
--> E (module): {"type":"event","event":"module","body":{"reason":"new","module":{"id":22,"name":"C:\\Program Files\\Unity\\Hub\\Editor\\2022.3.62f1\\Editor\\Data\\Managed\\UnityEngine\\UnityEngine.HotReloadModule.dll"}},"seq":25}
--> E (module): {"type":"event","event":"module","body":{"reason":"new","module":{"id":23,"name":"C:\\Program Files\\Unity\\Hub\\Editor\\2022.3.62f1\\Editor\\Data\\Managed\\UnityEngine\\UnityEngine.IMGUIModule.dll"}},"seq":26}
--> E (module): {"type":"event","event":"module","body":{"reason":"new","module":{"id":24,"name":"C:\\Program Files\\Unity\\Hub\\Editor\\2022.3.62f1\\Editor\\Data\\Managed\\UnityEngine\\UnityEngine.ImageConversionModule.dll"}},"seq":27}
--> E (module): {"type":"event","event":"module","body":{"reason":"new","module":{"id":25,"name":"C:\\Program Files\\Unity\\Hub\\Editor\\2022.3.62f1\\Editor\\Data\\Managed\\UnityEngine\\UnityEngine.InputModule.dll"}},"seq":28}
--> E (module): {"type":"event","event":"module","body":{"reason":"new","module":{"id":26,"name":"C:\\Program Files\\Unity\\Hub\\Editor\\2022.3.62f1\\Editor\\Data\\Managed\\UnityEngine\\UnityEngine.InputLegacyModule.dll"}},"seq":29}
--> E (module): {"type":"event","event":"module","body":{"reason":"new","module":{"id":27,"name":"C:\\Program Files\\Unity\\Hub\\Editor\\2022.3.62f1\\Editor\\Data\\Managed\\UnityEngine\\UnityEngine.JSONSerializeModule.dll"}},"seq":30}
--> E (module): {"type":"event","event":"module","body":{"reason":"new","module":{"id":28,"name":"C:\\Program Files\\Unity\\Hub\\Editor\\2022.3.62f1\\Editor\\Data\\Managed\\UnityEngine\\UnityEngine.LocalizationModule.dll"}},"seq":31}
--> E (module): {"type":"event","event":"module","body":{"reason":"new","module":{"id":29,"name":"C:\\Program Files\\Unity\\Hub\\Editor\\2022.3.62f1\\Editor\\Data\\Managed\\UnityEngine\\UnityEngine.NVIDIAModule.dll"}},"seq":32}
--> E (module): {"type":"event","event":"module","body":{"reason":"new","module":{"id":30,"name":"C:\\Program Files\\Unity\\Hub\\Editor\\2022.3.62f1\\Editor\\Data\\Managed\\UnityEngine\\UnityEngine.ParticleSystemModule.dll"}},"seq":33}
--> E (module): {"type":"event","event":"module","body":{"reason":"new","module":{"id":31,"name":"C:\\Program Files\\Unity\\Hub\\Editor\\2022.3.62f1\\Editor\\Data\\Managed\\UnityEngine\\UnityEngine.PerformanceReportingModule.dll"}},"seq":34}
--> E (module): {"type":"event","event":"module","body":{"reason":"new","module":{"id":32,"name":"C:\\Program Files\\Unity\\Hub\\Editor\\2022.3.62f1\\Editor\\Data\\Managed\\UnityEngine\\UnityEngine.PhysicsModule.dll"}},"seq":35}
--> E (module): {"type":"event","event":"module","body":{"reason":"new","module":{"id":33,"name":"C:\\Program Files\\Unity\\Hub\\Editor\\2022.3.62f1\\Editor\\Data\\Managed\\UnityEngine\\UnityEngine.Physics2DModule.dll"}},"seq":36}
--> E (module): {"type":"event","event":"module","body":{"reason":"new","module":{"id":34,"name":"C:\\Program Files\\Unity\\Hub\\Editor\\2022.3.62f1\\Editor\\Data\\Managed\\UnityEngine\\UnityEngine.ProfilerModule.dll"}},"seq":37}
--> E (module): {"type":"event","event":"module","body":{"reason":"new","module":{"id":35,"name":"C:\\Program Files\\Unity\\Hub\\Editor\\2022.3.62f1\\Editor\\Data\\Managed\\UnityEngine\\UnityEngine.PropertiesModule.dll"}},"seq":38}
--> E (module): {"type":"event","event":"module","body":{"reason":"new","module":{"id":36,"name":"C:\\Program Files\\Unity\\Hub\\Editor\\2022.3.62f1\\Editor\\Data\\Managed\\UnityEngine\\UnityEngine.RuntimeInitializeOnLoadManagerInitializerModule.dll"}},"seq":39}
--> E (module): {"type":"event","event":"module","body":{"reason":"new","module":{"id":37,"name":"C:\\Program Files\\Unity\\Hub\\Editor\\2022.3.62f1\\Editor\\Data\\Managed\\UnityEngine\\UnityEngine.ScreenCaptureModule.dll"}},"seq":40}
--> E (module): {"type":"event","event":"module","body":{"reason":"new","module":{"id":38,"name":"C:\\Program Files\\Unity\\Hub\\Editor\\2022.3.62f1\\Editor\\Data\\Managed\\UnityEngine\\UnityEngine.SharedInternalsModule.dll"}},"seq":41}
--> E (module): {"type":"event","event":"module","body":{"reason":"new","module":{"id":39,"name":"C:\\Program Files\\Unity\\Hub\\Editor\\2022.3.62f1\\Editor\\Data\\Managed\\UnityEngine\\UnityEngine.SpriteMaskModule.dll"}},"seq":42}
--> E (module): {"type":"event","event":"module","body":{"reason":"new","module":{"id":40,"name":"C:\\Program Files\\Unity\\Hub\\Editor\\2022.3.62f1\\Editor\\Data\\Managed\\UnityEngine\\UnityEngine.SpriteShapeModule.dll"}},"seq":43}
--> E (module): {"type":"event","event":"module","body":{"reason":"new","module":{"id":41,"name":"C:\\Program Files\\Unity\\Hub\\Editor\\2022.3.62f1\\Editor\\Data\\Managed\\UnityEngine\\UnityEngine.StreamingModule.dll"}},"seq":44}
--> E (module): {"type":"event","event":"module","body":{"reason":"new","module":{"id":42,"name":"C:\\Program Files\\Unity\\Hub\\Editor\\2022.3.62f1\\Editor\\Data\\Managed\\UnityEngine\\UnityEngine.SubstanceModule.dll"}},"seq":45}
--> E (module): {"type":"event","event":"module","body":{"reason":"new","module":{"id":43,"name":"C:\\Program Files\\Unity\\Hub\\Editor\\2022.3.62f1\\Editor\\Data\\Managed\\UnityEngine\\UnityEngine.SubsystemsModule.dll"}},"seq":46}
--> E (module): {"type":"event","event":"module","body":{"reason":"new","module":{"id":44,"name":"C:\\Program Files\\Unity\\Hub\\Editor\\2022.3.62f1\\Editor\\Data\\Managed\\UnityEngine\\UnityEngine.TLSModule.dll"}},"seq":47}
--> E (module): {"type":"event","event":"module","body":{"reason":"new","module":{"id":45,"name":"C:\\Program Files\\Unity\\Hub\\Editor\\2022.3.62f1\\Editor\\Data\\Managed\\UnityEngine\\UnityEngine.TerrainModule.dll"}},"seq":48}
--> E (module): {"type":"event","event":"module","body":{"reason":"new","module":{"id":46,"name":"C:\\Program Files\\Unity\\Hub\\Editor\\2022.3.62f1\\Editor\\Data\\Managed\\UnityEngine\\UnityEngine.TerrainPhysicsModule.dll"}},"seq":49}
--> E (module): {"type":"event","event":"module","body":{"reason":"new","module":{"id":47,"name":"C:\\Program Files\\Unity\\Hub\\Editor\\2022.3.62f1\\Editor\\Data\\Managed\\UnityEngine\\UnityEngine.TextCoreFontEngineModule.dll"}},"seq":50}
--> E (module): {"type":"event","event":"module","body":{"reason":"new","module":{"id":48,"name":"C:\\Program Files\\Unity\\Hub\\Editor\\2022.3.62f1\\Editor\\Data\\Managed\\UnityEngine\\UnityEngine.TextCoreTextEngineModule.dll"}},"seq":51}
--> E (module): {"type":"event","event":"module","body":{"reason":"new","module":{"id":49,"name":"C:\\Program Files\\Unity\\Hub\\Editor\\2022.3.62f1\\Editor\\Data\\Managed\\UnityEngine\\UnityEngine.TextRenderingModule.dll"}},"seq":52}
--> E (module): {"type":"event","event":"module","body":{"reason":"new","module":{"id":50,"name":"C:\\Program Files\\Unity\\Hub\\Editor\\2022.3.62f1\\Editor\\Data\\Managed\\UnityEngine\\UnityEngine.TilemapModule.dll"}},"seq":53}
--> E (module): {"type":"event","event":"module","body":{"reason":"new","module":{"id":51,"name":"C:\\Program Files\\Unity\\Hub\\Editor\\2022.3.62f1\\Editor\\Data\\Managed\\UnityEngine\\UnityEngine.UIModule.dll"}},"seq":54}
--> E (module): {"type":"event","event":"module","body":{"reason":"new","module":{"id":52,"name":"C:\\Program Files\\Unity\\Hub\\Editor\\2022.3.62f1\\Editor\\Data\\Managed\\UnityEngine\\UnityEngine.UIElementsModule.dll"}},"seq":55}
--> E (module): {"type":"event","event":"module","body":{"reason":"new","module":{"id":53,"name":"C:\\Program Files\\Unity\\Hub\\Editor\\2022.3.62f1\\Editor\\Data\\Managed\\UnityEngine\\UnityEngine.UmbraModule.dll"}},"seq":56}
--> E (module): {"type":"event","event":"module","body":{"reason":"new","module":{"id":54,"name":"C:\\Program Files\\Unity\\Hub\\Editor\\2022.3.62f1\\Editor\\Data\\Managed\\UnityEngine\\UnityEngine.UnityAnalyticsModule.dll"}},"seq":57}
--> E (module): {"type":"event","event":"module","body":{"reason":"new","module":{"id":55,"name":"C:\\Program Files\\Unity\\Hub\\Editor\\2022.3.62f1\\Editor\\Data\\Managed\\UnityEngine\\UnityEngine.UnityAnalyticsCommonModule.dll"}},"seq":58}
--> E (module): {"type":"event","event":"module","body":{"reason":"new","module":{"id":56,"name":"C:\\Program Files\\Unity\\Hub\\Editor\\2022.3.62f1\\Editor\\Data\\Managed\\UnityEngine\\UnityEngine.UnityConnectModule.dll"}},"seq":59}
--> E (module): {"type":"event","event":"module","body":{"reason":"new","module":{"id":57,"name":"C:\\Program Files\\Unity\\Hub\\Editor\\2022.3.62f1\\Editor\\Data\\Managed\\UnityEngine\\UnityEngine.UnityCurlModule.dll"}},"seq":60}
--> E (module): {"type":"event","event":"module","body":{"reason":"new","module":{"id":58,"name":"C:\\Program Files\\Unity\\Hub\\Editor\\2022.3.62f1\\Editor\\Data\\Managed\\UnityEngine\\UnityEngine.UnityTestProtocolModule.dll"}},"seq":61}
--> E (module): {"type":"event","event":"module","body":{"reason":"new","module":{"id":59,"name":"C:\\Program Files\\Unity\\Hub\\Editor\\2022.3.62f1\\Editor\\Data\\Managed\\UnityEngine\\UnityEngine.UnityWebRequestModule.dll"}},"seq":62}
--> E (module): {"type":"event","event":"module","body":{"reason":"new","module":{"id":60,"name":"C:\\Program Files\\Unity\\Hub\\Editor\\2022.3.62f1\\Editor\\Data\\Managed\\UnityEngine\\UnityEngine.UnityWebRequestAssetBundleModule.dll"}},"seq":63}
--> E (module): {"type":"event","event":"module","body":{"reason":"new","module":{"id":61,"name":"C:\\Program Files\\Unity\\Hub\\Editor\\2022.3.62f1\\Editor\\Data\\Managed\\UnityEngine\\UnityEngine.UnityWebRequestAudioModule.dll"}},"seq":64}
--> E (module): {"type":"event","event":"module","body":{"reason":"new","module":{"id":62,"name":"C:\\Program Files\\Unity\\Hub\\Editor\\2022.3.62f1\\Editor\\Data\\Managed\\UnityEngine\\UnityEngine.UnityWebRequestTextureModule.dll"}},"seq":65}
--> E (module): {"type":"event","event":"module","body":{"reason":"new","module":{"id":63,"name":"C:\\Program Files\\Unity\\Hub\\Editor\\2022.3.62f1\\Editor\\Data\\Managed\\UnityEngine\\UnityEngine.UnityWebRequestWWWModule.dll"}},"seq":66}
--> E (module): {"type":"event","event":"module","body":{"reason":"new","module":{"id":64,"name":"C:\\Program Files\\Unity\\Hub\\Editor\\2022.3.62f1\\Editor\\Data\\Managed\\UnityEngine\\UnityEngine.VFXModule.dll"}},"seq":67}
--> E (module): {"type":"event","event":"module","body":{"reason":"new","module":{"id":65,"name":"C:\\Program Files\\Unity\\Hub\\Editor\\2022.3.62f1\\Editor\\Data\\Managed\\UnityEngine\\UnityEngine.VRModule.dll"}},"seq":68}
--> E (module): {"type":"event","event":"module","body":{"reason":"new","module":{"id":66,"name":"C:\\Program Files\\Unity\\Hub\\Editor\\2022.3.62f1\\Editor\\Data\\Managed\\UnityEngine\\UnityEngine.VehiclesModule.dll"}},"seq":69}
--> E (module): {"type":"event","event":"module","body":{"reason":"new","module":{"id":67,"name":"C:\\Program Files\\Unity\\Hub\\Editor\\2022.3.62f1\\Editor\\Data\\Managed\\UnityEngine\\UnityEngine.VideoModule.dll"}},"seq":70}
--> E (module): {"type":"event","event":"module","body":{"reason":"new","module":{"id":68,"name":"C:\\Program Files\\Unity\\Hub\\Editor\\2022.3.62f1\\Editor\\Data\\Managed\\UnityEngine\\UnityEngine.VirtualTexturingModule.dll"}},"seq":71}
--> E (module): {"type":"event","event":"module","body":{"reason":"new","module":{"id":69,"name":"C:\\Program Files\\Unity\\Hub\\Editor\\2022.3.62f1\\Editor\\Data\\Managed\\UnityEngine\\UnityEngine.WindModule.dll"}},"seq":72}
--> E (module): {"type":"event","event":"module","body":{"reason":"new","module":{"id":70,"name":"C:\\Program Files\\Unity\\Hub\\Editor\\2022.3.62f1\\Editor\\Data\\Managed\\UnityEngine\\UnityEngine.XRModule.dll"}},"seq":73}
--> E (module): {"type":"event","event":"module","body":{"reason":"new","module":{"id":71,"name":"C:\\Program Files\\Unity\\Hub\\Editor\\2022.3.62f1\\Editor\\Data\\Managed\\UnityEngine\\UnityEditor.dll"}},"seq":74}
--> E (module): {"type":"event","event":"module","body":{"reason":"new","module":{"id":72,"name":"C:\\Program Files\\Unity\\Hub\\Editor\\2022.3.62f1\\Editor\\Data\\Managed\\UnityEngine\\UnityEditor.CoreModule.dll"}},"seq":75}
--> E (module): {"type":"event","event":"module","body":{"reason":"new","module":{"id":73,"name":"C:\\Program Files\\Unity\\Hub\\Editor\\2022.3.62f1\\Editor\\Data\\Managed\\UnityEngine\\UnityEditor.DeviceSimulatorModule.dll"}},"seq":76}
--> E (module): {"type":"event","event":"module","body":{"reason":"new","module":{"id":74,"name":"C:\\Program Files\\Unity\\Hub\\Editor\\2022.3.62f1\\Editor\\Data\\Managed\\UnityEngine\\UnityEditor.DiagnosticsModule.dll"}},"seq":77}
--> E (module): {"type":"event","event":"module","body":{"reason":"new","module":{"id":75,"name":"C:\\Program Files\\Unity\\Hub\\Editor\\2022.3.62f1\\Editor\\Data\\Managed\\UnityEngine\\UnityEditor.EditorToolbarModule.dll"}},"seq":78}
--> E (module): {"type":"event","event":"module","body":{"reason":"new","module":{"id":76,"name":"C:\\Program Files\\Unity\\Hub\\Editor\\2022.3.62f1\\Editor\\Data\\Managed\\UnityEngine\\UnityEditor.GraphViewModule.dll"}},"seq":79}
--> E (module): {"type":"event","event":"module","body":{"reason":"new","module":{"id":77,"name":"C:\\Program Files\\Unity\\Hub\\Editor\\2022.3.62f1\\Editor\\Data\\Managed\\UnityEngine\\UnityEditor.PresetsUIModule.dll"}},"seq":80}
--> E (module): {"type":"event","event":"module","body":{"reason":"new","module":{"id":78,"name":"C:\\Program Files\\Unity\\Hub\\Editor\\2022.3.62f1\\Editor\\Data\\Managed\\UnityEngine\\UnityEditor.QuickSearchModule.dll"}},"seq":81}
--> E (module): {"type":"event","event":"module","body":{"reason":"new","module":{"id":79,"name":"C:\\Program Files\\Unity\\Hub\\Editor\\2022.3.62f1\\Editor\\Data\\Managed\\UnityEngine\\UnityEditor.SceneTemplateModule.dll"}},"seq":82}
--> E (module): {"type":"event","event":"module","body":{"reason":"new","module":{"id":80,"name":"C:\\Program Files\\Unity\\Hub\\Editor\\2022.3.62f1\\Editor\\Data\\Managed\\UnityEngine\\UnityEditor.SceneViewModule.dll"}},"seq":83}
--> E (module): {"type":"event","event":"module","body":{"reason":"new","module":{"id":81,"name":"C:\\Program Files\\Unity\\Hub\\Editor\\2022.3.62f1\\Editor\\Data\\Managed\\UnityEngine\\UnityEditor.TextCoreFontEngineModule.dll"}},"seq":84}
--> E (module): {"type":"event","event":"module","body":{"reason":"new","module":{"id":82,"name":"C:\\Program Files\\Unity\\Hub\\Editor\\2022.3.62f1\\Editor\\Data\\Managed\\UnityEngine\\UnityEditor.TextCoreTextEngineModule.dll"}},"seq":85}
--> E (module): {"type":"event","event":"module","body":{"reason":"new","module":{"id":83,"name":"C:\\Program Files\\Unity\\Hub\\Editor\\2022.3.62f1\\Editor\\Data\\Managed\\UnityEngine\\UnityEditor.UIBuilderModule.dll"}},"seq":86}
--> E (module): {"type":"event","event":"module","body":{"reason":"new","module":{"id":84,"name":"C:\\Program Files\\Unity\\Hub\\Editor\\2022.3.62f1\\Editor\\Data\\Managed\\UnityEngine\\UnityEditor.UIElementsModule.dll"}},"seq":87}
--> E (module): {"type":"event","event":"module","body":{"reason":"new","module":{"id":85,"name":"C:\\Program Files\\Unity\\Hub\\Editor\\2022.3.62f1\\Editor\\Data\\Managed\\UnityEngine\\UnityEditor.UIElementsSamplesModule.dll"}},"seq":88}
--> E (module): {"type":"event","event":"module","body":{"reason":"new","module":{"id":86,"name":"C:\\Program Files\\Unity\\Hub\\Editor\\2022.3.62f1\\Editor\\Data\\Managed\\UnityEngine\\UnityEditor.UnityConnectModule.dll"}},"seq":89}
--> E (module): {"type":"event","event":"module","body":{"reason":"new","module":{"id":87,"name":"C:\\Program Files\\Unity\\Hub\\Editor\\2022.3.62f1\\Editor\\Data\\MonoBleedingEdge\\lib\\mono\\unityjit-win32\\Facades\\netstandard.dll"}},"seq":90}
--> E (module): {"type":"event","event":"module","body":{"reason":"new","module":{"id":88,"name":"C:\\Program Files\\Unity\\Hub\\Editor\\2022.3.62f1\\Editor\\Data\\MonoBleedingEdge\\lib\\mono\\unityjit-win32\\System.dll"}},"seq":91}
--> E (module): {"type":"event","event":"module","body":{"reason":"new","module":{"id":89,"name":"C:\\Program Files\\Unity\\Hub\\Editor\\2022.3.62f1\\Editor\\Data\\MonoBleedingEdge\\lib\\mono\\unityjit-win32\\Mono.Security.dll"}},"seq":92}
--> E (module): {"type":"event","event":"module","body":{"reason":"new","module":{"id":90,"name":"C:\\Program Files\\Unity\\Hub\\Editor\\2022.3.62f1\\Editor\\Data\\MonoBleedingEdge\\lib\\mono\\unityjit-win32\\System.Configuration.dll"}},"seq":93}
--> E (module): {"type":"event","event":"module","body":{"reason":"new","module":{"id":91,"name":"C:\\Program Files\\Unity\\Hub\\Editor\\2022.3.62f1\\Editor\\Data\\MonoBleedingEdge\\lib\\mono\\unityjit-win32\\System.Xml.dll"}},"seq":94}
--> E (module): {"type":"event","event":"module","body":{"reason":"new","module":{"id":92,"name":"C:\\Program Files\\Unity\\Hub\\Editor\\2022.3.62f1\\Editor\\Data\\MonoBleedingEdge\\lib\\mono\\unityjit-win32\\System.Core.dll"}},"seq":95}
--> E (module): {"type":"event","event":"module","body":{"reason":"new","module":{"id":93,"name":"C:\\Program Files\\Unity\\Hub\\Editor\\2022.3.62f1\\Editor\\Data\\Managed\\Bee.BeeDriver2.dll"}},"seq":96}
--> E (module): {"type":"event","event":"module","body":{"reason":"new","module":{"id":94,"name":"C:\\Program Files\\Unity\\Hub\\Editor\\2022.3.62f1\\Editor\\Data\\Managed\\Bee.BinLog.dll"}},"seq":97}
--> E (module): {"type":"event","event":"module","body":{"reason":"new","module":{"id":95,"name":"C:\\Program Files\\Unity\\Hub\\Editor\\2022.3.62f1\\Editor\\Data\\Managed\\UnityEditor.Graphs.dll"}},"seq":98}
--> E (module): {"type":"event","event":"module","body":{"reason":"new","module":{"id":96,"name":"C:\\Program Files\\Unity\\Hub\\Editor\\2022.3.62f1\\Editor\\Data\\PlaybackEngines\\WebGLSupport\\UnityEditor.WebGL.Extensions.dll"}},"seq":99}
--> E (module): {"type":"event","event":"module","body":{"reason":"new","module":{"id":97,"name":"C:\\Program Files\\Unity\\Hub\\Editor\\2022.3.62f1\\Editor\\Data\\PlaybackEngines\\AndroidPlayer\\UnityEditor.Android.Extensions.dll"}},"seq":100}
--> E (module): {"type":"event","event":"module","body":{"reason":"new","module":{"id":98,"name":"C:\\Program Files\\Unity\\Hub\\Editor\\2022.3.62f1\\Editor\\Data\\PlaybackEngines\\WindowsStandaloneSupport\\UnityEditor.WindowsStandalone.Extensions.dll"}},"seq":101}
--> E (module): {"type":"event","event":"module","body":{"reason":"new","module":{"id":99,"name":"C:\\Program Files\\Unity\\Hub\\Editor\\2022.3.62f1\\Editor\\Data\\PlaybackEngines\\AndroidPlayer\\Unity.Android.Types.dll"}},"seq":102}
--> E (module): {"type":"event","event":"module","body":{"reason":"new","module":{"id":100,"name":"C:\\Program Files\\Unity\\Hub\\Editor\\2022.3.62f1\\Editor\\Data\\PlaybackEngines\\AndroidPlayer\\Unity.Android.Gradle.dll"}},"seq":103}
--> E (module): {"type":"event","event":"module","body":{"reason":"new","module":{"id":101,"name":"C:\\Program Files\\Unity\\Hub\\Editor\\2022.3.62f1\\Editor\\Data\\PlaybackEngines\\AndroidPlayer\\Unity.Android.GradleProject.dll"}},"seq":104}
--> E (module): {"type":"event","event":"module","body":{"reason":"new","module":{"id":102,"name":"C:\\Users\\Cex\\Documents\\Github\\MeatSlice\\Library\\ScriptAssemblies\\Assembly-CSharp.dll"}},"seq":105}
--> E (module): {"type":"event","event":"module","body":{"reason":"new","module":{"id":103,"name":"C:\\Users\\Cex\\Documents\\Github\\MeatSlice\\Library\\ScriptAssemblies\\Assembly-CSharp-Editor.dll"}},"seq":106}
--> E (module): {"type":"event","event":"module","body":{"reason":"new","module":{"id":104,"name":"C:\\Users\\Cex\\Documents\\Github\\MeatSlice\\Library\\ScriptAssemblies\\Unity.Timeline.dll"}},"seq":107}
--> E (module): {"type":"event","event":"module","body":{"reason":"new","module":{"id":105,"name":"C:\\Users\\Cex\\Documents\\Github\\MeatSlice\\Library\\ScriptAssemblies\\Unity.TestTools.CodeCoverage.Editor.OpenCover.Mono.Reflection.dll"}},"seq":108}
--> E (module): {"type":"event","event":"module","body":{"reason":"new","module":{"id":106,"name":"C:\\Users\\Cex\\Documents\\Github\\MeatSlice\\Library\\ScriptAssemblies\\Unity.EditorCoroutines.Editor.dll"}},"seq":109}
--> E (module): {"type":"event","event":"module","body":{"reason":"new","module":{"id":107,"name":"C:\\Users\\Cex\\Documents\\Github\\MeatSlice\\Library\\ScriptAssemblies\\Unity.Performance.Profile-Analyzer.Editor.dll"}},"seq":110}
--> E (module): {"type":"event","event":"module","body":{"reason":"new","module":{"id":108,"name":"C:\\Users\\Cex\\Documents\\Github\\MeatSlice\\Library\\ScriptAssemblies\\Unity.TestTools.CodeCoverage.Editor.dll"}},"seq":111}
--> E (module): {"type":"event","event":"module","body":{"reason":"new","module":{"id":109,"name":"C:\\Users\\Cex\\Documents\\Github\\MeatSlice\\Library\\ScriptAssemblies\\Unity.TestTools.CodeCoverage.Editor.OpenCover.Model.dll"}},"seq":112}
--> E (module): {"type":"event","event":"module","body":{"reason":"new","module":{"id":110,"name":"C:\\Users\\Cex\\Documents\\Github\\MeatSlice\\Library\\ScriptAssemblies\\Unity.AI.Navigation.dll"}},"seq":113}
--> E (module): {"type":"event","event":"module","body":{"reason":"new","module":{"id":111,"name":"C:\\Users\\Cex\\Documents\\Github\\MeatSlice\\Library\\ScriptAssemblies\\Unity.AI.Navigation.Updater.dll"}},"seq":114}
--> E (module): {"type":"event","event":"module","body":{"reason":"new","module":{"id":112,"name":"C:\\Users\\Cex\\Documents\\Github\\MeatSlice\\Library\\ScriptAssemblies\\UnityEngine.TestRunner.dll"}},"seq":115}
--> E (module): {"type":"event","event":"module","body":{"reason":"new","module":{"id":113,"name":"C:\\Users\\Cex\\Documents\\Github\\MeatSlice\\Library\\ScriptAssemblies\\Unity.Timeline.Editor.dll"}},"seq":116}
--> E (module): {"type":"event","event":"module","body":{"reason":"new","module":{"id":114,"name":"C:\\Users\\Cex\\Documents\\Github\\MeatSlice\\Library\\ScriptAssemblies\\Unity.Settings.Editor.dll"}},"seq":117}
--> E (module): {"type":"event","event":"module","body":{"reason":"new","module":{"id":115,"name":"C:\\Users\\Cex\\Documents\\Github\\MeatSlice\\Library\\ScriptAssemblies\\Unity.VisualStudio.Editor.dll"}},"seq":118}
--> E (module): {"type":"event","event":"module","body":{"reason":"new","module":{"id":116,"name":"C:\\Users\\Cex\\Documents\\Github\\MeatSlice\\Library\\ScriptAssemblies\\Unity.TextMeshPro.dll"}},"seq":119}
--> E (module): {"type":"event","event":"module","body":{"reason":"new","module":{"id":117,"name":"C:\\Users\\Cex\\Documents\\Github\\MeatSlice\\Library\\ScriptAssemblies\\UnityEditor.UI.dll"}},"seq":120}
--> E (module): {"type":"event","event":"module","body":{"reason":"new","module":{"id":118,"name":"C:\\Users\\Cex\\Documents\\Github\\MeatSlice\\Library\\ScriptAssemblies\\Unity.TextMeshPro.Editor.dll"}},"seq":121}
--> E (module): {"type":"event","event":"module","body":{"reason":"new","module":{"id":119,"name":"C:\\Users\\Cex\\Documents\\Github\\MeatSlice\\Library\\ScriptAssemblies\\Unity.AI.Navigation.Editor.dll"}},"seq":122}
--> E (module): {"type":"event","event":"module","body":{"reason":"new","module":{"id":120,"name":"C:\\Users\\Cex\\Documents\\Github\\MeatSlice\\Library\\ScriptAssemblies\\Unity.Rider.Editor.dll"}},"seq":123}
--> E (module): {"type":"event","event":"module","body":{"reason":"new","module":{"id":121,"name":"C:\\Users\\Cex\\Documents\\Github\\MeatSlice\\Library\\ScriptAssemblies\\Unity.AI.Navigation.Editor.ConversionSystem.dll"}},"seq":124}
--> E (module): {"type":"event","event":"module","body":{"reason":"new","module":{"id":122,"name":"C:\\Users\\Cex\\Documents\\Github\\MeatSlice\\Library\\ScriptAssemblies\\Unity.VSCode.Editor.dll"}},"seq":125}
--> E (module): {"type":"event","event":"module","body":{"reason":"new","module":{"id":123,"name":"C:\\Users\\Cex\\Documents\\Github\\MeatSlice\\Library\\ScriptAssemblies\\UnityEngine.UI.dll"}},"seq":126}
--> E (module): {"type":"event","event":"module","body":{"reason":"new","module":{"id":124,"name":"C:\\Users\\Cex\\Documents\\Github\\MeatSlice\\Library\\ScriptAssemblies\\UnityEditor.TestRunner.dll"}},"seq":127}
--> E (module): {"type":"event","event":"module","body":{"reason":"new","module":{"id":125,"name":"C:\\Users\\Cex\\Documents\\Github\\MeatSlice\\Library\\PackageCache\\com.unity.ext.nunit@1.0.6\\net35\\unity-custom\\nunit.framework.dll"}},"seq":128}
--> E (module): {"type":"event","event":"module","body":{"reason":"new","module":{"id":126,"name":"C:\\Users\\Cex\\Documents\\Github\\MeatSlice\\Library\\PackageCache\\com.unity.testtools.codecoverage@1.2.6\\lib\\ReportGenerator\\ReportGeneratorMerged.dll"}},"seq":129}
--> E (module): {"type":"event","event":"module","body":{"reason":"new","module":{"id":127,"name":"C:\\Users\\Cex\\Documents\\Github\\MeatSlice\\Library\\PackageCache\\com.unity.ide.rider@3.0.36\\Rider\\Editor\\JetBrains.Rider.PathLocator.dll"}},"seq":130}
--> E (module): {"type":"event","event":"module","body":{"reason":"new","module":{"id":128,"name":"C:\\Program Files\\Unity\\Hub\\Editor\\2022.3.62f1\\Editor\\Data\\MonoBleedingEdge\\lib\\mono\\unityjit-win32\\System.Xml.Linq.dll"}},"seq":131}
--> E (module): {"type":"event","event":"module","body":{"reason":"new","module":{"id":129,"name":"C:\\Program Files\\Unity\\Hub\\Editor\\2022.3.62f1\\Editor\\Data\\MonoBleedingEdge\\lib\\mono\\unityjit-win32\\System.Net.Http.dll"}},"seq":132}
--> E (module): {"type":"event","event":"module","body":{"reason":"new","module":{"id":130,"name":"C:\\Program Files\\Unity\\Hub\\Editor\\2022.3.62f1\\Editor\\Data\\MonoBleedingEdge\\lib\\mono\\unityjit-win32\\System.Numerics.dll"}},"seq":133}
--> E (thread): {"type":"event","event":"thread","body":{"reason":"started","threadId":88452672},"seq":134}
--> E (thread): {"type":"event","event":"thread","body":{"reason":"started","threadId":88452672},"seq":135}
--> E (thread): {"type":"event","event":"thread","body":{"reason":"started","threadId":88452672},"seq":136}
--> E (thread): {"type":"event","event":"thread","body":{"reason":"started","threadId":88452672},"seq":137}
--> E (thread): {"type":"event","event":"thread","body":{"reason":"started","threadId":88452672},"seq":138}
--> E (thread): {"type":"event","event":"thread","body":{"reason":"started","threadId":88452672},"seq":139}
--> E (thread): {"type":"event","event":"thread","body":{"reason":"started","threadId":88452672},"seq":140}
--> E (thread): {"type":"event","event":"thread","body":{"reason":"started","threadId":88452672},"seq":141}
--> E (thread): {"type":"event","event":"thread","body":{"reason":"started","threadId":88452672},"seq":142}
--> E (thread): {"type":"event","event":"thread","body":{"reason":"started","threadId":88452672},"seq":143}
--> E (thread): {"type":"event","event":"thread","body":{"reason":"started","threadId":88452672},"seq":144}
--> E (thread): {"type":"event","event":"thread","body":{"reason":"started","threadId":88452672},"seq":145}
--> E (thread): {"type":"event","event":"thread","body":{"reason":"started","threadId":88452672},"seq":146}
--> E (thread): {"type":"event","event":"thread","body":{"reason":"started","threadId":88452672},"seq":147}
--> E (thread): {"type":"event","event":"thread","body":{"reason":"started","threadId":88452672},"seq":148}
--> E (thread): {"type":"event","event":"thread","body":{"reason":"started","threadId":88452672},"seq":149}
--> E (thread): {"type":"event","event":"thread","body":{"reason":"started","threadId":88452672},"seq":150}
--> E (thread): {"type":"event","event":"thread","body":{"reason":"started","threadId":88452672},"seq":151}
--> E (thread): {"type":"event","event":"thread","body":{"reason":"started","threadId":88452672},"seq":152}
--> E (thread): {"type":"event","event":"thread","body":{"reason":"started","threadId":88452672},"seq":153}
--> E (thread): {"type":"event","event":"thread","body":{"reason":"started","threadId":88452672},"seq":154}
--> E (thread): {"type":"event","event":"thread","body":{"reason":"started","threadId":88452672},"seq":155}
--> E (thread): {"type":"event","event":"thread","body":{"reason":"started","threadId":88452672},"seq":156}
--> E (thread): {"type":"event","event":"thread","body":{"reason":"started","threadId":88452672},"seq":157}
--> E (thread): {"type":"event","event":"thread","body":{"reason":"started","threadId":88452672},"seq":158}
--> E (thread): {"type":"event","event":"thread","body":{"reason":"started","threadId":88452672},"seq":159}
--> E (thread): {"type":"event","event":"thread","body":{"reason":"started","threadId":88452672},"seq":160}
--> E (thread): {"type":"event","event":"thread","body":{"reason":"started","threadId":88452672},"seq":161}
--> E (thread): {"type":"event","event":"thread","body":{"reason":"started","threadId":88452672},"seq":162}
--> E (thread): {"type":"event","event":"thread","body":{"reason":"started","threadId":88452672},"seq":163}
--> E (thread): {"type":"event","event":"thread","body":{"reason":"started","threadId":88452672},"seq":164}
--> E (thread): {"type":"event","event":"thread","body":{"reason":"started","threadId":88452672},"seq":165}
--> E (thread): {"type":"event","event":"thread","body":{"reason":"started","threadId":88452672},"seq":166}
--> E (thread): {"type":"event","event":"thread","body":{"reason":"started","threadId":88452672},"seq":167}
--> E (thread): {"type":"event","event":"thread","body":{"reason":"started","threadId":88452672},"seq":168}
--> E (thread): {"type":"event","event":"thread","body":{"reason":"started","threadId":88452672},"seq":169}
--> E (thread): {"type":"event","event":"thread","body":{"reason":"started","threadId":88452672},"seq":170}
--> E (thread): {"type":"event","event":"thread","body":{"reason":"started","threadId":88452672},"seq":171}
--> E (thread): {"type":"event","event":"thread","body":{"reason":"started","threadId":88452672},"seq":172}
--> E (thread): {"type":"event","event":"thread","body":{"reason":"started","threadId":88452672},"seq":173}
--> E (thread): {"type":"event","event":"thread","body":{"reason":"started","threadId":88452672},"seq":174}
--> E (thread): {"type":"event","event":"thread","body":{"reason":"started","threadId":88452672},"seq":175}
--> E (thread): {"type":"event","event":"thread","body":{"reason":"started","threadId":88452672},"seq":176}
--> E (thread): {"type":"event","event":"thread","body":{"reason":"started","threadId":88452672},"seq":177}
--> E (thread): {"type":"event","event":"thread","body":{"reason":"started","threadId":88452672},"seq":178}
--> E (thread): {"type":"event","event":"thread","body":{"reason":"started","threadId":88452672},"seq":179}
--> E (thread): {"type":"event","event":"thread","body":{"reason":"started","threadId":88452672},"seq":180}
--> E (thread): {"type":"event","event":"thread","body":{"reason":"started","threadId":88452672},"seq":181}
--> E (thread): {"type":"event","event":"thread","body":{"reason":"started","threadId":88452672},"seq":182}
--> E (thread): {"type":"event","event":"thread","body":{"reason":"started","threadId":88452672},"seq":183}
--> E (thread): {"type":"event","event":"thread","body":{"reason":"started","threadId":88452672},"seq":184}
--> E (thread): {"type":"event","event":"thread","body":{"reason":"started","threadId":88452672},"seq":185}
--> E (thread): {"type":"event","event":"thread","body":{"reason":"started","threadId":88452672},"seq":186}
--> E (thread): {"type":"event","event":"thread","body":{"reason":"started","threadId":88452672},"seq":187}
--> E (thread): {"type":"event","event":"thread","body":{"reason":"started","threadId":88452672},"seq":188}
--> E (thread): {"type":"event","event":"thread","body":{"reason":"started","threadId":88452672},"seq":189}
--> E (thread): {"type":"event","event":"thread","body":{"reason":"started","threadId":88452672},"seq":190}
--> E (thread): {"type":"event","event":"thread","body":{"reason":"started","threadId":88452672},"seq":191}
--> E (thread): {"type":"event","event":"thread","body":{"reason":"started","threadId":88452672},"seq":192}
--> E (thread): {"type":"event","event":"thread","body":{"reason":"started","threadId":88452672},"seq":193}
--> E (thread): {"type":"event","event":"thread","body":{"reason":"started","threadId":88452672},"seq":194}
--> E (thread): {"type":"event","event":"thread","body":{"reason":"started","threadId":88452672},"seq":195}
--> E (thread): {"type":"event","event":"thread","body":{"reason":"started","threadId":88452672},"seq":196}
--> E (thread): {"type":"event","event":"thread","body":{"reason":"started","threadId":88452672},"seq":197}
--> E (thread): {"type":"event","event":"thread","body":{"reason":"started","threadId":88452672},"seq":198}
--> E (thread): {"type":"event","event":"thread","body":{"reason":"started","threadId":88452672},"seq":199}
--> E (thread): {"type":"event","event":"thread","body":{"reason":"started","threadId":88452672},"seq":200}
--> E (thread): {"type":"event","event":"thread","body":{"reason":"started","threadId":88452672},"seq":201}
--> E (thread): {"type":"event","event":"thread","body":{"reason":"started","threadId":88452672},"seq":202}
--> E (thread): {"type":"event","event":"thread","body":{"reason":"started","threadId":88452672},"seq":203}
--> E (thread): {"type":"event","event":"thread","body":{"reason":"started","threadId":88452672},"seq":204}
--> E (thread): {"type":"event","event":"thread","body":{"reason":"started","threadId":88452672},"seq":205}
--> E (thread): {"type":"event","event":"thread","body":{"reason":"started","threadId":88452672},"seq":206}
--> E (thread): {"type":"event","event":"thread","body":{"reason":"started","threadId":88452672},"seq":207}
--> E (thread): {"type":"event","event":"thread","body":{"reason":"started","threadId":88452672},"seq":208}
--> E (thread): {"type":"event","event":"thread","body":{"reason":"started","threadId":88452672},"seq":209}
--> E (thread): {"type":"event","event":"thread","body":{"reason":"started","threadId":88452672},"seq":210}
--> E (thread): {"type":"event","event":"thread","body":{"reason":"started","threadId":88452672},"seq":211}
--> E (thread): {"type":"event","event":"thread","body":{"reason":"started","threadId":88452672},"seq":212}
--> E (thread): {"type":"event","event":"thread","body":{"reason":"started","threadId":88452672},"seq":213}
--> E (thread): {"type":"event","event":"thread","body":{"reason":"started","threadId":88452672},"seq":214}
<--   C (setBreakpoints-3): {"command":"setBreakpoints","arguments":{"source":{"name":"PlayerController.cs","path":"c:\\Users\\Cex\\Documents\\Github\\MeatSlice\\Assets\\Scripts\\Gameplay\\PlayerController.cs"},"lines":[145],"breakpoints":[{"line":145}],"sourceModified":false},"type":"request","seq":3}
--> R (setBreakpoints-3): {"type":"response","request_seq":3,"success":true,"command":"setBreakpoints","body":{"breakpoints":[{"id":1,"verified":true,"source":{"path":"C:\\Users\\Cex\\Documents\\Github\\MeatSlice\\Assets\\Scripts\\Gameplay\\PlayerController.cs","sources":[],"checksums":[]},"line":145,"column":9,"endLine":145,"endColumn":65,"BoundBreakpoints":[]}]},"seq":215}
--> E (breakpoint): {"type":"event","event":"breakpoint","body":{"reason":"changed","breakpoint":{"id":1,"verified":true,"source":{"path":"C:\\Users\\Cex\\Documents\\Github\\MeatSlice\\Assets\\Scripts\\Gameplay\\PlayerController.cs","sources":[],"checksums":[]},"line":145,"column":9,"endLine":145,"endColumn":65,"BoundBreakpoints":[]}},"seq":216}
<--   C (threads-4): {"command":"threads","type":"request","seq":4}
--> R (threads-4): {"type":"response","request_seq":4,"success":true,"command":"threads","body":{"threads":[{"id":855215680,"name":"Thread #855215680"},{"id":908404816,"name":"Thread #908404816"},{"id":908404512,"name":"Thread #908404512"},{"id":907893120,"name":"Thread #907893120"},{"id":918681072,"name":"Thread #918681072"},{"id":908405424,"name":"Timer-Scheduler"},{"id":918681376,"name":"Thread #918681376"},{"id":855213856,"name":"Thread Pool I/O Selector"},{"id":907892816,"name":"Thread #907892816"},{"id":88452672,"name":"Thread #88452672"},{"id":88451760,"name":"Thread #88451760"}]},"seq":217}
<--   C (setFunctionBreakpoints-5): {"command":"setFunctionBreakpoints","arguments":{"breakpoints":[]},"type":"request","seq":5}
--> R (setFunctionBreakpoints-5): {"type":"response","request_seq":5,"success":true,"command":"setFunctionBreakpoints","body":{"breakpoints":[]},"seq":218}
<--   C (setExceptionBreakpoints-6): {"command":"setExceptionBreakpoints","arguments":{"filters":[],"filterOptions":[]},"type":"request","seq":6}
--> R (setExceptionBreakpoints-6): {"type":"response","request_seq":6,"success":true,"command":"setExceptionBreakpoints","body":{"breakpoints":[]},"seq":219}
<--   C (threads-7): {"command":"threads","type":"request","seq":7}
--> R (threads-7): {"type":"response","request_seq":7,"success":true,"command":"threads","body":{"threads":[{"id":855215680,"name":"Thread #855215680"},{"id":908404816,"name":"Thread #908404816"},{"id":908404512,"name":"Thread #908404512"},{"id":907893120,"name":"Thread #907893120"},{"id":918681072,"name":"Thread #918681072"},{"id":908405424,"name":"Timer-Scheduler"},{"id":918681376,"name":"Thread #918681376"},{"id":855213856,"name":"Thread Pool I/O Selector"},{"id":907892816,"name":"Thread #907892816"},{"id":88452672,"name":"Thread #88452672"},{"id":88451760,"name":"Thread #88451760"}]},"seq":220}
--> E (thread): {"type":"event","event":"thread","body":{"reason":"exited","threadId":908404816},"seq":221}
--> E (thread): {"type":"event","event":"thread","body":{"reason":"started","threadId":908404208},"seq":222}
--> E (thread): {"type":"event","event":"thread","body":{"reason":"started","threadId":908403904},"seq":223}
--> E (thread): {"type":"event","event":"thread","body":{"reason":"started","threadId":908403296},"seq":224}
--> E (thread): {"type":"event","event":"thread","body":{"reason":"started","threadId":908403600},"seq":225}
--> E (thread): {"type":"event","event":"thread","body":{"reason":"exited","threadId":908405424},"seq":226}
<--   C (threads-8): {"command":"threads","type":"request","seq":8}
--> R (threads-8): {"type":"response","request_seq":8,"success":true,"command":"threads","body":{"threads":[{"id":855215680,"name":"Thread #855215680"},{"id":908404512,"name":"Thread #908404512"},{"id":908404208,"name":"Thread #908404208"},{"id":908403600,"name":"Thread Pool Worker"},{"id":908403904,"name":"Thread Pool Worker"},{"id":907893120,"name":"Thread #907893120"},{"id":918681072,"name":"Thread #918681072"},{"id":918681376,"name":"Thread #918681376"},{"id":855213856,"name":"Thread Pool I/O Selector"},{"id":907892816,"name":"Thread #907892816"},{"id":88452672,"name":"Thread #88452672"},{"id":908403296,"name":"Domain unloader"},{"id":88451760,"name":"Thread #88451760"}]},"seq":227}
--> E (module): {"type":"event","event":"module","body":{"reason":"removed","module":{"id":70,"name":"C:\\Program Files\\Unity\\Hub\\Editor\\2022.3.62f1\\Editor\\Data\\Managed\\UnityEngine\\UnityEngine.XRModule.dll"}},"seq":228}
--> E (module): {"type":"event","event":"module","body":{"reason":"removed","module":{"id":63,"name":"C:\\Program Files\\Unity\\Hub\\Editor\\2022.3.62f1\\Editor\\Data\\Managed\\UnityEngine\\UnityEngine.UnityWebRequestWWWModule.dll"}},"seq":229}
--> E (module): {"type":"event","event":"module","body":{"reason":"removed","module":{"id":97,"name":"C:\\Program Files\\Unity\\Hub\\Editor\\2022.3.62f1\\Editor\\Data\\PlaybackEngines\\AndroidPlayer\\UnityEditor.Android.Extensions.dll"}},"seq":230}
--> E (module): {"type":"event","event":"module","body":{"reason":"removed","module":{"id":116,"name":"C:\\Users\\Cex\\Documents\\Github\\MeatSlice\\Library\\ScriptAssemblies\\Unity.TextMeshPro.dll"}},"seq":231}
--> E (module): {"type":"event","event":"module","body":{"reason":"removed","module":{"id":25,"name":"C:\\Program Files\\Unity\\Hub\\Editor\\2022.3.62f1\\Editor\\Data\\Managed\\UnityEngine\\UnityEngine.InputModule.dll"}},"seq":232}
--> E (module): {"type":"event","event":"module","body":{"reason":"removed","module":{"id":26,"name":"C:\\Program Files\\Unity\\Hub\\Editor\\2022.3.62f1\\Editor\\Data\\Managed\\UnityEngine\\UnityEngine.InputLegacyModule.dll"}},"seq":233}
--> E (module): {"type":"event","event":"module","body":{"reason":"removed","module":{"id":53,"name":"C:\\Program Files\\Unity\\Hub\\Editor\\2022.3.62f1\\Editor\\Data\\Managed\\UnityEngine\\UnityEngine.UmbraModule.dll"}},"seq":234}
--> E (module): {"type":"event","event":"module","body":{"reason":"removed","module":{"id":120,"name":"C:\\Users\\Cex\\Documents\\Github\\MeatSlice\\Library\\ScriptAssemblies\\Unity.Rider.Editor.dll"}},"seq":235}
--> E (module): {"type":"event","event":"module","body":{"reason":"removed","module":{"id":105,"name":"C:\\Users\\Cex\\Documents\\Github\\MeatSlice\\Library\\ScriptAssemblies\\Unity.TestTools.CodeCoverage.Editor.OpenCover.Mono.Reflection.dll"}},"seq":236}
--> E (module): {"type":"event","event":"module","body":{"reason":"removed","module":{"id":78,"name":"C:\\Program Files\\Unity\\Hub\\Editor\\2022.3.62f1\\Editor\\Data\\Managed\\UnityEngine\\UnityEditor.QuickSearchModule.dll"}},"seq":237}
--> E (module): {"type":"event","event":"module","body":{"reason":"removed","module":{"id":106,"name":"C:\\Users\\Cex\\Documents\\Github\\MeatSlice\\Library\\ScriptAssemblies\\Unity.EditorCoroutines.Editor.dll"}},"seq":238}
--> E (module): {"type":"event","event":"module","body":{"reason":"removed","module":{"id":87,"name":"C:\\Program Files\\Unity\\Hub\\Editor\\2022.3.62f1\\Editor\\Data\\MonoBleedingEdge\\lib\\mono\\unityjit-win32\\Facades\\netstandard.dll"}},"seq":239}
--> E (module): {"type":"event","event":"module","body":{"reason":"removed","module":{"id":57,"name":"C:\\Program Files\\Unity\\Hub\\Editor\\2022.3.62f1\\Editor\\Data\\Managed\\UnityEngine\\UnityEngine.UnityCurlModule.dll"}},"seq":240}
--> E (module): {"type":"event","event":"module","body":{"reason":"removed","module":{"id":86,"name":"C:\\Program Files\\Unity\\Hub\\Editor\\2022.3.62f1\\Editor\\Data\\Managed\\UnityEngine\\UnityEditor.UnityConnectModule.dll"}},"seq":241}
--> E (module): {"type":"event","event":"module","body":{"reason":"removed","module":{"id":67,"name":"C:\\Program Files\\Unity\\Hub\\Editor\\2022.3.62f1\\Editor\\Data\\Managed\\UnityEngine\\UnityEngine.VideoModule.dll"}},"seq":242}
--> E (module): {"type":"event","event":"module","body":{"reason":"removed","module":{"id":127,"name":"C:\\Users\\Cex\\Documents\\Github\\MeatSlice\\Library\\PackageCache\\com.unity.ide.rider@3.0.36\\Rider\\Editor\\JetBrains.Rider.PathLocator.dll"}},"seq":243}
--> E (module): {"type":"event","event":"module","body":{"reason":"removed","module":{"id":41,"name":"C:\\Program Files\\Unity\\Hub\\Editor\\2022.3.62f1\\Editor\\Data\\Managed\\UnityEngine\\UnityEngine.StreamingModule.dll"}},"seq":244}
--> E (module): {"type":"event","event":"module","body":{"reason":"removed","module":{"id":89,"name":"C:\\Program Files\\Unity\\Hub\\Editor\\2022.3.62f1\\Editor\\Data\\MonoBleedingEdge\\lib\\mono\\unityjit-win32\\Mono.Security.dll"}},"seq":245}
--> E (module): {"type":"event","event":"module","body":{"reason":"removed","module":{"id":64,"name":"C:\\Program Files\\Unity\\Hub\\Editor\\2022.3.62f1\\Editor\\Data\\Managed\\UnityEngine\\UnityEngine.VFXModule.dll"}},"seq":246}
--> E (module): {"type":"event","event":"module","body":{"reason":"removed","module":{"id":104,"name":"C:\\Users\\Cex\\Documents\\Github\\MeatSlice\\Library\\ScriptAssemblies\\Unity.Timeline.dll"}},"seq":247}
--> E (module): {"type":"event","event":"module","body":{"reason":"removed","module":{"id":22,"name":"C:\\Program Files\\Unity\\Hub\\Editor\\2022.3.62f1\\Editor\\Data\\Managed\\UnityEngine\\UnityEngine.HotReloadModule.dll"}},"seq":248}
--> E (module): {"type":"event","event":"module","body":{"reason":"removed","module":{"id":61,"name":"C:\\Program Files\\Unity\\Hub\\Editor\\2022.3.62f1\\Editor\\Data\\Managed\\UnityEngine\\UnityEngine.UnityWebRequestAudioModule.dll"}},"seq":249}
--> E (module): {"type":"event","event":"module","body":{"reason":"removed","module":{"id":119,"name":"C:\\Users\\Cex\\Documents\\Github\\MeatSlice\\Library\\ScriptAssemblies\\Unity.AI.Navigation.Editor.dll"}},"seq":250}
--> E (module): {"type":"event","event":"module","body":{"reason":"removed","module":{"id":82,"name":"C:\\Program Files\\Unity\\Hub\\Editor\\2022.3.62f1\\Editor\\Data\\Managed\\UnityEngine\\UnityEditor.TextCoreTextEngineModule.dll"}},"seq":251}
--> E (module): {"type":"event","event":"module","body":{"reason":"removed","module":{"id":43,"name":"C:\\Program Files\\Unity\\Hub\\Editor\\2022.3.62f1\\Editor\\Data\\Managed\\UnityEngine\\UnityEngine.SubsystemsModule.dll"}},"seq":252}
--> E (module): {"type":"event","event":"module","body":{"reason":"removed","module":{"id":115,"name":"C:\\Users\\Cex\\Documents\\Github\\MeatSlice\\Library\\ScriptAssemblies\\Unity.VisualStudio.Editor.dll"}},"seq":253}
--> E (module): {"type":"event","event":"module","body":{"reason":"removed","module":{"id":17,"name":"C:\\Program Files\\Unity\\Hub\\Editor\\2022.3.62f1\\Editor\\Data\\Managed\\UnityEngine\\UnityEngine.DSPGraphModule.dll"}},"seq":254}
--> E (module): {"type":"event","event":"module","body":{"reason":"removed","module":{"id":85,"name":"C:\\Program Files\\Unity\\Hub\\Editor\\2022.3.62f1\\Editor\\Data\\Managed\\UnityEngine\\UnityEditor.UIElementsSamplesModule.dll"}},"seq":255}
--> E (module): {"type":"event","event":"module","body":{"reason":"removed","module":{"id":94,"name":"C:\\Program Files\\Unity\\Hub\\Editor\\2022.3.62f1\\Editor\\Data\\Managed\\Bee.BinLog.dll"}},"seq":256}
--> E (module): {"type":"event","event":"module","body":{"reason":"removed","module":{"id":68,"name":"C:\\Program Files\\Unity\\Hub\\Editor\\2022.3.62f1\\Editor\\Data\\Managed\\UnityEngine\\UnityEngine.VirtualTexturingModule.dll"}},"seq":257}
--> E (module): {"type":"event","event":"module","body":{"reason":"removed","module":{"id":111,"name":"C:\\Users\\Cex\\Documents\\Github\\MeatSlice\\Library\\ScriptAssemblies\\Unity.AI.Navigation.Updater.dll"}},"seq":258}
--> E (module): {"type":"event","event":"module","body":{"reason":"removed","module":{"id":9,"name":"C:\\Program Files\\Unity\\Hub\\Editor\\2022.3.62f1\\Editor\\Data\\Managed\\UnityEngine\\UnityEngine.AssetBundleModule.dll"}},"seq":259}
--> E (module): {"type":"event","event":"module","body":{"reason":"removed","module":{"id":29,"name":"C:\\Program Files\\Unity\\Hub\\Editor\\2022.3.62f1\\Editor\\Data\\Managed\\UnityEngine\\UnityEngine.NVIDIAModule.dll"}},"seq":260}
--> E (module): {"type":"event","event":"module","body":{"reason":"removed","module":{"id":84,"name":"C:\\Program Files\\Unity\\Hub\\Editor\\2022.3.62f1\\Editor\\Data\\Managed\\UnityEngine\\UnityEditor.UIElementsModule.dll"}},"seq":261}
--> E (module): {"type":"event","event":"module","body":{"reason":"removed","module":{"id":79,"name":"C:\\Program Files\\Unity\\Hub\\Editor\\2022.3.62f1\\Editor\\Data\\Managed\\UnityEngine\\UnityEditor.SceneTemplateModule.dll"}},"seq":262}
--> E (module): {"type":"event","event":"module","body":{"reason":"removed","module":{"id":46,"name":"C:\\Program Files\\Unity\\Hub\\Editor\\2022.3.62f1\\Editor\\Data\\Managed\\UnityEngine\\UnityEngine.TerrainPhysicsModule.dll"}},"seq":263}
--> E (module): {"type":"event","event":"module","body":{"reason":"removed","module":{"id":31,"name":"C:\\Program Files\\Unity\\Hub\\Editor\\2022.3.62f1\\Editor\\Data\\Managed\\UnityEngine\\UnityEngine.PerformanceReportingModule.dll"}},"seq":264}
--> E (module): {"type":"event","event":"module","body":{"reason":"removed","module":{"id":59,"name":"C:\\Program Files\\Unity\\Hub\\Editor\\2022.3.62f1\\Editor\\Data\\Managed\\UnityEngine\\UnityEngine.UnityWebRequestModule.dll"}},"seq":265}
--> E (module): {"type":"event","event":"module","body":{"reason":"removed","module":{"id":4,"name":"C:\\Program Files\\Unity\\Hub\\Editor\\2022.3.62f1\\Editor\\Data\\Managed\\UnityEngine\\UnityEngine.AIModule.dll"}},"seq":266}
--> E (module): {"type":"event","event":"module","body":{"reason":"removed","module":{"id":33,"name":"C:\\Program Files\\Unity\\Hub\\Editor\\2022.3.62f1\\Editor\\Data\\Managed\\UnityEngine\\UnityEngine.Physics2DModule.dll"}},"seq":267}
--> E (module): {"type":"event","event":"module","body":{"reason":"removed","module":{"id":27,"name":"C:\\Program Files\\Unity\\Hub\\Editor\\2022.3.62f1\\Editor\\Data\\Managed\\UnityEngine\\UnityEngine.JSONSerializeModule.dll"}},"seq":268}
--> E (module): {"type":"event","event":"module","body":{"reason":"removed","module":{"id":91,"name":"C:\\Program Files\\Unity\\Hub\\Editor\\2022.3.62f1\\Editor\\Data\\MonoBleedingEdge\\lib\\mono\\unityjit-win32\\System.Xml.dll"}},"seq":269}
--> E (module): {"type":"event","event":"module","body":{"reason":"removed","module":{"id":39,"name":"C:\\Program Files\\Unity\\Hub\\Editor\\2022.3.62f1\\Editor\\Data\\Managed\\UnityEngine\\UnityEngine.SpriteMaskModule.dll"}},"seq":270}
--> E (module): {"type":"event","event":"module","body":{"reason":"removed","module":{"id":54,"name":"C:\\Program Files\\Unity\\Hub\\Editor\\2022.3.62f1\\Editor\\Data\\Managed\\UnityEngine\\UnityEngine.UnityAnalyticsModule.dll"}},"seq":271}
--> E (module): {"type":"event","event":"module","body":{"reason":"removed","module":{"id":35,"name":"C:\\Program Files\\Unity\\Hub\\Editor\\2022.3.62f1\\Editor\\Data\\Managed\\UnityEngine\\UnityEngine.PropertiesModule.dll"}},"seq":272}
--> E (module): {"type":"event","event":"module","body":{"reason":"removed","module":{"id":96,"name":"C:\\Program Files\\Unity\\Hub\\Editor\\2022.3.62f1\\Editor\\Data\\PlaybackEngines\\WebGLSupport\\UnityEditor.WebGL.Extensions.dll"}},"seq":273}
--> E (module): {"type":"event","event":"module","body":{"reason":"removed","module":{"id":83,"name":"C:\\Program Files\\Unity\\Hub\\Editor\\2022.3.62f1\\Editor\\Data\\Managed\\UnityEngine\\UnityEditor.UIBuilderModule.dll"}},"seq":274}
--> E (module): {"type":"event","event":"module","body":{"reason":"removed","module":{"id":117,"name":"C:\\Users\\Cex\\Documents\\Github\\MeatSlice\\Library\\ScriptAssemblies\\UnityEditor.UI.dll"}},"seq":275}
--> E (module): {"type":"event","event":"module","body":{"reason":"removed","module":{"id":101,"name":"C:\\Program Files\\Unity\\Hub\\Editor\\2022.3.62f1\\Editor\\Data\\PlaybackEngines\\AndroidPlayer\\Unity.Android.GradleProject.dll"}},"seq":276}
--> E (module): {"type":"event","event":"module","body":{"reason":"removed","module":{"id":58,"name":"C:\\Program Files\\Unity\\Hub\\Editor\\2022.3.62f1\\Editor\\Data\\Managed\\UnityEngine\\UnityEngine.UnityTestProtocolModule.dll"}},"seq":277}
--> E (module): {"type":"event","event":"module","body":{"reason":"removed","module":{"id":110,"name":"C:\\Users\\Cex\\Documents\\Github\\MeatSlice\\Library\\ScriptAssemblies\\Unity.AI.Navigation.dll"}},"seq":278}
--> E (module): {"type":"event","event":"module","body":{"reason":"removed","module":{"id":56,"name":"C:\\Program Files\\Unity\\Hub\\Editor\\2022.3.62f1\\Editor\\Data\\Managed\\UnityEngine\\UnityEngine.UnityConnectModule.dll"}},"seq":279}
--> E (module): {"type":"event","event":"module","body":{"reason":"removed","module":{"id":73,"name":"C:\\Program Files\\Unity\\Hub\\Editor\\2022.3.62f1\\Editor\\Data\\Managed\\UnityEngine\\UnityEditor.DeviceSimulatorModule.dll"}},"seq":280}
--> E (module): {"type":"event","event":"module","body":{"reason":"removed","module":{"id":108,"name":"C:\\Users\\Cex\\Documents\\Github\\MeatSlice\\Library\\ScriptAssemblies\\Unity.TestTools.CodeCoverage.Editor.dll"}},"seq":281}
--> E (module): {"type":"event","event":"module","body":{"reason":"removed","module":{"id":69,"name":"C:\\Program Files\\Unity\\Hub\\Editor\\2022.3.62f1\\Editor\\Data\\Managed\\UnityEngine\\UnityEngine.WindModule.dll"}},"seq":282}
--> E (module): {"type":"event","event":"module","body":{"reason":"removed","module":{"id":16,"name":"C:\\Program Files\\Unity\\Hub\\Editor\\2022.3.62f1\\Editor\\Data\\Managed\\UnityEngine\\UnityEngine.CrashReportingModule.dll"}},"seq":283}
--> E (module): {"type":"event","event":"module","body":{"reason":"removed","module":{"id":42,"name":"C:\\Program Files\\Unity\\Hub\\Editor\\2022.3.62f1\\Editor\\Data\\Managed\\UnityEngine\\UnityEngine.SubstanceModule.dll"}},"seq":284}
--> E (module): {"type":"event","event":"module","body":{"reason":"removed","module":{"id":28,"name":"C:\\Program Files\\Unity\\Hub\\Editor\\2022.3.62f1\\Editor\\Data\\Managed\\UnityEngine\\UnityEngine.LocalizationModule.dll"}},"seq":285}
--> E (module): {"type":"event","event":"module","body":{"reason":"removed","module":{"id":99,"name":"C:\\Program Files\\Unity\\Hub\\Editor\\2022.3.62f1\\Editor\\Data\\PlaybackEngines\\AndroidPlayer\\Unity.Android.Types.dll"}},"seq":286}
--> E (module): {"type":"event","event":"module","body":{"reason":"removed","module":{"id":125,"name":"C:\\Users\\Cex\\Documents\\Github\\MeatSlice\\Library\\PackageCache\\com.unity.ext.nunit@1.0.6\\net35\\unity-custom\\nunit.framework.dll"}},"seq":287}
--> E (module): {"type":"event","event":"module","body":{"reason":"removed","module":{"id":10,"name":"C:\\Program Files\\Unity\\Hub\\Editor\\2022.3.62f1\\Editor\\Data\\Managed\\UnityEngine\\UnityEngine.AudioModule.dll"}},"seq":288}
--> E (module): {"type":"event","event":"module","body":{"reason":"removed","module":{"id":107,"name":"C:\\Users\\Cex\\Documents\\Github\\MeatSlice\\Library\\ScriptAssemblies\\Unity.Performance.Profile-Analyzer.Editor.dll"}},"seq":289}
--> E (module): {"type":"event","event":"module","body":{"reason":"removed","module":{"id":2,"name":"C:\\Program Files\\Unity\\Hub\\Editor\\2022.3.62f1\\Editor\\Data\\MonoBleedingEdge\\lib\\mono\\unityjit-win32\\mscorlib.dll"}},"seq":290}
--> E (module): {"type":"event","event":"module","body":{"reason":"removed","module":{"id":19,"name":"C:\\Program Files\\Unity\\Hub\\Editor\\2022.3.62f1\\Editor\\Data\\Managed\\UnityEngine\\UnityEngine.GIModule.dll"}},"seq":291}
--> E (module): {"type":"event","event":"module","body":{"reason":"removed","module":{"id":32,"name":"C:\\Program Files\\Unity\\Hub\\Editor\\2022.3.62f1\\Editor\\Data\\Managed\\UnityEngine\\UnityEngine.PhysicsModule.dll"}},"seq":292}
--> E (module): {"type":"event","event":"module","body":{"reason":"removed","module":{"id":113,"name":"C:\\Users\\Cex\\Documents\\Github\\MeatSlice\\Library\\ScriptAssemblies\\Unity.Timeline.Editor.dll"}},"seq":293}
--> E (module): {"type":"event","event":"module","body":{"reason":"removed","module":{"id":72,"name":"C:\\Program Files\\Unity\\Hub\\Editor\\2022.3.62f1\\Editor\\Data\\Managed\\UnityEngine\\UnityEditor.CoreModule.dll"}},"seq":294}
--> E (module): {"type":"event","event":"module","body":{"reason":"removed","module":{"id":23,"name":"C:\\Program Files\\Unity\\Hub\\Editor\\2022.3.62f1\\Editor\\Data\\Managed\\UnityEngine\\UnityEngine.IMGUIModule.dll"}},"seq":295}
--> E (module): {"type":"event","event":"module","body":{"reason":"removed","module":{"id":47,"name":"C:\\Program Files\\Unity\\Hub\\Editor\\2022.3.62f1\\Editor\\Data\\Managed\\UnityEngine\\UnityEngine.TextCoreFontEngineModule.dll"}},"seq":296}
--> E (module): {"type":"event","event":"module","body":{"reason":"removed","module":{"id":103,"name":"C:\\Users\\Cex\\Documents\\Github\\MeatSlice\\Library\\ScriptAssemblies\\Assembly-CSharp-Editor.dll"}},"seq":297}
--> E (module): {"type":"event","event":"module","body":{"reason":"removed","module":{"id":24,"name":"C:\\Program Files\\Unity\\Hub\\Editor\\2022.3.62f1\\Editor\\Data\\Managed\\UnityEngine\\UnityEngine.ImageConversionModule.dll"}},"seq":298}
--> E (module): {"type":"event","event":"module","body":{"reason":"removed","module":{"id":128,"name":"C:\\Program Files\\Unity\\Hub\\Editor\\2022.3.62f1\\Editor\\Data\\MonoBleedingEdge\\lib\\mono\\unityjit-win32\\System.Xml.Linq.dll"}},"seq":299}
--> E (module): {"type":"event","event":"module","body":{"reason":"removed","module":{"id":88,"name":"C:\\Program Files\\Unity\\Hub\\Editor\\2022.3.62f1\\Editor\\Data\\MonoBleedingEdge\\lib\\mono\\unityjit-win32\\System.dll"}},"seq":300}
--> E (module): {"type":"event","event":"module","body":{"reason":"removed","module":{"id":60,"name":"C:\\Program Files\\Unity\\Hub\\Editor\\2022.3.62f1\\Editor\\Data\\Managed\\UnityEngine\\UnityEngine.UnityWebRequestAssetBundleModule.dll"}},"seq":301}
--> E (module): {"type":"event","event":"module","body":{"reason":"removed","module":{"id":122,"name":"C:\\Users\\Cex\\Documents\\Github\\MeatSlice\\Library\\ScriptAssemblies\\Unity.VSCode.Editor.dll"}},"seq":302}
--> E (module): {"type":"event","event":"module","body":{"reason":"removed","module":{"id":50,"name":"C:\\Program Files\\Unity\\Hub\\Editor\\2022.3.62f1\\Editor\\Data\\Managed\\UnityEngine\\UnityEngine.TilemapModule.dll"}},"seq":303}
--> E (module): {"type":"event","event":"module","body":{"reason":"removed","module":{"id":76,"name":"C:\\Program Files\\Unity\\Hub\\Editor\\2022.3.62f1\\Editor\\Data\\Managed\\UnityEngine\\UnityEditor.GraphViewModule.dll"}},"seq":304}
--> E (module): {"type":"event","event":"module","body":{"reason":"removed","module":{"id":98,"name":"C:\\Program Files\\Unity\\Hub\\Editor\\2022.3.62f1\\Editor\\Data\\PlaybackEngines\\WindowsStandaloneSupport\\UnityEditor.WindowsStandalone.Extensions.dll"}},"seq":305}
--> E (module): {"type":"event","event":"module","body":{"reason":"removed","module":{"id":30,"name":"C:\\Program Files\\Unity\\Hub\\Editor\\2022.3.62f1\\Editor\\Data\\Managed\\UnityEngine\\UnityEngine.ParticleSystemModule.dll"}},"seq":306}
--> E (module): {"type":"event","event":"module","body":{"reason":"removed","module":{"id":92,"name":"C:\\Program Files\\Unity\\Hub\\Editor\\2022.3.62f1\\Editor\\Data\\MonoBleedingEdge\\lib\\mono\\unityjit-win32\\System.Core.dll"}},"seq":307}
--> E (module): {"type":"event","event":"module","body":{"reason":"removed","module":{"id":21,"name":"C:\\Program Files\\Unity\\Hub\\Editor\\2022.3.62f1\\Editor\\Data\\Managed\\UnityEngine\\UnityEngine.GridModule.dll"}},"seq":308}
--> E (module): {"type":"event","event":"module","body":{"reason":"removed","module":{"id":112,"name":"C:\\Users\\Cex\\Documents\\Github\\MeatSlice\\Library\\ScriptAssemblies\\UnityEngine.TestRunner.dll"}},"seq":309}
--> E (module): {"type":"event","event":"module","body":{"reason":"removed","module":{"id":8,"name":"C:\\Program Files\\Unity\\Hub\\Editor\\2022.3.62f1\\Editor\\Data\\Managed\\UnityEngine\\UnityEngine.AnimationModule.dll"}},"seq":310}
--> E (module): {"type":"event","event":"module","body":{"reason":"removed","module":{"id":55,"name":"C:\\Program Files\\Unity\\Hub\\Editor\\2022.3.62f1\\Editor\\Data\\Managed\\UnityEngine\\UnityEngine.UnityAnalyticsCommonModule.dll"}},"seq":311}
--> E (module): {"type":"event","event":"module","body":{"reason":"removed","module":{"id":118,"name":"C:\\Users\\Cex\\Documents\\Github\\MeatSlice\\Library\\ScriptAssemblies\\Unity.TextMeshPro.Editor.dll"}},"seq":312}
--> E (module): {"type":"event","event":"module","body":{"reason":"removed","module":{"id":7,"name":"C:\\Program Files\\Unity\\Hub\\Editor\\2022.3.62f1\\Editor\\Data\\Managed\\UnityEngine\\UnityEngine.AndroidJNIModule.dll"}},"seq":313}
--> E (module): {"type":"event","event":"module","body":{"reason":"removed","module":{"id":71,"name":"C:\\Program Files\\Unity\\Hub\\Editor\\2022.3.62f1\\Editor\\Data\\Managed\\UnityEngine\\UnityEditor.dll"}},"seq":314}
--> E (module): {"type":"event","event":"module","body":{"reason":"removed","module":{"id":75,"name":"C:\\Program Files\\Unity\\Hub\\Editor\\2022.3.62f1\\Editor\\Data\\Managed\\UnityEngine\\UnityEditor.EditorToolbarModule.dll"}},"seq":315}
--> E (module): {"type":"event","event":"module","body":{"reason":"removed","module":{"id":49,"name":"C:\\Program Files\\Unity\\Hub\\Editor\\2022.3.62f1\\Editor\\Data\\Managed\\UnityEngine\\UnityEngine.TextRenderingModule.dll"}},"seq":316}
--> E (module): {"type":"event","event":"module","body":{"reason":"removed","module":{"id":48,"name":"C:\\Program Files\\Unity\\Hub\\Editor\\2022.3.62f1\\Editor\\Data\\Managed\\UnityEngine\\UnityEngine.TextCoreTextEngineModule.dll"}},"seq":317}
--> E (module): {"type":"event","event":"module","body":{"reason":"removed","module":{"id":129,"name":"C:\\Program Files\\Unity\\Hub\\Editor\\2022.3.62f1\\Editor\\Data\\MonoBleedingEdge\\lib\\mono\\unityjit-win32\\System.Net.Http.dll"}},"seq":318}
--> E (module): {"type":"event","event":"module","body":{"reason":"removed","module":{"id":15,"name":"C:\\Program Files\\Unity\\Hub\\Editor\\2022.3.62f1\\Editor\\Data\\Managed\\UnityEngine\\UnityEngine.CoreModule.dll"}},"seq":319}
--> E (module): {"type":"event","event":"module","body":{"reason":"removed","module":{"id":124,"name":"C:\\Users\\Cex\\Documents\\Github\\MeatSlice\\Library\\ScriptAssemblies\\UnityEditor.TestRunner.dll"}},"seq":320}
--> E (module): {"type":"event","event":"module","body":{"reason":"removed","module":{"id":38,"name":"C:\\Program Files\\Unity\\Hub\\Editor\\2022.3.62f1\\Editor\\Data\\Managed\\UnityEngine\\UnityEngine.SharedInternalsModule.dll"}},"seq":321}
--> E (module): {"type":"event","event":"module","body":{"reason":"removed","module":{"id":123,"name":"C:\\Users\\Cex\\Documents\\Github\\MeatSlice\\Library\\ScriptAssemblies\\UnityEngine.UI.dll"}},"seq":322}
--> E (module): {"type":"event","event":"module","body":{"reason":"removed","module":{"id":93,"name":"C:\\Program Files\\Unity\\Hub\\Editor\\2022.3.62f1\\Editor\\Data\\Managed\\Bee.BeeDriver2.dll"}},"seq":323}
--> E (module): {"type":"event","event":"module","body":{"reason":"removed","module":{"id":36,"name":"C:\\Program Files\\Unity\\Hub\\Editor\\2022.3.62f1\\Editor\\Data\\Managed\\UnityEngine\\UnityEngine.RuntimeInitializeOnLoadManagerInitializerModule.dll"}},"seq":324}
--> E (module): {"type":"event","event":"module","body":{"reason":"removed","module":{"id":45,"name":"C:\\Program Files\\Unity\\Hub\\Editor\\2022.3.62f1\\Editor\\Data\\Managed\\UnityEngine\\UnityEngine.TerrainModule.dll"}},"seq":325}
--> E (module): {"type":"event","event":"module","body":{"reason":"removed","module":{"id":102,"name":"C:\\Users\\Cex\\Documents\\Github\\MeatSlice\\Library\\ScriptAssemblies\\Assembly-CSharp.dll"}},"seq":326}
--> E (module): {"type":"event","event":"module","body":{"reason":"removed","module":{"id":3,"name":"C:\\Program Files\\Unity\\Hub\\Editor\\2022.3.62f1\\Editor\\Data\\Managed\\UnityEngine\\UnityEngine.dll"}},"seq":327}
--> E (module): {"type":"event","event":"module","body":{"reason":"removed","module":{"id":14,"name":"C:\\Program Files\\Unity\\Hub\\Editor\\2022.3.62f1\\Editor\\Data\\Managed\\UnityEngine\\UnityEngine.ContentLoadModule.dll"}},"seq":328}
--> E (module): {"type":"event","event":"module","body":{"reason":"removed","module":{"id":40,"name":"C:\\Program Files\\Unity\\Hub\\Editor\\2022.3.62f1\\Editor\\Data\\Managed\\UnityEngine\\UnityEngine.SpriteShapeModule.dll"}},"seq":329}
--> E (module): {"type":"event","event":"module","body":{"reason":"removed","module":{"id":18,"name":"C:\\Program Files\\Unity\\Hub\\Editor\\2022.3.62f1\\Editor\\Data\\Managed\\UnityEngine\\UnityEngine.DirectorModule.dll"}},"seq":330}
--> E (module): {"type":"event","event":"module","body":{"reason":"removed","module":{"id":13,"name":"C:\\Program Files\\Unity\\Hub\\Editor\\2022.3.62f1\\Editor\\Data\\Managed\\UnityEngine\\UnityEngine.ClusterRendererModule.dll"}},"seq":331}
--> E (module): {"type":"event","event":"module","body":{"reason":"removed","module":{"id":51,"name":"C:\\Program Files\\Unity\\Hub\\Editor\\2022.3.62f1\\Editor\\Data\\Managed\\UnityEngine\\UnityEngine.UIModule.dll"}},"seq":332}
--> E (module): {"type":"event","event":"module","body":{"reason":"removed","module":{"id":77,"name":"C:\\Program Files\\Unity\\Hub\\Editor\\2022.3.62f1\\Editor\\Data\\Managed\\UnityEngine\\UnityEditor.PresetsUIModule.dll"}},"seq":333}
--> E (module): {"type":"event","event":"module","body":{"reason":"removed","module":{"id":12,"name":"C:\\Program Files\\Unity\\Hub\\Editor\\2022.3.62f1\\Editor\\Data\\Managed\\UnityEngine\\UnityEngine.ClusterInputModule.dll"}},"seq":334}
--> E (module): {"type":"event","event":"module","body":{"reason":"removed","module":{"id":65,"name":"C:\\Program Files\\Unity\\Hub\\Editor\\2022.3.62f1\\Editor\\Data\\Managed\\UnityEngine\\UnityEngine.VRModule.dll"}},"seq":335}
--> E (module): {"type":"event","event":"module","body":{"reason":"removed","module":{"id":44,"name":"C:\\Program Files\\Unity\\Hub\\Editor\\2022.3.62f1\\Editor\\Data\\Managed\\UnityEngine\\UnityEngine.TLSModule.dll"}},"seq":336}
--> E (module): {"type":"event","event":"module","body":{"reason":"removed","module":{"id":130,"name":"C:\\Program Files\\Unity\\Hub\\Editor\\2022.3.62f1\\Editor\\Data\\MonoBleedingEdge\\lib\\mono\\unityjit-win32\\System.Numerics.dll"}},"seq":337}
--> E (module): {"type":"event","event":"module","body":{"reason":"removed","module":{"id":114,"name":"C:\\Users\\Cex\\Documents\\Github\\MeatSlice\\Library\\ScriptAssemblies\\Unity.Settings.Editor.dll"}},"seq":338}
--> E (module): {"type":"event","event":"module","body":{"reason":"removed","module":{"id":62,"name":"C:\\Program Files\\Unity\\Hub\\Editor\\2022.3.62f1\\Editor\\Data\\Managed\\UnityEngine\\UnityEngine.UnityWebRequestTextureModule.dll"}},"seq":339}
--> E (module): {"type":"event","event":"module","body":{"reason":"removed","module":{"id":81,"name":"C:\\Program Files\\Unity\\Hub\\Editor\\2022.3.62f1\\Editor\\Data\\Managed\\UnityEngine\\UnityEditor.TextCoreFontEngineModule.dll"}},"seq":340}
--> E (module): {"type":"event","event":"module","body":{"reason":"removed","module":{"id":11,"name":"C:\\Program Files\\Unity\\Hub\\Editor\\2022.3.62f1\\Editor\\Data\\Managed\\UnityEngine\\UnityEngine.ClothModule.dll"}},"seq":341}
--> E (module): {"type":"event","event":"module","body":{"reason":"removed","module":{"id":100,"name":"C:\\Program Files\\Unity\\Hub\\Editor\\2022.3.62f1\\Editor\\Data\\PlaybackEngines\\AndroidPlayer\\Unity.Android.Gradle.dll"}},"seq":342}
--> E (module): {"type":"event","event":"module","body":{"reason":"removed","module":{"id":126,"name":"C:\\Users\\Cex\\Documents\\Github\\MeatSlice\\Library\\PackageCache\\com.unity.testtools.codecoverage@1.2.6\\lib\\ReportGenerator\\ReportGeneratorMerged.dll"}},"seq":343}
--> E (module): {"type":"event","event":"module","body":{"reason":"removed","module":{"id":34,"name":"C:\\Program Files\\Unity\\Hub\\Editor\\2022.3.62f1\\Editor\\Data\\Managed\\UnityEngine\\UnityEngine.ProfilerModule.dll"}},"seq":344}
--> E (module): {"type":"event","event":"module","body":{"reason":"removed","module":{"id":74,"name":"C:\\Program Files\\Unity\\Hub\\Editor\\2022.3.62f1\\Editor\\Data\\Managed\\UnityEngine\\UnityEditor.DiagnosticsModule.dll"}},"seq":345}
--> E (module): {"type":"event","event":"module","body":{"reason":"removed","module":{"id":66,"name":"C:\\Program Files\\Unity\\Hub\\Editor\\2022.3.62f1\\Editor\\Data\\Managed\\UnityEngine\\UnityEngine.VehiclesModule.dll"}},"seq":346}
--> E (module): {"type":"event","event":"module","body":{"reason":"removed","module":{"id":80,"name":"C:\\Program Files\\Unity\\Hub\\Editor\\2022.3.62f1\\Editor\\Data\\Managed\\UnityEngine\\UnityEditor.SceneViewModule.dll"}},"seq":347}
--> E (module): {"type":"event","event":"module","body":{"reason":"removed","module":{"id":37,"name":"C:\\Program Files\\Unity\\Hub\\Editor\\2022.3.62f1\\Editor\\Data\\Managed\\UnityEngine\\UnityEngine.ScreenCaptureModule.dll"}},"seq":348}
--> E (module): {"type":"event","event":"module","body":{"reason":"removed","module":{"id":109,"name":"C:\\Users\\Cex\\Documents\\Github\\MeatSlice\\Library\\ScriptAssemblies\\Unity.TestTools.CodeCoverage.Editor.OpenCover.Model.dll"}},"seq":349}
--> E (module): {"type":"event","event":"module","body":{"reason":"removed","module":{"id":90,"name":"C:\\Program Files\\Unity\\Hub\\Editor\\2022.3.62f1\\Editor\\Data\\MonoBleedingEdge\\lib\\mono\\unityjit-win32\\System.Configuration.dll"}},"seq":350}
--> E (module): {"type":"event","event":"module","body":{"reason":"removed","module":{"id":5,"name":"C:\\Program Files\\Unity\\Hub\\Editor\\2022.3.62f1\\Editor\\Data\\Managed\\UnityEngine\\UnityEngine.ARModule.dll"}},"seq":351}
--> E (module): {"type":"event","event":"module","body":{"reason":"removed","module":{"id":121,"name":"C:\\Users\\Cex\\Documents\\Github\\MeatSlice\\Library\\ScriptAssemblies\\Unity.AI.Navigation.Editor.ConversionSystem.dll"}},"seq":352}
--> E (module): {"type":"event","event":"module","body":{"reason":"removed","module":{"id":6,"name":"C:\\Program Files\\Unity\\Hub\\Editor\\2022.3.62f1\\Editor\\Data\\Managed\\UnityEngine\\UnityEngine.AccessibilityModule.dll"}},"seq":353}
--> E (module): {"type":"event","event":"module","body":{"reason":"removed","module":{"id":95,"name":"C:\\Program Files\\Unity\\Hub\\Editor\\2022.3.62f1\\Editor\\Data\\Managed\\UnityEditor.Graphs.dll"}},"seq":354}
--> E (module): {"type":"event","event":"module","body":{"reason":"removed","module":{"id":52,"name":"C:\\Program Files\\Unity\\Hub\\Editor\\2022.3.62f1\\Editor\\Data\\Managed\\UnityEngine\\UnityEngine.UIElementsModule.dll"}},"seq":355}
--> E (module): {"type":"event","event":"module","body":{"reason":"removed","module":{"id":20,"name":"C:\\Program Files\\Unity\\Hub\\Editor\\2022.3.62f1\\Editor\\Data\\Managed\\UnityEngine\\UnityEngine.GameCenterModule.dll"}},"seq":356}
--> E (thread): {"type":"event","event":"thread","body":{"reason":"exited","threadId":908403296},"seq":357}
--> E (module): {"type":"event","event":"module","body":{"reason":"new","module":{"id":131,"name":"C:\\Program Files\\Unity\\Hub\\Editor\\2022.3.62f1\\Editor\\Data\\Managed\\UnityEngine\\UnityEngine.dll"}},"seq":358}
--> E (module): {"type":"event","event":"module","body":{"reason":"new","module":{"id":132,"name":"C:\\Program Files\\Unity\\Hub\\Editor\\2022.3.62f1\\Editor\\Data\\Managed\\UnityEngine\\UnityEngine.AIModule.dll"}},"seq":359}
--> E (module): {"type":"event","event":"module","body":{"reason":"new","module":{"id":133,"name":"C:\\Program Files\\Unity\\Hub\\Editor\\2022.3.62f1\\Editor\\Data\\Managed\\UnityEngine\\UnityEngine.ARModule.dll"}},"seq":360}
--> E (module): {"type":"event","event":"module","body":{"reason":"new","module":{"id":134,"name":"C:\\Program Files\\Unity\\Hub\\Editor\\2022.3.62f1\\Editor\\Data\\Managed\\UnityEngine\\UnityEngine.AccessibilityModule.dll"}},"seq":361}
--> E (module): {"type":"event","event":"module","body":{"reason":"new","module":{"id":135,"name":"C:\\Program Files\\Unity\\Hub\\Editor\\2022.3.62f1\\Editor\\Data\\Managed\\UnityEngine\\UnityEngine.AndroidJNIModule.dll"}},"seq":362}
--> E (module): {"type":"event","event":"module","body":{"reason":"new","module":{"id":136,"name":"C:\\Program Files\\Unity\\Hub\\Editor\\2022.3.62f1\\Editor\\Data\\Managed\\UnityEngine\\UnityEngine.AnimationModule.dll"}},"seq":363}
--> E (module): {"type":"event","event":"module","body":{"reason":"new","module":{"id":137,"name":"C:\\Program Files\\Unity\\Hub\\Editor\\2022.3.62f1\\Editor\\Data\\Managed\\UnityEngine\\UnityEngine.AssetBundleModule.dll"}},"seq":364}
--> E (module): {"type":"event","event":"module","body":{"reason":"new","module":{"id":138,"name":"C:\\Program Files\\Unity\\Hub\\Editor\\2022.3.62f1\\Editor\\Data\\Managed\\UnityEngine\\UnityEngine.AudioModule.dll"}},"seq":365}
--> E (module): {"type":"event","event":"module","body":{"reason":"new","module":{"id":139,"name":"C:\\Program Files\\Unity\\Hub\\Editor\\2022.3.62f1\\Editor\\Data\\Managed\\UnityEngine\\UnityEngine.ClothModule.dll"}},"seq":366}
--> E (module): {"type":"event","event":"module","body":{"reason":"new","module":{"id":140,"name":"C:\\Program Files\\Unity\\Hub\\Editor\\2022.3.62f1\\Editor\\Data\\Managed\\UnityEngine\\UnityEngine.ClusterInputModule.dll"}},"seq":367}
--> E (module): {"type":"event","event":"module","body":{"reason":"new","module":{"id":141,"name":"C:\\Program Files\\Unity\\Hub\\Editor\\2022.3.62f1\\Editor\\Data\\Managed\\UnityEngine\\UnityEngine.ClusterRendererModule.dll"}},"seq":368}
--> E (module): {"type":"event","event":"module","body":{"reason":"new","module":{"id":142,"name":"C:\\Program Files\\Unity\\Hub\\Editor\\2022.3.62f1\\Editor\\Data\\Managed\\UnityEngine\\UnityEngine.ContentLoadModule.dll"}},"seq":369}
--> E (module): {"type":"event","event":"module","body":{"reason":"new","module":{"id":143,"name":"C:\\Program Files\\Unity\\Hub\\Editor\\2022.3.62f1\\Editor\\Data\\Managed\\UnityEngine\\UnityEngine.CoreModule.dll"}},"seq":370}
--> E (module): {"type":"event","event":"module","body":{"reason":"new","module":{"id":144,"name":"C:\\Program Files\\Unity\\Hub\\Editor\\2022.3.62f1\\Editor\\Data\\Managed\\UnityEngine\\UnityEngine.CrashReportingModule.dll"}},"seq":371}
--> E (module): {"type":"event","event":"module","body":{"reason":"new","module":{"id":145,"name":"C:\\Program Files\\Unity\\Hub\\Editor\\2022.3.62f1\\Editor\\Data\\Managed\\UnityEngine\\UnityEngine.DSPGraphModule.dll"}},"seq":372}
--> E (module): {"type":"event","event":"module","body":{"reason":"new","module":{"id":146,"name":"C:\\Program Files\\Unity\\Hub\\Editor\\2022.3.62f1\\Editor\\Data\\Managed\\UnityEngine\\UnityEngine.DirectorModule.dll"}},"seq":373}
--> E (module): {"type":"event","event":"module","body":{"reason":"new","module":{"id":147,"name":"C:\\Program Files\\Unity\\Hub\\Editor\\2022.3.62f1\\Editor\\Data\\Managed\\UnityEngine\\UnityEngine.GIModule.dll"}},"seq":374}
--> E (module): {"type":"event","event":"module","body":{"reason":"new","module":{"id":148,"name":"C:\\Program Files\\Unity\\Hub\\Editor\\2022.3.62f1\\Editor\\Data\\Managed\\UnityEngine\\UnityEngine.GameCenterModule.dll"}},"seq":375}
--> E (module): {"type":"event","event":"module","body":{"reason":"new","module":{"id":149,"name":"C:\\Program Files\\Unity\\Hub\\Editor\\2022.3.62f1\\Editor\\Data\\Managed\\UnityEngine\\UnityEngine.GridModule.dll"}},"seq":376}
--> E (module): {"type":"event","event":"module","body":{"reason":"new","module":{"id":150,"name":"C:\\Program Files\\Unity\\Hub\\Editor\\2022.3.62f1\\Editor\\Data\\Managed\\UnityEngine\\UnityEngine.HotReloadModule.dll"}},"seq":377}
--> E (module): {"type":"event","event":"module","body":{"reason":"new","module":{"id":151,"name":"C:\\Program Files\\Unity\\Hub\\Editor\\2022.3.62f1\\Editor\\Data\\Managed\\UnityEngine\\UnityEngine.IMGUIModule.dll"}},"seq":378}
--> E (module): {"type":"event","event":"module","body":{"reason":"new","module":{"id":152,"name":"C:\\Program Files\\Unity\\Hub\\Editor\\2022.3.62f1\\Editor\\Data\\Managed\\UnityEngine\\UnityEngine.ImageConversionModule.dll"}},"seq":379}
--> E (module): {"type":"event","event":"module","body":{"reason":"new","module":{"id":153,"name":"C:\\Program Files\\Unity\\Hub\\Editor\\2022.3.62f1\\Editor\\Data\\Managed\\UnityEngine\\UnityEngine.InputModule.dll"}},"seq":380}
--> E (module): {"type":"event","event":"module","body":{"reason":"new","module":{"id":154,"name":"C:\\Program Files\\Unity\\Hub\\Editor\\2022.3.62f1\\Editor\\Data\\Managed\\UnityEngine\\UnityEngine.InputLegacyModule.dll"}},"seq":381}
--> E (module): {"type":"event","event":"module","body":{"reason":"new","module":{"id":155,"name":"C:\\Program Files\\Unity\\Hub\\Editor\\2022.3.62f1\\Editor\\Data\\Managed\\UnityEngine\\UnityEngine.JSONSerializeModule.dll"}},"seq":382}
--> E (module): {"type":"event","event":"module","body":{"reason":"new","module":{"id":156,"name":"C:\\Program Files\\Unity\\Hub\\Editor\\2022.3.62f1\\Editor\\Data\\Managed\\UnityEngine\\UnityEngine.LocalizationModule.dll"}},"seq":383}
--> E (module): {"type":"event","event":"module","body":{"reason":"new","module":{"id":157,"name":"C:\\Program Files\\Unity\\Hub\\Editor\\2022.3.62f1\\Editor\\Data\\Managed\\UnityEngine\\UnityEngine.NVIDIAModule.dll"}},"seq":384}
--> E (module): {"type":"event","event":"module","body":{"reason":"new","module":{"id":158,"name":"C:\\Program Files\\Unity\\Hub\\Editor\\2022.3.62f1\\Editor\\Data\\Managed\\UnityEngine\\UnityEngine.ParticleSystemModule.dll"}},"seq":385}
--> E (module): {"type":"event","event":"module","body":{"reason":"new","module":{"id":159,"name":"C:\\Program Files\\Unity\\Hub\\Editor\\2022.3.62f1\\Editor\\Data\\Managed\\UnityEngine\\UnityEngine.PerformanceReportingModule.dll"}},"seq":386}
--> E (module): {"type":"event","event":"module","body":{"reason":"new","module":{"id":160,"name":"C:\\Program Files\\Unity\\Hub\\Editor\\2022.3.62f1\\Editor\\Data\\Managed\\UnityEngine\\UnityEngine.PhysicsModule.dll"}},"seq":387}
--> E (module): {"type":"event","event":"module","body":{"reason":"new","module":{"id":161,"name":"C:\\Program Files\\Unity\\Hub\\Editor\\2022.3.62f1\\Editor\\Data\\Managed\\UnityEngine\\UnityEngine.Physics2DModule.dll"}},"seq":388}
--> E (module): {"type":"event","event":"module","body":{"reason":"new","module":{"id":162,"name":"C:\\Program Files\\Unity\\Hub\\Editor\\2022.3.62f1\\Editor\\Data\\Managed\\UnityEngine\\UnityEngine.ProfilerModule.dll"}},"seq":389}
--> E (module): {"type":"event","event":"module","body":{"reason":"new","module":{"id":163,"name":"C:\\Program Files\\Unity\\Hub\\Editor\\2022.3.62f1\\Editor\\Data\\Managed\\UnityEngine\\UnityEngine.PropertiesModule.dll"}},"seq":390}
--> E (module): {"type":"event","event":"module","body":{"reason":"new","module":{"id":164,"name":"C:\\Program Files\\Unity\\Hub\\Editor\\2022.3.62f1\\Editor\\Data\\Managed\\UnityEngine\\UnityEngine.RuntimeInitializeOnLoadManagerInitializerModule.dll"}},"seq":391}
--> E (module): {"type":"event","event":"module","body":{"reason":"new","module":{"id":165,"name":"C:\\Program Files\\Unity\\Hub\\Editor\\2022.3.62f1\\Editor\\Data\\Managed\\UnityEngine\\UnityEngine.ScreenCaptureModule.dll"}},"seq":392}
--> E (module): {"type":"event","event":"module","body":{"reason":"new","module":{"id":166,"name":"C:\\Program Files\\Unity\\Hub\\Editor\\2022.3.62f1\\Editor\\Data\\Managed\\UnityEngine\\UnityEngine.SharedInternalsModule.dll"}},"seq":393}
--> E (module): {"type":"event","event":"module","body":{"reason":"new","module":{"id":167,"name":"C:\\Program Files\\Unity\\Hub\\Editor\\2022.3.62f1\\Editor\\Data\\Managed\\UnityEngine\\UnityEngine.SpriteMaskModule.dll"}},"seq":394}
--> E (module): {"type":"event","event":"module","body":{"reason":"new","module":{"id":168,"name":"C:\\Program Files\\Unity\\Hub\\Editor\\2022.3.62f1\\Editor\\Data\\Managed\\UnityEngine\\UnityEngine.SpriteShapeModule.dll"}},"seq":395}
--> E (module): {"type":"event","event":"module","body":{"reason":"new","module":{"id":169,"name":"C:\\Program Files\\Unity\\Hub\\Editor\\2022.3.62f1\\Editor\\Data\\Managed\\UnityEngine\\UnityEngine.StreamingModule.dll"}},"seq":396}
--> E (module): {"type":"event","event":"module","body":{"reason":"new","module":{"id":170,"name":"C:\\Program Files\\Unity\\Hub\\Editor\\2022.3.62f1\\Editor\\Data\\Managed\\UnityEngine\\UnityEngine.SubstanceModule.dll"}},"seq":397}
--> E (module): {"type":"event","event":"module","body":{"reason":"new","module":{"id":171,"name":"C:\\Program Files\\Unity\\Hub\\Editor\\2022.3.62f1\\Editor\\Data\\Managed\\UnityEngine\\UnityEngine.SubsystemsModule.dll"}},"seq":398}
--> E (module): {"type":"event","event":"module","body":{"reason":"new","module":{"id":172,"name":"C:\\Program Files\\Unity\\Hub\\Editor\\2022.3.62f1\\Editor\\Data\\Managed\\UnityEngine\\UnityEngine.TLSModule.dll"}},"seq":399}
--> E (module): {"type":"event","event":"module","body":{"reason":"new","module":{"id":173,"name":"C:\\Program Files\\Unity\\Hub\\Editor\\2022.3.62f1\\Editor\\Data\\Managed\\UnityEngine\\UnityEngine.TerrainModule.dll"}},"seq":400}
--> E (module): {"type":"event","event":"module","body":{"reason":"new","module":{"id":174,"name":"C:\\Program Files\\Unity\\Hub\\Editor\\2022.3.62f1\\Editor\\Data\\Managed\\UnityEngine\\UnityEngine.TerrainPhysicsModule.dll"}},"seq":401}
--> E (module): {"type":"event","event":"module","body":{"reason":"new","module":{"id":175,"name":"C:\\Program Files\\Unity\\Hub\\Editor\\2022.3.62f1\\Editor\\Data\\Managed\\UnityEngine\\UnityEngine.TextCoreFontEngineModule.dll"}},"seq":402}
--> E (module): {"type":"event","event":"module","body":{"reason":"new","module":{"id":176,"name":"C:\\Program Files\\Unity\\Hub\\Editor\\2022.3.62f1\\Editor\\Data\\Managed\\UnityEngine\\UnityEngine.TextCoreTextEngineModule.dll"}},"seq":403}
--> E (module): {"type":"event","event":"module","body":{"reason":"new","module":{"id":177,"name":"C:\\Program Files\\Unity\\Hub\\Editor\\2022.3.62f1\\Editor\\Data\\Managed\\UnityEngine\\UnityEngine.TextRenderingModule.dll"}},"seq":404}
--> E (module): {"type":"event","event":"module","body":{"reason":"new","module":{"id":178,"name":"C:\\Program Files\\Unity\\Hub\\Editor\\2022.3.62f1\\Editor\\Data\\Managed\\UnityEngine\\UnityEngine.TilemapModule.dll"}},"seq":405}
--> E (module): {"type":"event","event":"module","body":{"reason":"new","module":{"id":179,"name":"C:\\Program Files\\Unity\\Hub\\Editor\\2022.3.62f1\\Editor\\Data\\Managed\\UnityEngine\\UnityEngine.UIModule.dll"}},"seq":406}
--> E (module): {"type":"event","event":"module","body":{"reason":"new","module":{"id":180,"name":"C:\\Program Files\\Unity\\Hub\\Editor\\2022.3.62f1\\Editor\\Data\\Managed\\UnityEngine\\UnityEngine.UIElementsModule.dll"}},"seq":407}
--> E (module): {"type":"event","event":"module","body":{"reason":"new","module":{"id":181,"name":"C:\\Program Files\\Unity\\Hub\\Editor\\2022.3.62f1\\Editor\\Data\\Managed\\UnityEngine\\UnityEngine.UmbraModule.dll"}},"seq":408}
--> E (module): {"type":"event","event":"module","body":{"reason":"new","module":{"id":182,"name":"C:\\Program Files\\Unity\\Hub\\Editor\\2022.3.62f1\\Editor\\Data\\Managed\\UnityEngine\\UnityEngine.UnityAnalyticsModule.dll"}},"seq":409}
--> E (module): {"type":"event","event":"module","body":{"reason":"new","module":{"id":183,"name":"C:\\Program Files\\Unity\\Hub\\Editor\\2022.3.62f1\\Editor\\Data\\Managed\\UnityEngine\\UnityEngine.UnityAnalyticsCommonModule.dll"}},"seq":410}
--> E (module): {"type":"event","event":"module","body":{"reason":"new","module":{"id":184,"name":"C:\\Program Files\\Unity\\Hub\\Editor\\2022.3.62f1\\Editor\\Data\\Managed\\UnityEngine\\UnityEngine.UnityConnectModule.dll"}},"seq":411}
--> E (module): {"type":"event","event":"module","body":{"reason":"new","module":{"id":185,"name":"C:\\Program Files\\Unity\\Hub\\Editor\\2022.3.62f1\\Editor\\Data\\Managed\\UnityEngine\\UnityEngine.UnityCurlModule.dll"}},"seq":412}
--> E (module): {"type":"event","event":"module","body":{"reason":"new","module":{"id":186,"name":"C:\\Program Files\\Unity\\Hub\\Editor\\2022.3.62f1\\Editor\\Data\\Managed\\UnityEngine\\UnityEngine.UnityTestProtocolModule.dll"}},"seq":413}
--> E (module): {"type":"event","event":"module","body":{"reason":"new","module":{"id":187,"name":"C:\\Program Files\\Unity\\Hub\\Editor\\2022.3.62f1\\Editor\\Data\\Managed\\UnityEngine\\UnityEngine.UnityWebRequestModule.dll"}},"seq":414}
--> E (module): {"type":"event","event":"module","body":{"reason":"new","module":{"id":188,"name":"C:\\Program Files\\Unity\\Hub\\Editor\\2022.3.62f1\\Editor\\Data\\Managed\\UnityEngine\\UnityEngine.UnityWebRequestAssetBundleModule.dll"}},"seq":415}
--> E (module): {"type":"event","event":"module","body":{"reason":"new","module":{"id":189,"name":"C:\\Program Files\\Unity\\Hub\\Editor\\2022.3.62f1\\Editor\\Data\\Managed\\UnityEngine\\UnityEngine.UnityWebRequestAudioModule.dll"}},"seq":416}
--> E (module): {"type":"event","event":"module","body":{"reason":"new","module":{"id":190,"name":"C:\\Program Files\\Unity\\Hub\\Editor\\2022.3.62f1\\Editor\\Data\\Managed\\UnityEngine\\UnityEngine.UnityWebRequestTextureModule.dll"}},"seq":417}
--> E (module): {"type":"event","event":"module","body":{"reason":"new","module":{"id":191,"name":"C:\\Program Files\\Unity\\Hub\\Editor\\2022.3.62f1\\Editor\\Data\\Managed\\UnityEngine\\UnityEngine.UnityWebRequestWWWModule.dll"}},"seq":418}
--> E (module): {"type":"event","event":"module","body":{"reason":"new","module":{"id":192,"name":"C:\\Program Files\\Unity\\Hub\\Editor\\2022.3.62f1\\Editor\\Data\\Managed\\UnityEngine\\UnityEngine.VFXModule.dll"}},"seq":419}
--> E (module): {"type":"event","event":"module","body":{"reason":"new","module":{"id":193,"name":"C:\\Program Files\\Unity\\Hub\\Editor\\2022.3.62f1\\Editor\\Data\\Managed\\UnityEngine\\UnityEngine.VRModule.dll"}},"seq":420}
--> E (module): {"type":"event","event":"module","body":{"reason":"new","module":{"id":194,"name":"C:\\Program Files\\Unity\\Hub\\Editor\\2022.3.62f1\\Editor\\Data\\Managed\\UnityEngine\\UnityEngine.VehiclesModule.dll"}},"seq":421}
--> E (module): {"type":"event","event":"module","body":{"reason":"new","module":{"id":195,"name":"C:\\Program Files\\Unity\\Hub\\Editor\\2022.3.62f1\\Editor\\Data\\Managed\\UnityEngine\\UnityEngine.VideoModule.dll"}},"seq":422}
--> E (module): {"type":"event","event":"module","body":{"reason":"new","module":{"id":196,"name":"C:\\Program Files\\Unity\\Hub\\Editor\\2022.3.62f1\\Editor\\Data\\Managed\\UnityEngine\\UnityEngine.VirtualTexturingModule.dll"}},"seq":423}
--> E (module): {"type":"event","event":"module","body":{"reason":"new","module":{"id":197,"name":"C:\\Program Files\\Unity\\Hub\\Editor\\2022.3.62f1\\Editor\\Data\\Managed\\UnityEngine\\UnityEngine.WindModule.dll"}},"seq":424}
--> E (module): {"type":"event","event":"module","body":{"reason":"new","module":{"id":198,"name":"C:\\Program Files\\Unity\\Hub\\Editor\\2022.3.62f1\\Editor\\Data\\Managed\\UnityEngine\\UnityEngine.XRModule.dll"}},"seq":425}
--> E (module): {"type":"event","event":"module","body":{"reason":"new","module":{"id":199,"name":"C:\\Program Files\\Unity\\Hub\\Editor\\2022.3.62f1\\Editor\\Data\\Managed\\UnityEngine\\UnityEditor.dll"}},"seq":426}
--> E (module): {"type":"event","event":"module","body":{"reason":"new","module":{"id":200,"name":"C:\\Program Files\\Unity\\Hub\\Editor\\2022.3.62f1\\Editor\\Data\\Managed\\UnityEngine\\UnityEditor.CoreModule.dll"}},"seq":427}
--> E (module): {"type":"event","event":"module","body":{"reason":"new","module":{"id":201,"name":"C:\\Program Files\\Unity\\Hub\\Editor\\2022.3.62f1\\Editor\\Data\\Managed\\UnityEngine\\UnityEditor.DeviceSimulatorModule.dll"}},"seq":428}
--> E (module): {"type":"event","event":"module","body":{"reason":"new","module":{"id":202,"name":"C:\\Program Files\\Unity\\Hub\\Editor\\2022.3.62f1\\Editor\\Data\\Managed\\UnityEngine\\UnityEditor.DiagnosticsModule.dll"}},"seq":429}
--> E (module): {"type":"event","event":"module","body":{"reason":"new","module":{"id":203,"name":"C:\\Program Files\\Unity\\Hub\\Editor\\2022.3.62f1\\Editor\\Data\\Managed\\UnityEngine\\UnityEditor.EditorToolbarModule.dll"}},"seq":430}
--> E (module): {"type":"event","event":"module","body":{"reason":"new","module":{"id":204,"name":"C:\\Program Files\\Unity\\Hub\\Editor\\2022.3.62f1\\Editor\\Data\\Managed\\UnityEngine\\UnityEditor.GraphViewModule.dll"}},"seq":431}
--> E (module): {"type":"event","event":"module","body":{"reason":"new","module":{"id":205,"name":"C:\\Program Files\\Unity\\Hub\\Editor\\2022.3.62f1\\Editor\\Data\\Managed\\UnityEngine\\UnityEditor.PresetsUIModule.dll"}},"seq":432}
--> E (module): {"type":"event","event":"module","body":{"reason":"new","module":{"id":206,"name":"C:\\Program Files\\Unity\\Hub\\Editor\\2022.3.62f1\\Editor\\Data\\Managed\\UnityEngine\\UnityEditor.QuickSearchModule.dll"}},"seq":433}
--> E (module): {"type":"event","event":"module","body":{"reason":"new","module":{"id":207,"name":"C:\\Program Files\\Unity\\Hub\\Editor\\2022.3.62f1\\Editor\\Data\\Managed\\UnityEngine\\UnityEditor.SceneTemplateModule.dll"}},"seq":434}
--> E (module): {"type":"event","event":"module","body":{"reason":"new","module":{"id":208,"name":"C:\\Program Files\\Unity\\Hub\\Editor\\2022.3.62f1\\Editor\\Data\\Managed\\UnityEngine\\UnityEditor.SceneViewModule.dll"}},"seq":435}
--> E (module): {"type":"event","event":"module","body":{"reason":"new","module":{"id":209,"name":"C:\\Program Files\\Unity\\Hub\\Editor\\2022.3.62f1\\Editor\\Data\\Managed\\UnityEngine\\UnityEditor.TextCoreFontEngineModule.dll"}},"seq":436}
--> E (module): {"type":"event","event":"module","body":{"reason":"new","module":{"id":210,"name":"C:\\Program Files\\Unity\\Hub\\Editor\\2022.3.62f1\\Editor\\Data\\Managed\\UnityEngine\\UnityEditor.TextCoreTextEngineModule.dll"}},"seq":437}
--> E (module): {"type":"event","event":"module","body":{"reason":"new","module":{"id":211,"name":"C:\\Program Files\\Unity\\Hub\\Editor\\2022.3.62f1\\Editor\\Data\\Managed\\UnityEngine\\UnityEditor.UIBuilderModule.dll"}},"seq":438}
--> E (module): {"type":"event","event":"module","body":{"reason":"new","module":{"id":212,"name":"C:\\Program Files\\Unity\\Hub\\Editor\\2022.3.62f1\\Editor\\Data\\Managed\\UnityEngine\\UnityEditor.UIElementsModule.dll"}},"seq":439}
--> E (module): {"type":"event","event":"module","body":{"reason":"new","module":{"id":213,"name":"C:\\Program Files\\Unity\\Hub\\Editor\\2022.3.62f1\\Editor\\Data\\Managed\\UnityEngine\\UnityEditor.UIElementsSamplesModule.dll"}},"seq":440}
--> E (module): {"type":"event","event":"module","body":{"reason":"new","module":{"id":214,"name":"C:\\Program Files\\Unity\\Hub\\Editor\\2022.3.62f1\\Editor\\Data\\Managed\\UnityEngine\\UnityEditor.UnityConnectModule.dll"}},"seq":441}
--> E (module): {"type":"event","event":"module","body":{"reason":"new","module":{"id":215,"name":"C:\\Program Files\\Unity\\Hub\\Editor\\2022.3.62f1\\Editor\\Data\\MonoBleedingEdge\\lib\\mono\\unityjit-win32\\Facades\\netstandard.dll"}},"seq":442}
--> E (module): {"type":"event","event":"module","body":{"reason":"new","module":{"id":216,"name":"C:\\Program Files\\Unity\\Hub\\Editor\\2022.3.62f1\\Editor\\Data\\MonoBleedingEdge\\lib\\mono\\unityjit-win32\\System.Core.dll"}},"seq":443}
--> E (module): {"type":"event","event":"module","body":{"reason":"new","module":{"id":217,"name":"C:\\Program Files\\Unity\\Hub\\Editor\\2022.3.62f1\\Editor\\Data\\Managed\\Bee.BeeDriver2.dll"}},"seq":444}
--> E (module): {"type":"event","event":"module","body":{"reason":"new","module":{"id":218,"name":"C:\\Program Files\\Unity\\Hub\\Editor\\2022.3.62f1\\Editor\\Data\\Managed\\Bee.BinLog.dll"}},"seq":445}
--> E (module): {"type":"event","event":"module","body":{"reason":"new","module":{"id":219,"name":"C:\\Program Files\\Unity\\Hub\\Editor\\2022.3.62f1\\Editor\\Data\\Managed\\UnityEditor.Graphs.dll"}},"seq":446}
--> E (module): {"type":"event","event":"module","body":{"reason":"new","module":{"id":220,"name":"C:\\Program Files\\Unity\\Hub\\Editor\\2022.3.62f1\\Editor\\Data\\PlaybackEngines\\WebGLSupport\\UnityEditor.WebGL.Extensions.dll"}},"seq":447}
--> E (module): {"type":"event","event":"module","body":{"reason":"new","module":{"id":221,"name":"C:\\Program Files\\Unity\\Hub\\Editor\\2022.3.62f1\\Editor\\Data\\PlaybackEngines\\AndroidPlayer\\UnityEditor.Android.Extensions.dll"}},"seq":448}
--> E (module): {"type":"event","event":"module","body":{"reason":"new","module":{"id":222,"name":"C:\\Program Files\\Unity\\Hub\\Editor\\2022.3.62f1\\Editor\\Data\\PlaybackEngines\\WindowsStandaloneSupport\\UnityEditor.WindowsStandalone.Extensions.dll"}},"seq":449}
--> E (module): {"type":"event","event":"module","body":{"reason":"new","module":{"id":223,"name":"C:\\Program Files\\Unity\\Hub\\Editor\\2022.3.62f1\\Editor\\Data\\PlaybackEngines\\AndroidPlayer\\Unity.Android.Types.dll"}},"seq":450}
--> E (module): {"type":"event","event":"module","body":{"reason":"new","module":{"id":224,"name":"C:\\Program Files\\Unity\\Hub\\Editor\\2022.3.62f1\\Editor\\Data\\PlaybackEngines\\AndroidPlayer\\Unity.Android.Gradle.dll"}},"seq":451}
--> E (module): {"type":"event","event":"module","body":{"reason":"new","module":{"id":225,"name":"C:\\Program Files\\Unity\\Hub\\Editor\\2022.3.62f1\\Editor\\Data\\PlaybackEngines\\AndroidPlayer\\Unity.Android.GradleProject.dll"}},"seq":452}
--> E (module): {"type":"event","event":"module","body":{"reason":"new","module":{"id":226,"name":"C:\\Users\\Cex\\Documents\\Github\\MeatSlice\\Library\\ScriptAssemblies\\Assembly-CSharp.dll"}},"seq":453}
--> E (module): {"type":"event","event":"module","body":{"reason":"new","module":{"id":227,"name":"C:\\Users\\Cex\\Documents\\Github\\MeatSlice\\Library\\ScriptAssemblies\\Assembly-CSharp-Editor.dll"}},"seq":454}
--> E (module): {"type":"event","event":"module","body":{"reason":"new","module":{"id":228,"name":"C:\\Users\\Cex\\Documents\\Github\\MeatSlice\\Library\\ScriptAssemblies\\Unity.Timeline.dll"}},"seq":455}
--> E (module): {"type":"event","event":"module","body":{"reason":"new","module":{"id":229,"name":"C:\\Users\\Cex\\Documents\\Github\\MeatSlice\\Library\\ScriptAssemblies\\Unity.TestTools.CodeCoverage.Editor.OpenCover.Mono.Reflection.dll"}},"seq":456}
--> E (module): {"type":"event","event":"module","body":{"reason":"new","module":{"id":230,"name":"C:\\Users\\Cex\\Documents\\Github\\MeatSlice\\Library\\ScriptAssemblies\\Unity.EditorCoroutines.Editor.dll"}},"seq":457}
--> E (module): {"type":"event","event":"module","body":{"reason":"new","module":{"id":231,"name":"C:\\Users\\Cex\\Documents\\Github\\MeatSlice\\Library\\ScriptAssemblies\\Unity.Performance.Profile-Analyzer.Editor.dll"}},"seq":458}
--> E (module): {"type":"event","event":"module","body":{"reason":"new","module":{"id":232,"name":"C:\\Users\\Cex\\Documents\\Github\\MeatSlice\\Library\\ScriptAssemblies\\Unity.TestTools.CodeCoverage.Editor.dll"}},"seq":459}
--> E (module): {"type":"event","event":"module","body":{"reason":"new","module":{"id":233,"name":"C:\\Users\\Cex\\Documents\\Github\\MeatSlice\\Library\\ScriptAssemblies\\Unity.TestTools.CodeCoverage.Editor.OpenCover.Model.dll"}},"seq":460}
--> E (module): {"type":"event","event":"module","body":{"reason":"new","module":{"id":234,"name":"C:\\Users\\Cex\\Documents\\Github\\MeatSlice\\Library\\ScriptAssemblies\\Unity.AI.Navigation.dll"}},"seq":461}
--> E (module): {"type":"event","event":"module","body":{"reason":"new","module":{"id":235,"name":"C:\\Users\\Cex\\Documents\\Github\\MeatSlice\\Library\\ScriptAssemblies\\Unity.AI.Navigation.Updater.dll"}},"seq":462}
--> E (module): {"type":"event","event":"module","body":{"reason":"new","module":{"id":236,"name":"C:\\Users\\Cex\\Documents\\Github\\MeatSlice\\Library\\ScriptAssemblies\\UnityEngine.TestRunner.dll"}},"seq":463}
--> E (module): {"type":"event","event":"module","body":{"reason":"new","module":{"id":237,"name":"C:\\Users\\Cex\\Documents\\Github\\MeatSlice\\Library\\ScriptAssemblies\\Unity.Timeline.Editor.dll"}},"seq":464}
--> E (module): {"type":"event","event":"module","body":{"reason":"new","module":{"id":238,"name":"C:\\Users\\Cex\\Documents\\Github\\MeatSlice\\Library\\ScriptAssemblies\\Unity.Settings.Editor.dll"}},"seq":465}
--> E (module): {"type":"event","event":"module","body":{"reason":"new","module":{"id":239,"name":"C:\\Users\\Cex\\Documents\\Github\\MeatSlice\\Library\\ScriptAssemblies\\Unity.VisualStudio.Editor.dll"}},"seq":466}
--> E (module): {"type":"event","event":"module","body":{"reason":"new","module":{"id":240,"name":"C:\\Users\\Cex\\Documents\\Github\\MeatSlice\\Library\\ScriptAssemblies\\Unity.TextMeshPro.dll"}},"seq":467}
--> E (module): {"type":"event","event":"module","body":{"reason":"new","module":{"id":241,"name":"C:\\Users\\Cex\\Documents\\Github\\MeatSlice\\Library\\ScriptAssemblies\\UnityEditor.UI.dll"}},"seq":468}
--> E (module): {"type":"event","event":"module","body":{"reason":"new","module":{"id":242,"name":"C:\\Users\\Cex\\Documents\\Github\\MeatSlice\\Library\\ScriptAssemblies\\Unity.TextMeshPro.Editor.dll"}},"seq":469}
--> E (module): {"type":"event","event":"module","body":{"reason":"new","module":{"id":243,"name":"C:\\Users\\Cex\\Documents\\Github\\MeatSlice\\Library\\ScriptAssemblies\\Unity.AI.Navigation.Editor.dll"}},"seq":470}
--> E (module): {"type":"event","event":"module","body":{"reason":"new","module":{"id":244,"name":"C:\\Users\\Cex\\Documents\\Github\\MeatSlice\\Library\\ScriptAssemblies\\Unity.Rider.Editor.dll"}},"seq":471}
--> E (module): {"type":"event","event":"module","body":{"reason":"new","module":{"id":245,"name":"C:\\Users\\Cex\\Documents\\Github\\MeatSlice\\Library\\ScriptAssemblies\\Unity.AI.Navigation.Editor.ConversionSystem.dll"}},"seq":472}
--> E (module): {"type":"event","event":"module","body":{"reason":"new","module":{"id":246,"name":"C:\\Users\\Cex\\Documents\\Github\\MeatSlice\\Library\\ScriptAssemblies\\Unity.VSCode.Editor.dll"}},"seq":473}
--> E (module): {"type":"event","event":"module","body":{"reason":"new","module":{"id":247,"name":"C:\\Users\\Cex\\Documents\\Github\\MeatSlice\\Library\\ScriptAssemblies\\UnityEngine.UI.dll"}},"seq":474}
--> E (module): {"type":"event","event":"module","body":{"reason":"new","module":{"id":248,"name":"C:\\Users\\Cex\\Documents\\Github\\MeatSlice\\Library\\ScriptAssemblies\\UnityEditor.TestRunner.dll"}},"seq":475}
--> E (module): {"type":"event","event":"module","body":{"reason":"new","module":{"id":249,"name":"C:\\Users\\Cex\\Documents\\Github\\MeatSlice\\Library\\PackageCache\\com.unity.ext.nunit@1.0.6\\net35\\unity-custom\\nunit.framework.dll"}},"seq":476}
--> E (module): {"type":"event","event":"module","body":{"reason":"new","module":{"id":250,"name":"C:\\Users\\Cex\\Documents\\Github\\MeatSlice\\Library\\PackageCache\\com.unity.testtools.codecoverage@1.2.6\\lib\\ReportGenerator\\ReportGeneratorMerged.dll"}},"seq":477}
--> E (module): {"type":"event","event":"module","body":{"reason":"new","module":{"id":251,"name":"C:\\Users\\Cex\\Documents\\Github\\MeatSlice\\Library\\PackageCache\\com.unity.ide.rider@3.0.36\\Rider\\Editor\\JetBrains.Rider.PathLocator.dll"}},"seq":478}
--> E (module): {"type":"event","event":"module","body":{"reason":"new","module":{"id":252,"name":"C:\\Program Files\\Unity\\Hub\\Editor\\2022.3.62f1\\Editor\\Data\\MonoBleedingEdge\\lib\\mono\\unityjit-win32\\System.Xml.Linq.dll"}},"seq":479}
--> E (module): {"type":"event","event":"module","body":{"reason":"new","module":{"id":253,"name":"C:\\Program Files\\Unity\\Hub\\Editor\\2022.3.62f1\\Editor\\Data\\MonoBleedingEdge\\lib\\mono\\unityjit-win32\\System.Net.Http.dll"}},"seq":480}
--> E (module): {"type":"event","event":"module","body":{"reason":"new","module":{"id":254,"name":"C:\\Program Files\\Unity\\Hub\\Editor\\2022.3.62f1\\Editor\\Data\\MonoBleedingEdge\\lib\\mono\\unityjit-win32\\System.Numerics.dll"}},"seq":481}
--> E (breakpoint): {"type":"event","event":"breakpoint","body":{"reason":"changed","breakpoint":{"id":1,"verified":true,"source":{"path":"C:\\Users\\Cex\\Documents\\Github\\MeatSlice\\Assets\\Scripts\\Gameplay\\PlayerController.cs","sources":[],"checksums":[]},"line":145,"column":9,"endLine":145,"endColumn":65,"BoundBreakpoints":[]}},"seq":482}
--> E (thread): {"type":"event","event":"thread","body":{"reason":"started","threadId":908402992},"seq":483}
--> E (thread): {"type":"event","event":"thread","body":{"reason":"started","threadId":908402688},"seq":484}
--> E (thread): {"type":"event","event":"thread","body":{"reason":"started","threadId":855334464},"seq":485}
--> E (thread): {"type":"event","event":"thread","body":{"reason":"started","threadId":855334160},"seq":486}
--> E (thread): {"type":"event","event":"thread","body":{"reason":"started","threadId":855333856},"seq":487}
<--   C (threads-9): {"command":"threads","type":"request","seq":9}
--> R (threads-9): {"type":"response","request_seq":9,"success":true,"command":"threads","body":{"threads":[{"id":855215680,"name":"Thread #855215680"},{"id":908404512,"name":"Thread #908404512"},{"id":908404208,"name":"Thread #908404208"},{"id":908403600,"name":"Thread Pool Worker"},{"id":908402688,"name":"Thread Pool Worker"},{"id":855334160,"name":"Thread Pool Worker"},{"id":908403904,"name":"Thread Pool Worker"},{"id":908402992,"name":"Thread Pool Worker"},{"id":855333856,"name":"Timer-Scheduler"},{"id":907893120,"name":"Thread #907893120"},{"id":918681072,"name":"Thread #918681072"},{"id":918681376,"name":"Thread #918681376"},{"id":855334464,"name":"Thread Pool Worker"},{"id":855213856,"name":"Thread Pool I/O Selector"},{"id":907892816,"name":"Thread #907892816"},{"id":88452672,"name":"Thread #88452672"},{"id":88451760,"name":"Thread #88451760"}]},"seq":488}
--> E (thread): {"type":"event","event":"thread","body":{"reason":"started","threadId":855333552},"seq":489}
<--   C (threads-10): {"command":"threads","type":"request","seq":10}
--> R (threads-10): {"type":"response","request_seq":10,"success":true,"command":"threads","body":{"threads":[{"id":855215680,"name":"Thread #855215680"},{"id":908404512,"name":"Thread #908404512"},{"id":908404208,"name":"Thread #908404208"},{"id":908403600,"name":"Thread Pool Worker"},{"id":908402688,"name":"Thread Pool Worker"},{"id":855334160,"name":"Thread Pool Worker"},{"id":908403904,"name":"Thread Pool Worker"},{"id":908402992,"name":"Thread Pool Worker"},{"id":855333856,"name":"Timer-Scheduler"},{"id":907893120,"name":"Thread #907893120"},{"id":918681072,"name":"Thread #918681072"},{"id":918681376,"name":"Thread #918681376"},{"id":855334464,"name":"Thread Pool Worker"},{"id":855213856,"name":"Thread Pool I/O Selector"},{"id":907892816,"name":"Thread #907892816"},{"id":855333552,"name":"Thread #855333552"},{"id":88452672,"name":"Thread #88452672"},{"id":88451760,"name":"Thread #88451760"}]},"seq":490}
--> E (thread): {"type":"event","event":"thread","body":{"reason":"exited","threadId":908402992},"seq":491}
--> E (stopped): {"type":"event","event":"stopped","body":{"reason":"breakpoint","threadId":88452672,"allThreadsStopped":true,"hitBreakpointIds":[1]},"seq":492}
<--   C (threads-11): {"command":"threads","type":"request","seq":11}
--> R (threads-11): {"type":"response","request_seq":11,"success":true,"command":"threads","body":{"threads":[{"id":855215680,"name":"Thread #855215680"},{"id":908404512,"name":"Thread #908404512"},{"id":908404208,"name":"Thread #908404208"},{"id":908403600,"name":"Thread Pool Worker"},{"id":908402688,"name":"Thread Pool Worker"},{"id":855334160,"name":"Thread Pool Worker"},{"id":908403904,"name":"Thread Pool Worker"},{"id":855333856,"name":"Timer-Scheduler"},{"id":907893120,"name":"Thread #907893120"},{"id":918681072,"name":"Thread #918681072"},{"id":918681376,"name":"Thread #918681376"},{"id":855334464,"name":"Thread Pool Worker"},{"id":855213856,"name":"Thread Pool I/O Selector"},{"id":907892816,"name":"Thread #907892816"},{"id":855333552,"name":"Thread #855333552"},{"id":88452672,"name":"Thread #88452672"},{"id":88451760,"name":"Thread #88451760"}]},"seq":493}
<--   C (stackTrace-12): {"command":"stackTrace","arguments":{"threadId":88452672,"startFrame":0,"levels":20},"type":"request","seq":12}
--> R (stackTrace-12): {"type":"response","request_seq":12,"success":true,"command":"stackTrace","body":{"stackFrames":[{"id":1,"name":"Void PlayerController:SetNewScale ()","source":{"name":"PlayerController.cs","path":"C:\\Users\\Cex\\Documents\\Github\\MeatSlice\\Assets\\Scripts\\Gameplay\\PlayerController.cs","sources":[],"checksums":[]},"line":145,"column":9},{"id":2,"name":"Void PlayerController:SliceFood ()","source":{"name":"PlayerController.cs","path":"C:\\Users\\Cex\\Documents\\Github\\MeatSlice\\Assets\\Scripts\\Gameplay\\PlayerController.cs","sources":[],"checksums":[]},"line":117,"column":9},{"id":3,"name":"Void UnityEngine.Events.InvokableCall:Invoke ()","line":0,"column":0},{"id":4,"name":"Void UnityEngine.Events.UnityEvent:Invoke ()","line":0,"column":0},{"id":5,"name":"Void UnityEngine.UI.Button:Press ()","source":{"name":"Button.cs","path":"c:\\Users\\Cex\\Documents\\Github\\MeatSlice\\Library\\PackageCache\\com.unity.ugui@1.0.0\\Runtime\\UI\\Core\\Button.cs","sources":[],"checksums":[]},"line":70,"column":13},{"id":6,"name":"Void UnityEngine.UI.Button:OnPointerClick (PointerEventData)","source":{"name":"Button.cs","path":"c:\\Users\\Cex\\Documents\\Github\\MeatSlice\\Library\\PackageCache\\com.unity.ugui@1.0.0\\Runtime\\UI\\Core\\Button.cs","sources":[],"checksums":[]},"line":114,"column":13},{"id":7,"name":"Void UnityEngine.EventSystems.ExecuteEvents:Execute (IPointerClickHandler, BaseEventData)","source":{"name":"ExecuteEvents.cs","path":"c:\\Users\\Cex\\Documents\\Github\\MeatSlice\\Library\\PackageCache\\com.unity.ugui@1.0.0\\Runtime\\EventSystem\\ExecuteEvents.cs","sources":[],"checksums":[]},"line":57,"column":13},{"id":8,"name":"Boolean UnityEngine.EventSystems.ExecuteEvents:Execute (GameObject, BaseEventData, EventFunction`1)","source":{"name":"ExecuteEvents.cs","path":"c:\\Users\\Cex\\Documents\\Github\\MeatSlice\\Library\\PackageCache\\com.unity.ugui@1.0.0\\Runtime\\EventSystem\\ExecuteEvents.cs","sources":[],"checksums":[]},"line":272,"column":21},{"id":9,"name":"Void UnityEngine.EventSystems.StandaloneInputModule:ReleaseMouse (PointerEventData, GameObject)","source":{"name":"StandaloneInputModule.cs","path":"c:\\Users\\Cex\\Documents\\Github\\MeatSlice\\Library\\PackageCache\\com.unity.ugui@1.0.0\\Runtime\\EventSystem\\InputModules\\StandaloneInputModule.cs","sources":[],"checksums":[]},"line":192,"column":17},{"id":10,"name":"Void UnityEngine.EventSystems.StandaloneInputModule:ProcessMousePress (MouseButtonEventData)","source":{"name":"StandaloneInputModule.cs","path":"c:\\Users\\Cex\\Documents\\Github\\MeatSlice\\Library\\PackageCache\\com.unity.ugui@1.0.0\\Runtime\\EventSystem\\InputModules\\StandaloneInputModule.cs","sources":[],"checksums":[]},"line":654,"column":17},{"id":11,"name":"Void UnityEngine.EventSystems.StandaloneInputModule:ProcessMouseEvent (Int32)","source":{"name":"StandaloneInputModule.cs","path":"c:\\Users\\Cex\\Documents\\Github\\MeatSlice\\Library\\PackageCache\\com.unity.ugui@1.0.0\\Runtime\\EventSystem\\InputModules\\StandaloneInputModule.cs","sources":[],"checksums":[]},"line":554,"column":13},{"id":12,"name":"Void UnityEngine.EventSystems.StandaloneInputModule:ProcessMouseEvent ()","source":{"name":"StandaloneInputModule.cs","path":"c:\\Users\\Cex\\Documents\\Github\\MeatSlice\\Library\\PackageCache\\com.unity.ugui@1.0.0\\Runtime\\EventSystem\\InputModules\\StandaloneInputModule.cs","sources":[],"checksums":[]},"line":534,"column":13},{"id":13,"name":"Void UnityEngine.EventSystems.StandaloneInputModule:Process ()","source":{"name":"StandaloneInputModule.cs","path":"c:\\Users\\Cex\\Documents\\Github\\MeatSlice\\Library\\PackageCache\\com.unity.ugui@1.0.0\\Runtime\\EventSystem\\InputModules\\StandaloneInputModule.cs","sources":[],"checksums":[]},"line":282,"column":17},{"id":14,"name":"Void UnityEngine.EventSystems.EventSystem:Update ()","source":{"name":"EventSystem.cs","path":"c:\\Users\\Cex\\Documents\\Github\\MeatSlice\\Library\\PackageCache\\com.unity.ugui@1.0.0\\Runtime\\EventSystem\\EventSystem.cs","sources":[],"checksums":[]},"line":530,"column":17}],"totalFrames":14},"seq":494}
<--   C (scopes-13): {"command":"scopes","arguments":{"frameId":1},"type":"request","seq":13}
--> R (scopes-13): {"type":"response","request_seq":13,"success":true,"command":"scopes","body":{"scopes":[{"presentationHint":"locals","name":"Locals","variablesReference":1,"expensive":false}]},"seq":495}
<--   C (variables-14): {"command":"variables","arguments":{"variablesReference":1},"type":"request","seq":14}
--> R (variables-14): {"type":"response","request_seq":14,"success":true,"command":"variables","body":{"variables":[{"name":"Active scene","value":"{UnityEngine.SceneManagement.Scene}","type":"UnityEngine.SceneManagement.Scene","variablesReference":2},{"name":"this","value":"\"Player Controller (PlayerController)\"","type":"PlayerController","variablesReference":3},{"name":"this.gameObject","value":"\"Player Controller (UnityEngine.GameObject)\"","type":"UnityEngine.GameObject","variablesReference":4},{"name":"currentFoodPos","value":"\"(0.00, 0.00, 0.00)\"","type":"UnityEngine.Vector3","variablesReference":5},{"name":"prevFoodPos","value":"\"(0.00, 0.00, 0.00)\"","type":"UnityEngine.Vector3","variablesReference":6},{"name":"distance","value":"0","type":"float","variablesReference":0},{"name":"isSpawnPointA","value":"false","type":"bool","variablesReference":0},{"name":"boxPosition","value":"\"(0.00, 0.00, 0.00)\"","type":"UnityEngine.Vector3","variablesReference":7},{"name":"xDiff","value":"0","type":"float","variablesReference":0},{"name":"zDiff","value":"0","type":"float","variablesReference":0},{"name":"newScale","value":"\"(0.00, 0.00, 0.00)\"","type":"UnityEngine.Vector3","variablesReference":8},{"name":"foodType","value":"Meat","type":"FoodType","variablesReference":0}]},"seq":496}
<--   C (evaluate-15): {"command":"evaluate","arguments":{"expression":"pivot","frameId":1,"context":"hover","line":159,"column":20,"source":{"name":"PlayerController.cs","path":"c:\\Users\\Cex\\Documents\\Github\\MeatSlice\\Assets\\Scripts\\Gameplay\\PlayerController.cs","sources":[],"checksums":[]}},"type":"request","seq":15}
--> R (evaluate-15): {"type":"response","request_seq":15,"success":true,"command":"evaluate","body":{"result":"The identifier `pivot` is not in the scope","type":"","variablesReference":0},"seq":497}
--> E (thread): {"type":"event","event":"thread","body":{"reason":"exited","threadId":908403904},"seq":498}
<--   C (evaluate-16): {"command":"evaluate","arguments":{"expression":"","frameId":1,"context":"hover","line":155,"column":0,"source":{"name":"PlayerController.cs","path":"c:\\Users\\Cex\\Documents\\Github\\MeatSlice\\Assets\\Scripts\\Gameplay\\PlayerController.cs","sources":[],"checksums":[]}},"type":"request","seq":16}
--> R (evaluate-16): {"type":"response","request_seq":16,"success":true,"command":"evaluate","body":{"result":"Node not supported: `;`","type":"","variablesReference":0},"seq":499}
<--   C (evaluate-17): {"command":"evaluate","arguments":{"expression":"Vector3","frameId":1,"context":"hover","line":152,"column":26,"source":{"name":"PlayerController.cs","path":"c:\\Users\\Cex\\Documents\\Github\\MeatSlice\\Assets\\Scripts\\Gameplay\\PlayerController.cs","sources":[],"checksums":[]}},"type":"request","seq":17}
--> R (evaluate-17): {"type":"response","request_seq":17,"success":true,"command":"evaluate","body":{"result":"UnityEngine.Vector3","type":"UnityEngine.Vector3","variablesReference":9},"seq":500}
<--   C (evaluate-18): {"command":"evaluate","arguments":{"expression":"Vector3.Distance","frameId":1,"context":"hover","line":152,"column":26,"source":{"name":"PlayerController.cs","path":"c:\\Users\\Cex\\Documents\\Github\\MeatSlice\\Assets\\Scripts\\Gameplay\\PlayerController.cs","sources":[],"checksums":[]}},"type":"request","seq":18}
--> R (evaluate-18): {"type":"response","request_seq":18,"success":true,"command":"evaluate","body":{"result":"Could not find a member `Distance` for `Vector3`","type":"","variablesReference":0},"seq":501}
<--   C (evaluate-19): {"command":"evaluate","arguments":{"expression":"RoundToPoint","frameId":1,"context":"hover","line":150,"column":35,"source":{"name":"PlayerController.cs","path":"c:\\Users\\Cex\\Documents\\Github\\MeatSlice\\Assets\\Scripts\\Gameplay\\PlayerController.cs","sources":[],"checksums":[]}},"type":"request","seq":19}
--> R (evaluate-19): {"type":"response","request_seq":19,"success":true,"command":"evaluate","body":{"result":"The identifier `RoundToPoint` is not in the scope","type":"","variablesReference":0},"seq":502}
<--   C (evaluate-20): {"command":"evaluate","arguments":{"expression":"previousFood","frameId":1,"context":"hover","line":149,"column":31,"source":{"name":"PlayerController.cs","path":"c:\\Users\\Cex\\Documents\\Github\\MeatSlice\\Assets\\Scripts\\Gameplay\\PlayerController.cs","sources":[],"checksums":[]}},"type":"request","seq":20}
--> R (evaluate-20): {"type":"response","request_seq":20,"success":true,"command":"evaluate","body":{"result":"\"Burger Bun Bottom (UnityEngine.Transform)\"","type":"UnityEngine.Transform","variablesReference":10},"seq":503}
<--   C (evaluate-21): {"command":"evaluate","arguments":{"expression":"currentFood.transform.position","frameId":1,"context":"hover","line":147,"column":9,"source":{"name":"PlayerController.cs","path":"c:\\Users\\Cex\\Documents\\Github\\MeatSlice\\Assets\\Scripts\\Gameplay\\PlayerController.cs","sources":[],"checksums":[]}},"type":"request","seq":21}
--> R (evaluate-21): {"type":"response","request_seq":21,"success":true,"command":"evaluate","body":{"result":"\"(0.00, 0.00, -0.62)\"","type":"UnityEngine.Vector3","variablesReference":11},"seq":504}
<--   C (evaluate-22): {"command":"evaluate","arguments":{"expression":"","frameId":1,"context":"hover","line":147,"column":0,"source":{"name":"PlayerController.cs","path":"c:\\Users\\Cex\\Documents\\Github\\MeatSlice\\Assets\\Scripts\\Gameplay\\PlayerController.cs","sources":[],"checksums":[]}},"type":"request","seq":22}
--> R (evaluate-22): {"type":"response","request_seq":22,"success":true,"command":"evaluate","body":{"result":"Node not supported: `;`","type":"","variablesReference":0},"seq":505}
<--   C (evaluate-23): {"command":"evaluate","arguments":{"expression":"","frameId":1,"context":"hover","line":147,"column":0,"source":{"name":"PlayerController.cs","path":"c:\\Users\\Cex\\Documents\\Github\\MeatSlice\\Assets\\Scripts\\Gameplay\\PlayerController.cs","sources":[],"checksums":[]}},"type":"request","seq":23}
--> R (evaluate-23): {"type":"response","request_seq":23,"success":true,"command":"evaluate","body":{"result":"Node not supported: `;`","type":"","variablesReference":0},"seq":506}
<--   C (evaluate-24): {"command":"evaluate","arguments":{"expression":"RoundToPoint","frameId":1,"context":"hover","line":146,"column":38,"source":{"name":"PlayerController.cs","path":"c:\\Users\\Cex\\Documents\\Github\\MeatSlice\\Assets\\Scripts\\Gameplay\\PlayerController.cs","sources":[],"checksums":[]}},"type":"request","seq":24}
--> R (evaluate-24): {"type":"response","request_seq":24,"success":true,"command":"evaluate","body":{"result":"The identifier `RoundToPoint` is not in the scope","type":"","variablesReference":0},"seq":507}
<--   C (evaluate-25): {"command":"evaluate","arguments":{"expression":"RoundToPoint","frameId":1,"context":"hover","line":146,"column":38,"source":{"name":"PlayerController.cs","path":"c:\\Users\\Cex\\Documents\\Github\\MeatSlice\\Assets\\Scripts\\Gameplay\\PlayerController.cs","sources":[],"checksums":[]}},"type":"request","seq":25}
--> R (evaluate-25): {"type":"response","request_seq":25,"success":true,"command":"evaluate","body":{"result":"The identifier `RoundToPoint` is not in the scope","type":"","variablesReference":0},"seq":508}
<--   C (evaluate-26): {"command":"evaluate","arguments":{"expression":"RoundToPoint","frameId":1,"context":"hover","line":146,"column":38,"source":{"name":"PlayerController.cs","path":"c:\\Users\\Cex\\Documents\\Github\\MeatSlice\\Assets\\Scripts\\Gameplay\\PlayerController.cs","sources":[],"checksums":[]}},"type":"request","seq":26}
--> R (evaluate-26): {"type":"response","request_seq":26,"success":true,"command":"evaluate","body":{"result":"The identifier `RoundToPoint` is not in the scope","type":"","variablesReference":0},"seq":509}
<--   C (evaluate-27): {"command":"evaluate","arguments":{"expression":"RoundToPoint","frameId":1,"context":"hover","line":146,"column":38,"source":{"name":"PlayerController.cs","path":"c:\\Users\\Cex\\Documents\\Github\\MeatSlice\\Assets\\Scripts\\Gameplay\\PlayerController.cs","sources":[],"checksums":[]}},"type":"request","seq":27}
--> R (evaluate-27): {"type":"response","request_seq":27,"success":true,"command":"evaluate","body":{"result":"The identifier `RoundToPoint` is not in the scope","type":"","variablesReference":0},"seq":510}
<--   C (evaluate-28): {"command":"evaluate","arguments":{"expression":"RoundToPoint","frameId":1,"context":"hover","line":146,"column":38,"source":{"name":"PlayerController.cs","path":"c:\\Users\\Cex\\Documents\\Github\\MeatSlice\\Assets\\Scripts\\Gameplay\\PlayerController.cs","sources":[],"checksums":[]}},"type":"request","seq":28}
--> R (evaluate-28): {"type":"response","request_seq":28,"success":true,"command":"evaluate","body":{"result":"The identifier `RoundToPoint` is not in the scope","type":"","variablesReference":0},"seq":511}
<--   C (evaluate-29): {"command":"evaluate","arguments":{"expression":"RoundToPoint","frameId":1,"context":"hover","line":146,"column":38,"source":{"name":"PlayerController.cs","path":"c:\\Users\\Cex\\Documents\\Github\\MeatSlice\\Assets\\Scripts\\Gameplay\\PlayerController.cs","sources":[],"checksums":[]}},"type":"request","seq":29}
--> R (evaluate-29): {"type":"response","request_seq":29,"success":true,"command":"evaluate","body":{"result":"The identifier `RoundToPoint` is not in the scope","type":"","variablesReference":0},"seq":512}
<--   C (evaluate-30): {"command":"evaluate","arguments":{"expression":"RoundToPoint","frameId":1,"context":"hover","line":146,"column":38,"source":{"name":"PlayerController.cs","path":"c:\\Users\\Cex\\Documents\\Github\\MeatSlice\\Assets\\Scripts\\Gameplay\\PlayerController.cs","sources":[],"checksums":[]}},"type":"request","seq":30}
--> R (evaluate-30): {"type":"response","request_seq":30,"success":true,"command":"evaluate","body":{"result":"The identifier `RoundToPoint` is not in the scope","type":"","variablesReference":0},"seq":513}
<--   C (evaluate-31): {"command":"evaluate","arguments":{"expression":"RoundToPoint","frameId":1,"context":"hover","line":146,"column":38,"source":{"name":"PlayerController.cs","path":"c:\\Users\\Cex\\Documents\\Github\\MeatSlice\\Assets\\Scripts\\Gameplay\\PlayerController.cs","sources":[],"checksums":[]}},"type":"request","seq":31}
--> R (evaluate-31): {"type":"response","request_seq":31,"success":true,"command":"evaluate","body":{"result":"The identifier `RoundToPoint` is not in the scope","type":"","variablesReference":0},"seq":514}
<--   C (evaluate-32): {"command":"evaluate","arguments":{"expression":"currentFood.transform","frameId":1,"context":"hover","line":145,"column":34,"source":{"name":"PlayerController.cs","path":"c:\\Users\\Cex\\Documents\\Github\\MeatSlice\\Assets\\Scripts\\Gameplay\\PlayerController.cs","sources":[],"checksums":[]}},"type":"request","seq":32}
--> R (evaluate-32): {"type":"response","request_seq":32,"success":true,"command":"evaluate","body":{"result":"\"Tofu(Clone) (UnityEngine.Transform)\"","type":"UnityEngine.Transform","variablesReference":12},"seq":515}
<--   C (evaluate-33): {"command":"evaluate","arguments":{"expression":"food","frameId":1,"context":"hover","line":144,"column":61,"source":{"name":"PlayerController.cs","path":"c:\\Users\\Cex\\Documents\\Github\\MeatSlice\\Assets\\Scripts\\Gameplay\\PlayerController.cs","sources":[],"checksums":[]}},"type":"request","seq":33}
--> R (evaluate-33): {"type":"response","request_seq":33,"success":true,"command":"evaluate","body":{"result":"The identifier `food` is not in the scope","type":"","variablesReference":0},"seq":516}
<--   C (evaluate-34): {"command":"evaluate","arguments":{"expression":"so","frameId":1,"context":"hover","line":141,"column":73,"source":{"name":"PlayerController.cs","path":"c:\\Users\\Cex\\Documents\\Github\\MeatSlice\\Assets\\Scripts\\Gameplay\\PlayerController.cs","sources":[],"checksums":[]}},"type":"request","seq":34}
--> R (evaluate-34): {"type":"response","request_seq":34,"success":true,"command":"evaluate","body":{"result":"The identifier `so` is not in the scope","type":"","variablesReference":0},"seq":517}
<--   C (evaluate-35): {"command":"evaluate","arguments":{"expression":"remove","frameId":1,"context":"hover","line":141,"column":76,"source":{"name":"PlayerController.cs","path":"c:\\Users\\Cex\\Documents\\Github\\MeatSlice\\Assets\\Scripts\\Gameplay\\PlayerController.cs","sources":[],"checksums":[]}},"type":"request","seq":35}
--> R (evaluate-35): {"type":"response","request_seq":35,"success":true,"command":"evaluate","body":{"result":"The identifier `remove` is not in the scope","type":"","variablesReference":0},"seq":518}
<--   C (evaluate-36): {"command":"evaluate","arguments":{"expression":"remove","frameId":1,"context":"hover","line":141,"column":76,"source":{"name":"PlayerController.cs","path":"c:\\Users\\Cex\\Documents\\Github\\MeatSlice\\Assets\\Scripts\\Gameplay\\PlayerController.cs","sources":[],"checksums":[]}},"type":"request","seq":36}
--> R (evaluate-36): {"type":"response","request_seq":36,"success":true,"command":"evaluate","body":{"result":"The identifier `remove` is not in the scope","type":"","variablesReference":0},"seq":519}
--> E (thread): {"type":"event","event":"thread","body":{"reason":"exited","threadId":908402688},"seq":520}
<--   C (evaluate-37): {"command":"evaluate","arguments":{"expression":"the","frameId":1,"context":"hover","line":140,"column":53,"source":{"name":"PlayerController.cs","path":"c:\\Users\\Cex\\Documents\\Github\\MeatSlice\\Assets\\Scripts\\Gameplay\\PlayerController.cs","sources":[],"checksums":[]}},"type":"request","seq":37}
--> R (evaluate-37): {"type":"response","request_seq":37,"success":true,"command":"evaluate","body":{"result":"The identifier `the` is not in the scope","type":"","variablesReference":0},"seq":521}
<--   C (evaluate-38): {"command":"evaluate","arguments":{"expression":"currentFood","frameId":1,"context":"hover","line":145,"column":34,"source":{"name":"PlayerController.cs","path":"c:\\Users\\Cex\\Documents\\Github\\MeatSlice\\Assets\\Scripts\\Gameplay\\PlayerController.cs","sources":[],"checksums":[]}},"type":"request","seq":38}
--> R (evaluate-38): {"type":"response","request_seq":38,"success":true,"command":"evaluate","body":{"result":"\"Tofu(Clone) (UnityEngine.GameObject)\"","type":"UnityEngine.GameObject","variablesReference":13},"seq":522}
<--   C (evaluate-39): {"command":"evaluate","arguments":{"expression":"Vector3","frameId":1,"context":"hover","line":146,"column":30,"source":{"name":"PlayerController.cs","path":"c:\\Users\\Cex\\Documents\\Github\\MeatSlice\\Assets\\Scripts\\Gameplay\\PlayerController.cs","sources":[],"checksums":[]}},"type":"request","seq":39}
--> R (evaluate-39): {"type":"response","request_seq":39,"success":true,"command":"evaluate","body":{"result":"UnityEngine.Vector3","type":"UnityEngine.Vector3","variablesReference":14},"seq":523}
<--   C (evaluate-40): {"command":"evaluate","arguments":{"expression":"currentFood.transform","frameId":1,"context":"hover","line":147,"column":9,"source":{"name":"PlayerController.cs","path":"c:\\Users\\Cex\\Documents\\Github\\MeatSlice\\Assets\\Scripts\\Gameplay\\PlayerController.cs","sources":[],"checksums":[]}},"type":"request","seq":40}
--> R (evaluate-40): {"type":"response","request_seq":40,"success":true,"command":"evaluate","body":{"result":"\"Tofu(Clone) (UnityEngine.Transform)\"","type":"UnityEngine.Transform","variablesReference":15},"seq":524}
<--   C (evaluate-41): {"command":"evaluate","arguments":{"expression":"currentFood.transform","frameId":1,"context":"hover","line":147,"column":9,"source":{"name":"PlayerController.cs","path":"c:\\Users\\Cex\\Documents\\Github\\MeatSlice\\Assets\\Scripts\\Gameplay\\PlayerController.cs","sources":[],"checksums":[]}},"type":"request","seq":41}
--> R (evaluate-41): {"type":"response","request_seq":41,"success":true,"command":"evaluate","body":{"result":"\"Tofu(Clone) (UnityEngine.Transform)\"","type":"UnityEngine.Transform","variablesReference":16},"seq":525}
<--   C (evaluate-42): {"command":"evaluate","arguments":{"expression":"currentFood.transform","frameId":1,"context":"hover","line":147,"column":9,"source":{"name":"PlayerController.cs","path":"c:\\Users\\Cex\\Documents\\Github\\MeatSlice\\Assets\\Scripts\\Gameplay\\PlayerController.cs","sources":[],"checksums":[]}},"type":"request","seq":42}
--> R (evaluate-42): {"type":"response","request_seq":42,"success":true,"command":"evaluate","body":{"result":"\"Tofu(Clone) (UnityEngine.Transform)\"","type":"UnityEngine.Transform","variablesReference":17},"seq":526}
<--   C (variables-43): {"command":"variables","arguments":{"variablesReference":17},"type":"request","seq":43}
--> R (variables-43): {"type":"response","request_seq":43,"success":true,"command":"variables","body":{"variables":[{"name":"base","value":"\"Tofu(Clone) (UnityEngine.Transform)\"","type":"UnityEngine.Component","variablesReference":18},{"name":"childCount","value":"2","type":"int","variablesReference":0},{"name":"eulerAngles","value":"\"(0.00, 0.00, 0.00)\"","type":"UnityEngine.Vector3","variablesReference":19},{"name":"forward","value":"\"(0.00, 0.00, 1.00)\"","type":"UnityEngine.Vector3","variablesReference":20},{"name":"hasChanged","value":"true","type":"bool","variablesReference":0},{"name":"hierarchyCapacity","value":"1008","type":"int","variablesReference":0},{"name":"hierarchyCount","value":"504","type":"int","variablesReference":0},{"name":"localEulerAngles","value":"\"(0.00, 0.00, 0.00)\"","type":"UnityEngine.Vector3","variablesReference":21},{"name":"localPosition","value":"\"(0.00, 0.00, 0.00)\"","type":"UnityEngine.Vector3","variablesReference":22},{"name":"localRotation","value":"\"(0.00000, 0.00000, 0.00000, 1.00000)\"","type":"UnityEngine.Quaternion","variablesReference":23},{"name":"localScale","value":"\"(10.00, 2.00, 10.00)\"","type":"UnityEngine.Vector3","variablesReference":24},{"name":"localToWorldMatrix","value":"\"10.00000\\t0.00000\\t0.00000\\t0.00000\\n0.00000\\t2.00000\\t0.00000\\t0.00000\\n0.00000\\t0.00000\\t10.00000\\t-0.61894\\n0.00000\\t0.00000\\t0.00000\\t1.00000\\n\"","type":"UnityEngine.Matrix4x4","variablesReference":25},{"name":"lossyScale","value":"\"(10.00, 2.00, 10.00)\"","type":"UnityEngine.Vector3","variablesReference":26},{"name":"parent","value":"\"Player Controller (UnityEngine.Transform)\"","type":"UnityEngine.Transform","variablesReference":27},{"name":"position","value":"\"(0.00, 0.00, -0.62)\"","type":"UnityEngine.Vector3","variablesReference":28},{"name":"right","value":"\"(1.00, 0.00, 0.00)\"","type":"UnityEngine.Vector3","variablesReference":29},{"name":"root","value":"\"Meat Slice Game (UnityEngine.Transform)\"","type":"UnityEngine.Transform","variablesReference":30},{"name":"rotation","value":"\"(0.00000, 0.00000, 0.00000, 1.00000)\"","type":"UnityEngine.Quaternion","variablesReference":31},{"name":"up","value":"\"(0.00, 1.00, 0.00)\"","type":"UnityEngine.Vector3","variablesReference":32},{"name":"worldToLocalMatrix","value":"\"0.10000\\t0.00000\\t0.00000\\t0.00000\\n0.00000\\t0.50000\\t0.00000\\t0.00000\\n0.00000\\t0.00000\\t0.10000\\t0.06189\\n0.00000\\t0.00000\\t0.00000\\t1.00000\\n\"","type":"UnityEngine.Matrix4x4","variablesReference":33},{"name":"Non-Public members","value":"","type":"","variablesReference":34}]},"seq":527}
<--   C (evaluate-44): {"command":"evaluate","arguments":{"expression":"Vector3","frameId":1,"context":"hover","line":150,"column":27,"source":{"name":"PlayerController.cs","path":"c:\\Users\\Cex\\Documents\\Github\\MeatSlice\\Assets\\Scripts\\Gameplay\\PlayerController.cs","sources":[],"checksums":[]}},"type":"request","seq":44}
--> R (evaluate-44): {"type":"response","request_seq":44,"success":true,"command":"evaluate","body":{"result":"UnityEngine.Vector3","type":"UnityEngine.Vector3","variablesReference":35},"seq":528}
<--   C (variables-45): {"command":"variables","arguments":{"variablesReference":35},"type":"request","seq":45}
--> R (variables-45): {"type":"response","request_seq":45,"success":true,"command":"variables","body":{"variables":[{"name":"back","value":"\"(0.00, 0.00, -1.00)\"","type":"UnityEngine.Vector3","variablesReference":36},{"name":"down","value":"\"(0.00, -1.00, 0.00)\"","type":"UnityEngine.Vector3","variablesReference":37},{"name":"forward","value":"\"(0.00, 0.00, 1.00)\"","type":"UnityEngine.Vector3","variablesReference":38},{"name":"kEpsilon","value":"1E-05","type":"float","variablesReference":0},{"name":"kEpsilonNormalSqrt","value":"1E-15","type":"float","variablesReference":0},{"name":"left","value":"\"(-1.00, 0.00, 0.00)\"","type":"UnityEngine.Vector3","variablesReference":39},{"name":"negativeInfinity","value":"\"(-Infinity, -Infinity, -Infinity)\"","type":"UnityEngine.Vector3","variablesReference":40},{"name":"one","value":"\"(1.00, 1.00, 1.00)\"","type":"UnityEngine.Vector3","variablesReference":41},{"name":"positiveInfinity","value":"\"(Infinity, Infinity, Infinity)\"","type":"UnityEngine.Vector3","variablesReference":42},{"name":"right","value":"\"(1.00, 0.00, 0.00)\"","type":"UnityEngine.Vector3","variablesReference":43},{"name":"up","value":"\"(0.00, 1.00, 0.00)\"","type":"UnityEngine.Vector3","variablesReference":44},{"name":"zero","value":"\"(0.00, 0.00, 0.00)\"","type":"UnityEngine.Vector3","variablesReference":45},{"name":"Non-Public members","value":"","type":"","variablesReference":46}]},"seq":529}
<--   C (evaluate-46): {"command":"evaluate","arguments":{"expression":"Vector3","frameId":1,"context":"hover","line":152,"column":26,"source":{"name":"PlayerController.cs","path":"c:\\Users\\Cex\\Documents\\Github\\MeatSlice\\Assets\\Scripts\\Gameplay\\PlayerController.cs","sources":[],"checksums":[]}},"type":"request","seq":46}
--> R (evaluate-46): {"type":"response","request_seq":46,"success":true,"command":"evaluate","body":{"result":"UnityEngine.Vector3","type":"UnityEngine.Vector3","variablesReference":47},"seq":530}
<--   C (evaluate-47): {"command":"evaluate","arguments":{"expression":"","frameId":1,"context":"hover","line":153,"column":0,"source":{"name":"PlayerController.cs","path":"c:\\Users\\Cex\\Documents\\Github\\MeatSlice\\Assets\\Scripts\\Gameplay\\PlayerController.cs","sources":[],"checksums":[]}},"type":"request","seq":47}
--> R (evaluate-47): {"type":"response","request_seq":47,"success":true,"command":"evaluate","body":{"result":"Node not supported: `;`","type":"","variablesReference":0},"seq":531}
<--   C (evaluate-48): {"command":"evaluate","arguments":{"expression":"movement","frameId":1,"context":"hover","line":155,"column":30,"source":{"name":"PlayerController.cs","path":"c:\\Users\\Cex\\Documents\\Github\\MeatSlice\\Assets\\Scripts\\Gameplay\\PlayerController.cs","sources":[],"checksums":[]}},"type":"request","seq":48}
--> R (evaluate-48): {"type":"response","request_seq":48,"success":true,"command":"evaluate","body":{"result":"\"Player Controller (Movement)\"","type":"Movement","variablesReference":48},"seq":532}
<--   C (evaluate-49): {"command":"evaluate","arguments":{"expression":"GetBoxPosition","frameId":1,"context":"hover","line":156,"column":31,"source":{"name":"PlayerController.cs","path":"c:\\Users\\Cex\\Documents\\Github\\MeatSlice\\Assets\\Scripts\\Gameplay\\PlayerController.cs","sources":[],"checksums":[]}},"type":"request","seq":49}
--> R (evaluate-49): {"type":"response","request_seq":49,"success":true,"command":"evaluate","body":{"result":"The identifier `GetBoxPosition` is not in the scope","type":"","variablesReference":0},"seq":533}
<--   C (evaluate-50): {"command":"evaluate","arguments":{"expression":"isSpawnPointA","frameId":1,"context":"hover","line":156,"column":46,"source":{"name":"PlayerController.cs","path":"c:\\Users\\Cex\\Documents\\Github\\MeatSlice\\Assets\\Scripts\\Gameplay\\PlayerController.cs","sources":[],"checksums":[]}},"type":"request","seq":50}
--> R (evaluate-50): {"type":"response","request_seq":50,"success":true,"command":"evaluate","body":{"result":"false","type":"bool","variablesReference":0},"seq":534}
<--   C (evaluate-51): {"command":"evaluate","arguments":{"expression":"RoundToPoint","frameId":1,"context":"hover","line":150,"column":35,"source":{"name":"PlayerController.cs","path":"c:\\Users\\Cex\\Documents\\Github\\MeatSlice\\Assets\\Scripts\\Gameplay\\PlayerController.cs","sources":[],"checksums":[]}},"type":"request","seq":51}
--> R (evaluate-51): {"type":"response","request_seq":51,"success":true,"command":"evaluate","body":{"result":"The identifier `RoundToPoint` is not in the scope","type":"","variablesReference":0},"seq":535}
<--   C (evaluate-52): {"command":"evaluate","arguments":{"expression":"currentFood.transform.position","frameId":1,"context":"hover","line":147,"column":9,"source":{"name":"PlayerController.cs","path":"c:\\Users\\Cex\\Documents\\Github\\MeatSlice\\Assets\\Scripts\\Gameplay\\PlayerController.cs","sources":[],"checksums":[]}},"type":"request","seq":52}
--> R (evaluate-52): {"type":"response","request_seq":52,"success":true,"command":"evaluate","body":{"result":"\"(0.00, 0.00, -0.62)\"","type":"UnityEngine.Vector3","variablesReference":49},"seq":536}
<--   C (evaluate-53): {"command":"evaluate","arguments":{"expression":"currentFood.transform.position","frameId":1,"context":"hover","line":147,"column":9,"source":{"name":"PlayerController.cs","path":"c:\\Users\\Cex\\Documents\\Github\\MeatSlice\\Assets\\Scripts\\Gameplay\\PlayerController.cs","sources":[],"checksums":[]}},"type":"request","seq":53}
--> R (evaluate-53): {"type":"response","request_seq":53,"success":true,"command":"evaluate","body":{"result":"\"(0.00, 0.00, -0.62)\"","type":"UnityEngine.Vector3","variablesReference":50},"seq":537}
<--   C (evaluate-54): {"command":"evaluate","arguments":{"expression":"currentFood.transform.position","frameId":1,"context":"hover","line":147,"column":9,"source":{"name":"PlayerController.cs","path":"c:\\Users\\Cex\\Documents\\Github\\MeatSlice\\Assets\\Scripts\\Gameplay\\PlayerController.cs","sources":[],"checksums":[]}},"type":"request","seq":54}
--> R (evaluate-54): {"type":"response","request_seq":54,"success":true,"command":"evaluate","body":{"result":"\"(0.00, 0.00, -0.62)\"","type":"UnityEngine.Vector3","variablesReference":51},"seq":538}
<--   C (variables-55): {"command":"variables","arguments":{"variablesReference":51},"type":"request","seq":55}
--> R (variables-55): {"type":"response","request_seq":55,"success":true,"command":"variables","body":{"variables":[{"name":"magnitude","value":"0.618937","type":"float","variablesReference":0},{"name":"normalized","value":"\"(0.00, 0.00, -1.00)\"","type":"UnityEngine.Vector3","variablesReference":52},{"name":"sqrMagnitude","value":"0.38308302","type":"float","variablesReference":0},{"name":"x","value":"0","type":"float","variablesReference":0},{"name":"y","value":"0","type":"float","variablesReference":0},{"name":"z","value":"-0.618937","type":"float","variablesReference":0},{"name":"Static members","value":"","type":"","variablesReference":53}]},"seq":539}
<--   C (evaluate-56): {"command":"evaluate","arguments":{"expression":"RoundToPoint","frameId":1,"context":"hover","line":146,"column":92,"source":{"name":"PlayerController.cs","path":"c:\\Users\\Cex\\Documents\\Github\\MeatSlice\\Assets\\Scripts\\Gameplay\\PlayerController.cs","sources":[],"checksums":[]}},"type":"request","seq":56}
--> R (evaluate-56): {"type":"response","request_seq":56,"success":true,"command":"evaluate","body":{"result":"The identifier `RoundToPoint` is not in the scope","type":"","variablesReference":0},"seq":540}
<--   C (evaluate-57): {"command":"evaluate","arguments":{"expression":"current","frameId":1,"context":"hover","line":144,"column":40,"source":{"name":"PlayerController.cs","path":"c:\\Users\\Cex\\Documents\\Github\\MeatSlice\\Assets\\Scripts\\Gameplay\\PlayerController.cs","sources":[],"checksums":[]}},"type":"request","seq":57}
--> R (evaluate-57): {"type":"response","request_seq":57,"success":true,"command":"evaluate","body":{"result":"The identifier `current` is not in the scope","type":"","variablesReference":0},"seq":541}
<--   C (evaluate-58): {"command":"evaluate","arguments":{"expression":"current","frameId":1,"context":"hover","line":144,"column":40,"source":{"name":"PlayerController.cs","path":"c:\\Users\\Cex\\Documents\\Github\\MeatSlice\\Assets\\Scripts\\Gameplay\\PlayerController.cs","sources":[],"checksums":[]}},"type":"request","seq":58}
--> R (evaluate-58): {"type":"response","request_seq":58,"success":true,"command":"evaluate","body":{"result":"The identifier `current` is not in the scope","type":"","variablesReference":0},"seq":542}
<--   C (evaluate-59): {"command":"evaluate","arguments":{"expression":"of","frameId":1,"context":"hover","line":144,"column":37,"source":{"name":"PlayerController.cs","path":"c:\\Users\\Cex\\Documents\\Github\\MeatSlice\\Assets\\Scripts\\Gameplay\\PlayerController.cs","sources":[],"checksums":[]}},"type":"request","seq":59}
--> R (evaluate-59): {"type":"response","request_seq":59,"success":true,"command":"evaluate","body":{"result":"The identifier `of` is not in the scope","type":"","variablesReference":0},"seq":543}
<--   C (evaluate-60): {"command":"evaluate","arguments":{"expression":"positions","frameId":1,"context":"hover","line":144,"column":27,"source":{"name":"PlayerController.cs","path":"c:\\Users\\Cex\\Documents\\Github\\MeatSlice\\Assets\\Scripts\\Gameplay\\PlayerController.cs","sources":[],"checksums":[]}},"type":"request","seq":60}
--> R (evaluate-60): {"type":"response","request_seq":60,"success":true,"command":"evaluate","body":{"result":"The identifier `positions` is not in the scope","type":"","variablesReference":0},"seq":544}
<--   C (evaluate-61): {"command":"evaluate","arguments":{"expression":"positions","frameId":1,"context":"hover","line":144,"column":27,"source":{"name":"PlayerController.cs","path":"c:\\Users\\Cex\\Documents\\Github\\MeatSlice\\Assets\\Scripts\\Gameplay\\PlayerController.cs","sources":[],"checksums":[]}},"type":"request","seq":61}
--> R (evaluate-61): {"type":"response","request_seq":61,"success":true,"command":"evaluate","body":{"result":"The identifier `positions` is not in the scope","type":"","variablesReference":0},"seq":545}
<--   C (evaluate-62): {"command":"evaluate","arguments":{"expression":"positions","frameId":1,"context":"hover","line":144,"column":27,"source":{"name":"PlayerController.cs","path":"c:\\Users\\Cex\\Documents\\Github\\MeatSlice\\Assets\\Scripts\\Gameplay\\PlayerController.cs","sources":[],"checksums":[]}},"type":"request","seq":62}
--> R (evaluate-62): {"type":"response","request_seq":62,"success":true,"command":"evaluate","body":{"result":"The identifier `positions` is not in the scope","type":"","variablesReference":0},"seq":546}
<--   C (evaluate-63): {"command":"evaluate","arguments":{"expression":"positions","frameId":1,"context":"hover","line":144,"column":27,"source":{"name":"PlayerController.cs","path":"c:\\Users\\Cex\\Documents\\Github\\MeatSlice\\Assets\\Scripts\\Gameplay\\PlayerController.cs","sources":[],"checksums":[]}},"type":"request","seq":63}
--> R (evaluate-63): {"type":"response","request_seq":63,"success":true,"command":"evaluate","body":{"result":"The identifier `positions` is not in the scope","type":"","variablesReference":0},"seq":547}
<--   C (evaluate-64): {"command":"evaluate","arguments":{"expression":"","frameId":1,"context":"hover","line":145,"column":0,"source":{"name":"PlayerController.cs","path":"c:\\Users\\Cex\\Documents\\Github\\MeatSlice\\Assets\\Scripts\\Gameplay\\PlayerController.cs","sources":[],"checksums":[]}},"type":"request","seq":64}
--> R (evaluate-64): {"type":"response","request_seq":64,"success":true,"command":"evaluate","body":{"result":"Node not supported: `;`","type":"","variablesReference":0},"seq":548}
<--   C (evaluate-65): {"command":"evaluate","arguments":{"expression":"currentFoodPos","frameId":1,"context":"hover","line":145,"column":17,"source":{"name":"PlayerController.cs","path":"c:\\Users\\Cex\\Documents\\Github\\MeatSlice\\Assets\\Scripts\\Gameplay\\PlayerController.cs","sources":[],"checksums":[]}},"type":"request","seq":65}
--> R (evaluate-65): {"type":"response","request_seq":65,"success":true,"command":"evaluate","body":{"result":"\"(0.00, 0.00, 0.00)\"","type":"UnityEngine.Vector3","variablesReference":54},"seq":549}
<--   C (evaluate-66): {"command":"evaluate","arguments":{"expression":"currentFoodPos","frameId":1,"context":"hover","line":145,"column":17,"source":{"name":"PlayerController.cs","path":"c:\\Users\\Cex\\Documents\\Github\\MeatSlice\\Assets\\Scripts\\Gameplay\\PlayerController.cs","sources":[],"checksums":[]}},"type":"request","seq":66}
--> R (evaluate-66): {"type":"response","request_seq":66,"success":true,"command":"evaluate","body":{"result":"\"(0.00, 0.00, 0.00)\"","type":"UnityEngine.Vector3","variablesReference":55},"seq":550}
<--   C (evaluate-67): {"command":"evaluate","arguments":{"expression":"currentFoodPos","frameId":1,"context":"hover","line":145,"column":17,"source":{"name":"PlayerController.cs","path":"c:\\Users\\Cex\\Documents\\Github\\MeatSlice\\Assets\\Scripts\\Gameplay\\PlayerController.cs","sources":[],"checksums":[]}},"type":"request","seq":67}
--> R (evaluate-67): {"type":"response","request_seq":67,"success":true,"command":"evaluate","body":{"result":"\"(0.00, 0.00, 0.00)\"","type":"UnityEngine.Vector3","variablesReference":56},"seq":551}
<--   C (evaluate-68): {"command":"evaluate","arguments":{"expression":"currentFoodPos","frameId":1,"context":"hover","line":145,"column":17,"source":{"name":"PlayerController.cs","path":"c:\\Users\\Cex\\Documents\\Github\\MeatSlice\\Assets\\Scripts\\Gameplay\\PlayerController.cs","sources":[],"checksums":[]}},"type":"request","seq":68}
--> R (evaluate-68): {"type":"response","request_seq":68,"success":true,"command":"evaluate","body":{"result":"\"(0.00, 0.00, 0.00)\"","type":"UnityEngine.Vector3","variablesReference":57},"seq":552}
<--   C (variables-69): {"command":"variables","arguments":{"variablesReference":57},"type":"request","seq":69}
--> R (variables-69): {"type":"response","request_seq":69,"success":true,"command":"variables","body":{"variables":[{"name":"magnitude","value":"0","type":"float","variablesReference":0},{"name":"normalized","value":"\"(0.00, 0.00, 0.00)\"","type":"UnityEngine.Vector3","variablesReference":58},{"name":"sqrMagnitude","value":"0","type":"float","variablesReference":0},{"name":"x","value":"0","type":"float","variablesReference":0},{"name":"y","value":"0","type":"float","variablesReference":0},{"name":"z","value":"0","type":"float","variablesReference":0},{"name":"Static members","value":"","type":"","variablesReference":59}]},"seq":553}
<--   C (evaluate-70): {"command":"evaluate","arguments":{"expression":"","frameId":1,"context":"hover","line":145,"column":0,"source":{"name":"PlayerController.cs","path":"c:\\Users\\Cex\\Documents\\Github\\MeatSlice\\Assets\\Scripts\\Gameplay\\PlayerController.cs","sources":[],"checksums":[]}},"type":"request","seq":70}
--> R (evaluate-70): {"type":"response","request_seq":70,"success":true,"command":"evaluate","body":{"result":"Node not supported: `;`","type":"","variablesReference":0},"seq":554}
<--   C (evaluate-71): {"command":"evaluate","arguments":{"expression":"current","frameId":1,"context":"hover","line":144,"column":40,"source":{"name":"PlayerController.cs","path":"c:\\Users\\Cex\\Documents\\Github\\MeatSlice\\Assets\\Scripts\\Gameplay\\PlayerController.cs","sources":[],"checksums":[]}},"type":"request","seq":71}
--> R (evaluate-71): {"type":"response","request_seq":71,"success":true,"command":"evaluate","body":{"result":"The identifier `current` is not in the scope","type":"","variablesReference":0},"seq":555}
<--   C (evaluate-72): {"command":"evaluate","arguments":{"expression":"if","frameId":1,"context":"hover","line":141,"column":70,"source":{"name":"PlayerController.cs","path":"c:\\Users\\Cex\\Documents\\Github\\MeatSlice\\Assets\\Scripts\\Gameplay\\PlayerController.cs","sources":[],"checksums":[]}},"type":"request","seq":72}
--> R (evaluate-72): {"type":"response","request_seq":72,"success":false,"command":"evaluate","message":"Unable to parse: `if`","body":{},"seq":556}
<--   C (next-73): {"command":"next","arguments":{"threadId":88452672},"type":"request","seq":73}
--> R (next-73): {"type":"response","request_seq":73,"success":true,"command":"next","body":{},"seq":557}
--> E (stopped): {"type":"event","event":"stopped","body":{"reason":"step","threadId":88452672,"allThreadsStopped":true},"seq":558}
<--   C (threads-74): {"command":"threads","type":"request","seq":74}
--> R (threads-74): {"type":"response","request_seq":74,"success":true,"command":"threads","body":{"threads":[{"id":855215680,"name":"Thread #855215680"},{"id":908404512,"name":"Thread #908404512"},{"id":908404208,"name":"Thread #908404208"},{"id":908403600,"name":"Thread Pool Worker"},{"id":855334160,"name":"Thread Pool Worker"},{"id":855333856,"name":"Timer-Scheduler"},{"id":907893120,"name":"Thread #907893120"},{"id":918681072,"name":"Thread #918681072"},{"id":918681376,"name":"Thread #918681376"},{"id":855334464,"name":"Thread Pool Worker"},{"id":855213856,"name":"Thread Pool I/O Selector"},{"id":907892816,"name":"Thread #907892816"},{"id":855333552,"name":"Thread #855333552"},{"id":88452672,"name":"Thread #88452672"},{"id":88451760,"name":"Thread #88451760"}]},"seq":559}
<--   C (stackTrace-75): {"command":"stackTrace","arguments":{"threadId":88452672,"startFrame":0,"levels":20},"type":"request","seq":75}
--> R (stackTrace-75): {"type":"response","request_seq":75,"success":true,"command":"stackTrace","body":{"stackFrames":[{"id":1,"name":"Void PlayerController:SetNewScale ()","source":{"name":"PlayerController.cs","path":"C:\\Users\\Cex\\Documents\\Github\\MeatSlice\\Assets\\Scripts\\Gameplay\\PlayerController.cs","sources":[],"checksums":[]},"line":146,"column":9},{"id":2,"name":"Void PlayerController:SliceFood ()","source":{"name":"PlayerController.cs","path":"C:\\Users\\Cex\\Documents\\Github\\MeatSlice\\Assets\\Scripts\\Gameplay\\PlayerController.cs","sources":[],"checksums":[]},"line":117,"column":9},{"id":3,"name":"Void UnityEngine.Events.InvokableCall:Invoke ()","line":0,"column":0},{"id":4,"name":"Void UnityEngine.Events.UnityEvent:Invoke ()","line":0,"column":0},{"id":5,"name":"Void UnityEngine.UI.Button:Press ()","source":{"name":"Button.cs","path":"c:\\Users\\Cex\\Documents\\Github\\MeatSlice\\Library\\PackageCache\\com.unity.ugui@1.0.0\\Runtime\\UI\\Core\\Button.cs","sources":[],"checksums":[]},"line":70,"column":13},{"id":6,"name":"Void UnityEngine.UI.Button:OnPointerClick (PointerEventData)","source":{"name":"Button.cs","path":"c:\\Users\\Cex\\Documents\\Github\\MeatSlice\\Library\\PackageCache\\com.unity.ugui@1.0.0\\Runtime\\UI\\Core\\Button.cs","sources":[],"checksums":[]},"line":114,"column":13},{"id":7,"name":"Void UnityEngine.EventSystems.ExecuteEvents:Execute (IPointerClickHandler, BaseEventData)","source":{"name":"ExecuteEvents.cs","path":"c:\\Users\\Cex\\Documents\\Github\\MeatSlice\\Library\\PackageCache\\com.unity.ugui@1.0.0\\Runtime\\EventSystem\\ExecuteEvents.cs","sources":[],"checksums":[]},"line":57,"column":13},{"id":8,"name":"Boolean UnityEngine.EventSystems.ExecuteEvents:Execute (GameObject, BaseEventData, EventFunction`1)","source":{"name":"ExecuteEvents.cs","path":"c:\\Users\\Cex\\Documents\\Github\\MeatSlice\\Library\\PackageCache\\com.unity.ugui@1.0.0\\Runtime\\EventSystem\\ExecuteEvents.cs","sources":[],"checksums":[]},"line":272,"column":21},{"id":9,"name":"Void UnityEngine.EventSystems.StandaloneInputModule:ReleaseMouse (PointerEventData, GameObject)","source":{"name":"StandaloneInputModule.cs","path":"c:\\Users\\Cex\\Documents\\Github\\MeatSlice\\Library\\PackageCache\\com.unity.ugui@1.0.0\\Runtime\\EventSystem\\InputModules\\StandaloneInputModule.cs","sources":[],"checksums":[]},"line":192,"column":17},{"id":10,"name":"Void UnityEngine.EventSystems.StandaloneInputModule:ProcessMousePress (MouseButtonEventData)","source":{"name":"StandaloneInputModule.cs","path":"c:\\Users\\Cex\\Documents\\Github\\MeatSlice\\Library\\PackageCache\\com.unity.ugui@1.0.0\\Runtime\\EventSystem\\InputModules\\StandaloneInputModule.cs","sources":[],"checksums":[]},"line":654,"column":17},{"id":11,"name":"Void UnityEngine.EventSystems.StandaloneInputModule:ProcessMouseEvent (Int32)","source":{"name":"StandaloneInputModule.cs","path":"c:\\Users\\Cex\\Documents\\Github\\MeatSlice\\Library\\PackageCache\\com.unity.ugui@1.0.0\\Runtime\\EventSystem\\InputModules\\StandaloneInputModule.cs","sources":[],"checksums":[]},"line":554,"column":13},{"id":12,"name":"Void UnityEngine.EventSystems.StandaloneInputModule:ProcessMouseEvent ()","source":{"name":"StandaloneInputModule.cs","path":"c:\\Users\\Cex\\Documents\\Github\\MeatSlice\\Library\\PackageCache\\com.unity.ugui@1.0.0\\Runtime\\EventSystem\\InputModules\\StandaloneInputModule.cs","sources":[],"checksums":[]},"line":534,"column":13},{"id":13,"name":"Void UnityEngine.EventSystems.StandaloneInputModule:Process ()","source":{"name":"StandaloneInputModule.cs","path":"c:\\Users\\Cex\\Documents\\Github\\MeatSlice\\Library\\PackageCache\\com.unity.ugui@1.0.0\\Runtime\\EventSystem\\InputModules\\StandaloneInputModule.cs","sources":[],"checksums":[]},"line":282,"column":17},{"id":14,"name":"Void UnityEngine.EventSystems.EventSystem:Update ()","source":{"name":"EventSystem.cs","path":"c:\\Users\\Cex\\Documents\\Github\\MeatSlice\\Library\\PackageCache\\com.unity.ugui@1.0.0\\Runtime\\EventSystem\\EventSystem.cs","sources":[],"checksums":[]},"line":530,"column":17}],"totalFrames":14},"seq":560}
<--   C (evaluate-76): {"command":"evaluate","arguments":{"expression":"previous","frameId":1,"context":"hover","line":141,"column":49,"source":{"name":"PlayerController.cs","path":"c:\\Users\\Cex\\Documents\\Github\\MeatSlice\\Assets\\Scripts\\Gameplay\\PlayerController.cs","sources":[],"checksums":[]}},"type":"request","seq":76}
--> R (evaluate-76): {"type":"response","request_seq":76,"success":true,"command":"evaluate","body":{"result":"The identifier `previous` is not in the scope","type":"","variablesReference":0},"seq":561}
<--   C (evaluate-77): {"command":"evaluate","arguments":{"expression":"of","frameId":1,"context":"hover","line":144,"column":37,"source":{"name":"PlayerController.cs","path":"c:\\Users\\Cex\\Documents\\Github\\MeatSlice\\Assets\\Scripts\\Gameplay\\PlayerController.cs","sources":[],"checksums":[]}},"type":"request","seq":77}
--> R (evaluate-77): {"type":"response","request_seq":77,"success":true,"command":"evaluate","body":{"result":"The identifier `of` is not in the scope","type":"","variablesReference":0},"seq":562}
<--   C (evaluate-78): {"command":"evaluate","arguments":{"expression":"currentFood","frameId":1,"context":"hover","line":145,"column":34,"source":{"name":"PlayerController.cs","path":"c:\\Users\\Cex\\Documents\\Github\\MeatSlice\\Assets\\Scripts\\Gameplay\\PlayerController.cs","sources":[],"checksums":[]}},"type":"request","seq":78}
--> R (evaluate-78): {"type":"response","request_seq":78,"success":true,"command":"evaluate","body":{"result":"\"Tofu(Clone) (UnityEngine.GameObject)\"","type":"UnityEngine.GameObject","variablesReference":1},"seq":563}
<--   C (evaluate-79): {"command":"evaluate","arguments":{"expression":"Vector3","frameId":1,"context":"hover","line":146,"column":30,"source":{"name":"PlayerController.cs","path":"c:\\Users\\Cex\\Documents\\Github\\MeatSlice\\Assets\\Scripts\\Gameplay\\PlayerController.cs","sources":[],"checksums":[]}},"type":"request","seq":79}
--> R (evaluate-79): {"type":"response","request_seq":79,"success":true,"command":"evaluate","body":{"result":"UnityEngine.Vector3","type":"UnityEngine.Vector3","variablesReference":2},"seq":564}
<--   C (evaluate-80): {"command":"evaluate","arguments":{"expression":"Vector3","frameId":1,"context":"hover","line":146,"column":30,"source":{"name":"PlayerController.cs","path":"c:\\Users\\Cex\\Documents\\Github\\MeatSlice\\Assets\\Scripts\\Gameplay\\PlayerController.cs","sources":[],"checksums":[]}},"type":"request","seq":80}
--> R (evaluate-80): {"type":"response","request_seq":80,"success":true,"command":"evaluate","body":{"result":"UnityEngine.Vector3","type":"UnityEngine.Vector3","variablesReference":3},"seq":565}
<--   C (evaluate-81): {"command":"evaluate","arguments":{"expression":"new","frameId":1,"context":"hover","line":146,"column":26,"source":{"name":"PlayerController.cs","path":"c:\\Users\\Cex\\Documents\\Github\\MeatSlice\\Assets\\Scripts\\Gameplay\\PlayerController.cs","sources":[],"checksums":[]}},"type":"request","seq":81}
--> R (evaluate-81): {"type":"response","request_seq":81,"success":false,"command":"evaluate","message":"Unable to parse: `new`","body":{},"seq":566}
<--   C (scopes-82): {"command":"scopes","arguments":{"frameId":1},"type":"request","seq":82}
--> R (scopes-82): {"type":"response","request_seq":82,"success":true,"command":"scopes","body":{"scopes":[{"presentationHint":"locals","name":"Locals","variablesReference":4,"expensive":false}]},"seq":567}
<--   C (variables-83): {"command":"variables","arguments":{"variablesReference":4},"type":"request","seq":83}
--> R (variables-83): {"type":"response","request_seq":83,"success":true,"command":"variables","body":{"variables":[{"name":"Active scene","value":"{UnityEngine.SceneManagement.Scene}","type":"UnityEngine.SceneManagement.Scene","variablesReference":5},{"name":"this","value":"\"Player Controller (PlayerController)\"","type":"PlayerController","variablesReference":6},{"name":"this.gameObject","value":"\"Player Controller (UnityEngine.GameObject)\"","type":"UnityEngine.GameObject","variablesReference":7},{"name":"currentFoodPos","value":"\"(0.00, 0.00, -0.62)\"","type":"UnityEngine.Vector3","variablesReference":8},{"name":"prevFoodPos","value":"\"(0.00, 0.00, 0.00)\"","type":"UnityEngine.Vector3","variablesReference":9},{"name":"distance","value":"0","type":"float","variablesReference":0},{"name":"isSpawnPointA","value":"false","type":"bool","variablesReference":0},{"name":"boxPosition","value":"\"(0.00, 0.00, 0.00)\"","type":"UnityEngine.Vector3","variablesReference":10},{"name":"xDiff","value":"0","type":"float","variablesReference":0},{"name":"zDiff","value":"0","type":"float","variablesReference":0},{"name":"newScale","value":"\"(0.00, 0.00, 0.00)\"","type":"UnityEngine.Vector3","variablesReference":11},{"name":"foodType","value":"Meat","type":"FoodType","variablesReference":0}]},"seq":568}
<--   C (evaluate-84): {"command":"evaluate","arguments":{"expression":"new","frameId":1,"context":"hover","line":146,"column":26,"source":{"name":"PlayerController.cs","path":"c:\\Users\\Cex\\Documents\\Github\\MeatSlice\\Assets\\Scripts\\Gameplay\\PlayerController.cs","sources":[],"checksums":[]}},"type":"request","seq":84}
--> R (evaluate-84): {"type":"response","request_seq":84,"success":false,"command":"evaluate","message":"Unable to parse: `new`","body":{},"seq":569}
<--   C (evaluate-85): {"command":"evaluate","arguments":{"expression":"currentFoodPos","frameId":1,"context":"hover","line":145,"column":17,"source":{"name":"PlayerController.cs","path":"c:\\Users\\Cex\\Documents\\Github\\MeatSlice\\Assets\\Scripts\\Gameplay\\PlayerController.cs","sources":[],"checksums":[]}},"type":"request","seq":85}
--> R (evaluate-85): {"type":"response","request_seq":85,"success":true,"command":"evaluate","body":{"result":"\"(0.00, 0.00, -0.62)\"","type":"UnityEngine.Vector3","variablesReference":12},"seq":570}
<--   C (variables-86): {"command":"variables","arguments":{"variablesReference":12},"type":"request","seq":86}
--> R (variables-86): {"type":"response","request_seq":86,"success":true,"command":"variables","body":{"variables":[{"name":"magnitude","value":"0.618937","type":"float","variablesReference":0},{"name":"normalized","value":"\"(0.00, 0.00, -1.00)\"","type":"UnityEngine.Vector3","variablesReference":13},{"name":"sqrMagnitude","value":"0.38308302","type":"float","variablesReference":0},{"name":"x","value":"0","type":"float","variablesReference":0},{"name":"y","value":"0","type":"float","variablesReference":0},{"name":"z","value":"-0.618937","type":"float","variablesReference":0},{"name":"Static members","value":"","type":"","variablesReference":14}]},"seq":571}
--> E (thread): {"type":"event","event":"thread","body":{"reason":"exited","threadId":855334464},"seq":572}
<--   C (evaluate-87): {"command":"evaluate","arguments":{"expression":"new","frameId":1,"context":"hover","line":146,"column":26,"source":{"name":"PlayerController.cs","path":"c:\\Users\\Cex\\Documents\\Github\\MeatSlice\\Assets\\Scripts\\Gameplay\\PlayerController.cs","sources":[],"checksums":[]}},"type":"request","seq":87}
--> R (evaluate-87): {"type":"response","request_seq":87,"success":false,"command":"evaluate","message":"Unable to parse: `new`","body":{},"seq":573}
<--   C (evaluate-88): {"command":"evaluate","arguments":{"expression":"currentFoodPos","frameId":1,"context":"hover","line":146,"column":9,"source":{"name":"PlayerController.cs","path":"c:\\Users\\Cex\\Documents\\Github\\MeatSlice\\Assets\\Scripts\\Gameplay\\PlayerController.cs","sources":[],"checksums":[]}},"type":"request","seq":88}
--> R (evaluate-88): {"type":"response","request_seq":88,"success":true,"command":"evaluate","body":{"result":"\"(0.00, 0.00, -0.62)\"","type":"UnityEngine.Vector3","variablesReference":15},"seq":574}
<--   C (evaluate-89): {"command":"evaluate","arguments":{"expression":"currentFoodPos","frameId":1,"context":"hover","line":146,"column":9,"source":{"name":"PlayerController.cs","path":"c:\\Users\\Cex\\Documents\\Github\\MeatSlice\\Assets\\Scripts\\Gameplay\\PlayerController.cs","sources":[],"checksums":[]}},"type":"request","seq":89}
--> R (evaluate-89): {"type":"response","request_seq":89,"success":true,"command":"evaluate","body":{"result":"\"(0.00, 0.00, -0.62)\"","type":"UnityEngine.Vector3","variablesReference":16},"seq":575}
<--   C (evaluate-90): {"command":"evaluate","arguments":{"expression":"currentFoodPos","frameId":1,"context":"hover","line":146,"column":9,"source":{"name":"PlayerController.cs","path":"c:\\Users\\Cex\\Documents\\Github\\MeatSlice\\Assets\\Scripts\\Gameplay\\PlayerController.cs","sources":[],"checksums":[]}},"type":"request","seq":90}
--> R (evaluate-90): {"type":"response","request_seq":90,"success":true,"command":"evaluate","body":{"result":"\"(0.00, 0.00, -0.62)\"","type":"UnityEngine.Vector3","variablesReference":17},"seq":576}
<--   C (variables-91): {"command":"variables","arguments":{"variablesReference":17},"type":"request","seq":91}
--> R (variables-91): {"type":"response","request_seq":91,"success":true,"command":"variables","body":{"variables":[{"name":"magnitude","value":"0.618937","type":"float","variablesReference":0},{"name":"normalized","value":"\"(0.00, 0.00, -1.00)\"","type":"UnityEngine.Vector3","variablesReference":18},{"name":"sqrMagnitude","value":"0.38308302","type":"float","variablesReference":0},{"name":"x","value":"0","type":"float","variablesReference":0},{"name":"y","value":"0","type":"float","variablesReference":0},{"name":"z","value":"-0.618937","type":"float","variablesReference":0},{"name":"Static members","value":"","type":"","variablesReference":19}]},"seq":577}
<--   C (next-92): {"command":"next","arguments":{"threadId":88452672},"type":"request","seq":92}
--> R (next-92): {"type":"response","request_seq":92,"success":true,"command":"next","body":{},"seq":578}
--> E (stopped): {"type":"event","event":"stopped","body":{"reason":"step","threadId":88452672,"allThreadsStopped":true},"seq":579}
<--   C (threads-93): {"command":"threads","type":"request","seq":93}
--> R (threads-93): {"type":"response","request_seq":93,"success":true,"command":"threads","body":{"threads":[{"id":855215680,"name":"Thread #855215680"},{"id":908404512,"name":"Thread #908404512"},{"id":908404208,"name":"Thread #908404208"},{"id":908403600,"name":"Thread Pool Worker"},{"id":855334160,"name":"Thread Pool Worker"},{"id":855333856,"name":"Timer-Scheduler"},{"id":907893120,"name":"Thread #907893120"},{"id":918681072,"name":"Thread #918681072"},{"id":918681376,"name":"Thread #918681376"},{"id":855213856,"name":"Thread Pool I/O Selector"},{"id":907892816,"name":"Thread #907892816"},{"id":855333552,"name":"Thread #855333552"},{"id":88452672,"name":"Thread #88452672"},{"id":88451760,"name":"Thread #88451760"}]},"seq":580}
<--   C (stackTrace-94): {"command":"stackTrace","arguments":{"threadId":88452672,"startFrame":0,"levels":20},"type":"request","seq":94}
--> R (stackTrace-94): {"type":"response","request_seq":94,"success":true,"command":"stackTrace","body":{"stackFrames":[{"id":1,"name":"Void PlayerController:SetNewScale ()","source":{"name":"PlayerController.cs","path":"C:\\Users\\Cex\\Documents\\Github\\MeatSlice\\Assets\\Scripts\\Gameplay\\PlayerController.cs","sources":[],"checksums":[]},"line":147,"column":9},{"id":2,"name":"Void PlayerController:SliceFood ()","source":{"name":"PlayerController.cs","path":"C:\\Users\\Cex\\Documents\\Github\\MeatSlice\\Assets\\Scripts\\Gameplay\\PlayerController.cs","sources":[],"checksums":[]},"line":117,"column":9},{"id":3,"name":"Void UnityEngine.Events.InvokableCall:Invoke ()","line":0,"column":0},{"id":4,"name":"Void UnityEngine.Events.UnityEvent:Invoke ()","line":0,"column":0},{"id":5,"name":"Void UnityEngine.UI.Button:Press ()","source":{"name":"Button.cs","path":"c:\\Users\\Cex\\Documents\\Github\\MeatSlice\\Library\\PackageCache\\com.unity.ugui@1.0.0\\Runtime\\UI\\Core\\Button.cs","sources":[],"checksums":[]},"line":70,"column":13},{"id":6,"name":"Void UnityEngine.UI.Button:OnPointerClick (PointerEventData)","source":{"name":"Button.cs","path":"c:\\Users\\Cex\\Documents\\Github\\MeatSlice\\Library\\PackageCache\\com.unity.ugui@1.0.0\\Runtime\\UI\\Core\\Button.cs","sources":[],"checksums":[]},"line":114,"column":13},{"id":7,"name":"Void UnityEngine.EventSystems.ExecuteEvents:Execute (IPointerClickHandler, BaseEventData)","source":{"name":"ExecuteEvents.cs","path":"c:\\Users\\Cex\\Documents\\Github\\MeatSlice\\Library\\PackageCache\\com.unity.ugui@1.0.0\\Runtime\\EventSystem\\ExecuteEvents.cs","sources":[],"checksums":[]},"line":57,"column":13},{"id":8,"name":"Boolean UnityEngine.EventSystems.ExecuteEvents:Execute (GameObject, BaseEventData, EventFunction`1)","source":{"name":"ExecuteEvents.cs","path":"c:\\Users\\Cex\\Documents\\Github\\MeatSlice\\Library\\PackageCache\\com.unity.ugui@1.0.0\\Runtime\\EventSystem\\ExecuteEvents.cs","sources":[],"checksums":[]},"line":272,"column":21},{"id":9,"name":"Void UnityEngine.EventSystems.StandaloneInputModule:ReleaseMouse (PointerEventData, GameObject)","source":{"name":"StandaloneInputModule.cs","path":"c:\\Users\\Cex\\Documents\\Github\\MeatSlice\\Library\\PackageCache\\com.unity.ugui@1.0.0\\Runtime\\EventSystem\\InputModules\\StandaloneInputModule.cs","sources":[],"checksums":[]},"line":192,"column":17},{"id":10,"name":"Void UnityEngine.EventSystems.StandaloneInputModule:ProcessMousePress (MouseButtonEventData)","source":{"name":"StandaloneInputModule.cs","path":"c:\\Users\\Cex\\Documents\\Github\\MeatSlice\\Library\\PackageCache\\com.unity.ugui@1.0.0\\Runtime\\EventSystem\\InputModules\\StandaloneInputModule.cs","sources":[],"checksums":[]},"line":654,"column":17},{"id":11,"name":"Void UnityEngine.EventSystems.StandaloneInputModule:ProcessMouseEvent (Int32)","source":{"name":"StandaloneInputModule.cs","path":"c:\\Users\\Cex\\Documents\\Github\\MeatSlice\\Library\\PackageCache\\com.unity.ugui@1.0.0\\Runtime\\EventSystem\\InputModules\\StandaloneInputModule.cs","sources":[],"checksums":[]},"line":554,"column":13},{"id":12,"name":"Void UnityEngine.EventSystems.StandaloneInputModule:ProcessMouseEvent ()","source":{"name":"StandaloneInputModule.cs","path":"c:\\Users\\Cex\\Documents\\Github\\MeatSlice\\Library\\PackageCache\\com.unity.ugui@1.0.0\\Runtime\\EventSystem\\InputModules\\StandaloneInputModule.cs","sources":[],"checksums":[]},"line":534,"column":13},{"id":13,"name":"Void UnityEngine.EventSystems.StandaloneInputModule:Process ()","source":{"name":"StandaloneInputModule.cs","path":"c:\\Users\\Cex\\Documents\\Github\\MeatSlice\\Library\\PackageCache\\com.unity.ugui@1.0.0\\Runtime\\EventSystem\\InputModules\\StandaloneInputModule.cs","sources":[],"checksums":[]},"line":282,"column":17},{"id":14,"name":"Void UnityEngine.EventSystems.EventSystem:Update ()","source":{"name":"EventSystem.cs","path":"c:\\Users\\Cex\\Documents\\Github\\MeatSlice\\Library\\PackageCache\\com.unity.ugui@1.0.0\\Runtime\\EventSystem\\EventSystem.cs","sources":[],"checksums":[]},"line":530,"column":17}],"totalFrames":14},"seq":581}
<--   C (scopes-95): {"command":"scopes","arguments":{"frameId":1},"type":"request","seq":95}
--> R (scopes-95): {"type":"response","request_seq":95,"success":true,"command":"scopes","body":{"scopes":[{"presentationHint":"locals","name":"Locals","variablesReference":1,"expensive":false}]},"seq":582}
<--   C (variables-96): {"command":"variables","arguments":{"variablesReference":1},"type":"request","seq":96}
--> R (variables-96): {"type":"response","request_seq":96,"success":true,"command":"variables","body":{"variables":[{"name":"Active scene","value":"{UnityEngine.SceneManagement.Scene}","type":"UnityEngine.SceneManagement.Scene","variablesReference":2},{"name":"this","value":"\"Player Controller (PlayerController)\"","type":"PlayerController","variablesReference":3},{"name":"this.gameObject","value":"\"Player Controller (UnityEngine.GameObject)\"","type":"UnityEngine.GameObject","variablesReference":4},{"name":"currentFoodPos","value":"\"(0.00, 0.00, -0.50)\"","type":"UnityEngine.Vector3","variablesReference":5},{"name":"prevFoodPos","value":"\"(0.00, 0.00, 0.00)\"","type":"UnityEngine.Vector3","variablesReference":6},{"name":"distance","value":"0","type":"float","variablesReference":0},{"name":"isSpawnPointA","value":"false","type":"bool","variablesReference":0},{"name":"boxPosition","value":"\"(0.00, 0.00, 0.00)\"","type":"UnityEngine.Vector3","variablesReference":7},{"name":"xDiff","value":"0","type":"float","variablesReference":0},{"name":"zDiff","value":"0","type":"float","variablesReference":0},{"name":"newScale","value":"\"(0.00, 0.00, 0.00)\"","type":"UnityEngine.Vector3","variablesReference":8},{"name":"foodType","value":"Meat","type":"FoodType","variablesReference":0}]},"seq":583}
<--   C (next-97): {"command":"next","arguments":{"threadId":88452672},"type":"request","seq":97}
--> R (next-97): {"type":"response","request_seq":97,"success":true,"command":"next","body":{},"seq":584}
--> E (stopped): {"type":"event","event":"stopped","body":{"reason":"step","threadId":88452672,"allThreadsStopped":true},"seq":585}
<--   C (threads-98): {"command":"threads","type":"request","seq":98}
--> R (threads-98): {"type":"response","request_seq":98,"success":true,"command":"threads","body":{"threads":[{"id":855215680,"name":"Thread #855215680"},{"id":908404512,"name":"Thread #908404512"},{"id":908404208,"name":"Thread #908404208"},{"id":908403600,"name":"Thread Pool Worker"},{"id":855334160,"name":"Thread Pool Worker"},{"id":855333856,"name":"Timer-Scheduler"},{"id":907893120,"name":"Thread #907893120"},{"id":918681072,"name":"Thread #918681072"},{"id":918681376,"name":"Thread #918681376"},{"id":855213856,"name":"Thread Pool I/O Selector"},{"id":907892816,"name":"Thread #907892816"},{"id":855333552,"name":"Thread #855333552"},{"id":88452672,"name":"Thread #88452672"},{"id":88451760,"name":"Thread #88451760"}]},"seq":586}
<--   C (stackTrace-99): {"command":"stackTrace","arguments":{"threadId":88452672,"startFrame":0,"levels":20},"type":"request","seq":99}
--> R (stackTrace-99): {"type":"response","request_seq":99,"success":true,"command":"stackTrace","body":{"stackFrames":[{"id":1,"name":"Void PlayerController:SetNewScale ()","source":{"name":"PlayerController.cs","path":"C:\\Users\\Cex\\Documents\\Github\\MeatSlice\\Assets\\Scripts\\Gameplay\\PlayerController.cs","sources":[],"checksums":[]},"line":149,"column":9},{"id":2,"name":"Void PlayerController:SliceFood ()","source":{"name":"PlayerController.cs","path":"C:\\Users\\Cex\\Documents\\Github\\MeatSlice\\Assets\\Scripts\\Gameplay\\PlayerController.cs","sources":[],"checksums":[]},"line":117,"column":9},{"id":3,"name":"Void UnityEngine.Events.InvokableCall:Invoke ()","line":0,"column":0},{"id":4,"name":"Void UnityEngine.Events.UnityEvent:Invoke ()","line":0,"column":0},{"id":5,"name":"Void UnityEngine.UI.Button:Press ()","source":{"name":"Button.cs","path":"c:\\Users\\Cex\\Documents\\Github\\MeatSlice\\Library\\PackageCache\\com.unity.ugui@1.0.0\\Runtime\\UI\\Core\\Button.cs","sources":[],"checksums":[]},"line":70,"column":13},{"id":6,"name":"Void UnityEngine.UI.Button:OnPointerClick (PointerEventData)","source":{"name":"Button.cs","path":"c:\\Users\\Cex\\Documents\\Github\\MeatSlice\\Library\\PackageCache\\com.unity.ugui@1.0.0\\Runtime\\UI\\Core\\Button.cs","sources":[],"checksums":[]},"line":114,"column":13},{"id":7,"name":"Void UnityEngine.EventSystems.ExecuteEvents:Execute (IPointerClickHandler, BaseEventData)","source":{"name":"ExecuteEvents.cs","path":"c:\\Users\\Cex\\Documents\\Github\\MeatSlice\\Library\\PackageCache\\com.unity.ugui@1.0.0\\Runtime\\EventSystem\\ExecuteEvents.cs","sources":[],"checksums":[]},"line":57,"column":13},{"id":8,"name":"Boolean UnityEngine.EventSystems.ExecuteEvents:Execute (GameObject, BaseEventData, EventFunction`1)","source":{"name":"ExecuteEvents.cs","path":"c:\\Users\\Cex\\Documents\\Github\\MeatSlice\\Library\\PackageCache\\com.unity.ugui@1.0.0\\Runtime\\EventSystem\\ExecuteEvents.cs","sources":[],"checksums":[]},"line":272,"column":21},{"id":9,"name":"Void UnityEngine.EventSystems.StandaloneInputModule:ReleaseMouse (PointerEventData, GameObject)","source":{"name":"StandaloneInputModule.cs","path":"c:\\Users\\Cex\\Documents\\Github\\MeatSlice\\Library\\PackageCache\\com.unity.ugui@1.0.0\\Runtime\\EventSystem\\InputModules\\StandaloneInputModule.cs","sources":[],"checksums":[]},"line":192,"column":17},{"id":10,"name":"Void UnityEngine.EventSystems.StandaloneInputModule:ProcessMousePress (MouseButtonEventData)","source":{"name":"StandaloneInputModule.cs","path":"c:\\Users\\Cex\\Documents\\Github\\MeatSlice\\Library\\PackageCache\\com.unity.ugui@1.0.0\\Runtime\\EventSystem\\InputModules\\StandaloneInputModule.cs","sources":[],"checksums":[]},"line":654,"column":17},{"id":11,"name":"Void UnityEngine.EventSystems.StandaloneInputModule:ProcessMouseEvent (Int32)","source":{"name":"StandaloneInputModule.cs","path":"c:\\Users\\Cex\\Documents\\Github\\MeatSlice\\Library\\PackageCache\\com.unity.ugui@1.0.0\\Runtime\\EventSystem\\InputModules\\StandaloneInputModule.cs","sources":[],"checksums":[]},"line":554,"column":13},{"id":12,"name":"Void UnityEngine.EventSystems.StandaloneInputModule:ProcessMouseEvent ()","source":{"name":"StandaloneInputModule.cs","path":"c:\\Users\\Cex\\Documents\\Github\\MeatSlice\\Library\\PackageCache\\com.unity.ugui@1.0.0\\Runtime\\EventSystem\\InputModules\\StandaloneInputModule.cs","sources":[],"checksums":[]},"line":534,"column":13},{"id":13,"name":"Void UnityEngine.EventSystems.StandaloneInputModule:Process ()","source":{"name":"StandaloneInputModule.cs","path":"c:\\Users\\Cex\\Documents\\Github\\MeatSlice\\Library\\PackageCache\\com.unity.ugui@1.0.0\\Runtime\\EventSystem\\InputModules\\StandaloneInputModule.cs","sources":[],"checksums":[]},"line":282,"column":17},{"id":14,"name":"Void UnityEngine.EventSystems.EventSystem:Update ()","source":{"name":"EventSystem.cs","path":"c:\\Users\\Cex\\Documents\\Github\\MeatSlice\\Library\\PackageCache\\com.unity.ugui@1.0.0\\Runtime\\EventSystem\\EventSystem.cs","sources":[],"checksums":[]},"line":530,"column":17}],"totalFrames":14},"seq":587}
<--   C (stackTrace-100): {"command":"stackTrace","arguments":{"threadId":88452672,"startFrame":0,"levels":20},"type":"request","seq":100}
--> R (stackTrace-100): {"type":"response","request_seq":100,"success":true,"command":"stackTrace","body":{"stackFrames":[{"id":15,"name":"Void PlayerController:SetNewScale ()","source":{"name":"PlayerController.cs","path":"C:\\Users\\Cex\\Documents\\Github\\MeatSlice\\Assets\\Scripts\\Gameplay\\PlayerController.cs","sources":[],"checksums":[]},"line":149,"column":9},{"id":16,"name":"Void PlayerController:SliceFood ()","source":{"name":"PlayerController.cs","path":"C:\\Users\\Cex\\Documents\\Github\\MeatSlice\\Assets\\Scripts\\Gameplay\\PlayerController.cs","sources":[],"checksums":[]},"line":117,"column":9},{"id":17,"name":"Void UnityEngine.Events.InvokableCall:Invoke ()","line":0,"column":0},{"id":18,"name":"Void UnityEngine.Events.UnityEvent:Invoke ()","line":0,"column":0},{"id":19,"name":"Void UnityEngine.UI.Button:Press ()","source":{"name":"Button.cs","path":"c:\\Users\\Cex\\Documents\\Github\\MeatSlice\\Library\\PackageCache\\com.unity.ugui@1.0.0\\Runtime\\UI\\Core\\Button.cs","sources":[],"checksums":[]},"line":70,"column":13},{"id":20,"name":"Void UnityEngine.UI.Button:OnPointerClick (PointerEventData)","source":{"name":"Button.cs","path":"c:\\Users\\Cex\\Documents\\Github\\MeatSlice\\Library\\PackageCache\\com.unity.ugui@1.0.0\\Runtime\\UI\\Core\\Button.cs","sources":[],"checksums":[]},"line":114,"column":13},{"id":21,"name":"Void UnityEngine.EventSystems.ExecuteEvents:Execute (IPointerClickHandler, BaseEventData)","source":{"name":"ExecuteEvents.cs","path":"c:\\Users\\Cex\\Documents\\Github\\MeatSlice\\Library\\PackageCache\\com.unity.ugui@1.0.0\\Runtime\\EventSystem\\ExecuteEvents.cs","sources":[],"checksums":[]},"line":57,"column":13},{"id":22,"name":"Boolean UnityEngine.EventSystems.ExecuteEvents:Execute (GameObject, BaseEventData, EventFunction`1)","source":{"name":"ExecuteEvents.cs","path":"c:\\Users\\Cex\\Documents\\Github\\MeatSlice\\Library\\PackageCache\\com.unity.ugui@1.0.0\\Runtime\\EventSystem\\ExecuteEvents.cs","sources":[],"checksums":[]},"line":272,"column":21},{"id":23,"name":"Void UnityEngine.EventSystems.StandaloneInputModule:ReleaseMouse (PointerEventData, GameObject)","source":{"name":"StandaloneInputModule.cs","path":"c:\\Users\\Cex\\Documents\\Github\\MeatSlice\\Library\\PackageCache\\com.unity.ugui@1.0.0\\Runtime\\EventSystem\\InputModules\\StandaloneInputModule.cs","sources":[],"checksums":[]},"line":192,"column":17},{"id":24,"name":"Void UnityEngine.EventSystems.StandaloneInputModule:ProcessMousePress (MouseButtonEventData)","source":{"name":"StandaloneInputModule.cs","path":"c:\\Users\\Cex\\Documents\\Github\\MeatSlice\\Library\\PackageCache\\com.unity.ugui@1.0.0\\Runtime\\EventSystem\\InputModules\\StandaloneInputModule.cs","sources":[],"checksums":[]},"line":654,"column":17},{"id":25,"name":"Void UnityEngine.EventSystems.StandaloneInputModule:ProcessMouseEvent (Int32)","source":{"name":"StandaloneInputModule.cs","path":"c:\\Users\\Cex\\Documents\\Github\\MeatSlice\\Library\\PackageCache\\com.unity.ugui@1.0.0\\Runtime\\EventSystem\\InputModules\\StandaloneInputModule.cs","sources":[],"checksums":[]},"line":554,"column":13},{"id":26,"name":"Void UnityEngine.EventSystems.StandaloneInputModule:ProcessMouseEvent ()","source":{"name":"StandaloneInputModule.cs","path":"c:\\Users\\Cex\\Documents\\Github\\MeatSlice\\Library\\PackageCache\\com.unity.ugui@1.0.0\\Runtime\\EventSystem\\InputModules\\StandaloneInputModule.cs","sources":[],"checksums":[]},"line":534,"column":13},{"id":27,"name":"Void UnityEngine.EventSystems.StandaloneInputModule:Process ()","source":{"name":"StandaloneInputModule.cs","path":"c:\\Users\\Cex\\Documents\\Github\\MeatSlice\\Library\\PackageCache\\com.unity.ugui@1.0.0\\Runtime\\EventSystem\\InputModules\\StandaloneInputModule.cs","sources":[],"checksums":[]},"line":282,"column":17},{"id":28,"name":"Void UnityEngine.EventSystems.EventSystem:Update ()","source":{"name":"EventSystem.cs","path":"c:\\Users\\Cex\\Documents\\Github\\MeatSlice\\Library\\PackageCache\\com.unity.ugui@1.0.0\\Runtime\\EventSystem\\EventSystem.cs","sources":[],"checksums":[]},"line":530,"column":17}],"totalFrames":14},"seq":588}
<--   C (evaluate-101): {"command":"evaluate","arguments":{"expression":"previous","frameId":1,"context":"hover","line":141,"column":49,"source":{"name":"PlayerController.cs","path":"c:\\Users\\Cex\\Documents\\Github\\MeatSlice\\Assets\\Scripts\\Gameplay\\PlayerController.cs","sources":[],"checksums":[]}},"type":"request","seq":101}
--> R (evaluate-101): {"type":"response","request_seq":101,"success":true,"command":"evaluate","body":{"result":"The identifier `previous` is not in the scope","type":"","variablesReference":0},"seq":589}
<--   C (evaluate-102): {"command":"evaluate","arguments":{"expression":"current","frameId":1,"context":"hover","line":144,"column":40,"source":{"name":"PlayerController.cs","path":"c:\\Users\\Cex\\Documents\\Github\\MeatSlice\\Assets\\Scripts\\Gameplay\\PlayerController.cs","sources":[],"checksums":[]}},"type":"request","seq":102}
--> R (evaluate-102): {"type":"response","request_seq":102,"success":true,"command":"evaluate","body":{"result":"The identifier `current` is not in the scope","type":"","variablesReference":0},"seq":590}
<--   C (evaluate-103): {"command":"evaluate","arguments":{"expression":"of","frameId":1,"context":"hover","line":144,"column":37,"source":{"name":"PlayerController.cs","path":"c:\\Users\\Cex\\Documents\\Github\\MeatSlice\\Assets\\Scripts\\Gameplay\\PlayerController.cs","sources":[],"checksums":[]}},"type":"request","seq":103}
--> R (evaluate-103): {"type":"response","request_seq":103,"success":true,"command":"evaluate","body":{"result":"The identifier `of` is not in the scope","type":"","variablesReference":0},"seq":591}
<--   C (evaluate-104): {"command":"evaluate","arguments":{"expression":"currentFood","frameId":1,"context":"hover","line":145,"column":34,"source":{"name":"PlayerController.cs","path":"c:\\Users\\Cex\\Documents\\Github\\MeatSlice\\Assets\\Scripts\\Gameplay\\PlayerController.cs","sources":[],"checksums":[]}},"type":"request","seq":104}
--> R (evaluate-104): {"type":"response","request_seq":104,"success":true,"command":"evaluate","body":{"result":"\"Tofu(Clone) (UnityEngine.GameObject)\"","type":"UnityEngine.GameObject","variablesReference":1},"seq":592}
<--   C (variables-105): {"command":"variables","arguments":{"variablesReference":1},"type":"request","seq":105}
--> R (variables-105): {"type":"response","request_seq":105,"success":true,"command":"variables","body":{"variables":[{"name":"Components","value":"","type":"","variablesReference":2},{"name":"Children","value":"","type":"","variablesReference":3},{"name":"Scene path","value":"\"Meat Slice Game/Player Controller/Tofu(Clone)\"","type":"string","variablesReference":0},{"name":"base","value":"\"Tofu(Clone) (UnityEngine.GameObject)\"","type":"UnityEngine.Object","variablesReference":4},{"name":"activeInHierarchy","value":"true","type":"bool","variablesReference":0},{"name":"activeSelf","value":"true","type":"bool","variablesReference":0},{"name":"gameObject","value":"\"Tofu(Clone) (UnityEngine.GameObject)\"","type":"UnityEngine.GameObject","variablesReference":5},{"name":"isStatic","value":"false","type":"bool","variablesReference":0},{"name":"layer","value":"0","type":"int","variablesReference":0},{"name":"scene","value":"{UnityEngine.SceneManagement.Scene}","type":"UnityEngine.SceneManagement.Scene","variablesReference":6},{"name":"sceneCullingMask","value":"16140901064495857664","type":"ulong","variablesReference":0},{"name":"tag","value":"\"Untagged\"","type":"string","variablesReference":0},{"name":"transform","value":"\"Tofu(Clone) (UnityEngine.Transform)\"","type":"UnityEngine.Transform","variablesReference":7},{"name":"Non-Public members","value":"","type":"","variablesReference":8}]},"seq":593}
<--   C (scopes-106): {"command":"scopes","arguments":{"frameId":1},"type":"request","seq":106}
--> R (scopes-106): {"type":"response","request_seq":106,"success":true,"command":"scopes","body":{"scopes":[{"presentationHint":"locals","name":"Locals","variablesReference":9,"expensive":false}]},"seq":594}
<--   C (variables-107): {"command":"variables","arguments":{"variablesReference":9},"type":"request","seq":107}
--> R (variables-107): {"type":"response","request_seq":107,"success":true,"command":"variables","body":{"variables":[{"name":"Active scene","value":"{UnityEngine.SceneManagement.Scene}","type":"UnityEngine.SceneManagement.Scene","variablesReference":10},{"name":"this","value":"\"Player Controller (PlayerController)\"","type":"PlayerController","variablesReference":11},{"name":"this.gameObject","value":"\"Player Controller (UnityEngine.GameObject)\"","type":"UnityEngine.GameObject","variablesReference":12},{"name":"currentFoodPos","value":"\"(0.00, 0.00, -0.50)\"","type":"UnityEngine.Vector3","variablesReference":13},{"name":"prevFoodPos","value":"\"(0.00, 0.00, 0.00)\"","type":"UnityEngine.Vector3","variablesReference":14},{"name":"distance","value":"0","type":"float","variablesReference":0},{"name":"isSpawnPointA","value":"false","type":"bool","variablesReference":0},{"name":"boxPosition","value":"\"(0.00, 0.00, 0.00)\"","type":"UnityEngine.Vector3","variablesReference":15},{"name":"xDiff","value":"0","type":"float","variablesReference":0},{"name":"zDiff","value":"0","type":"float","variablesReference":0},{"name":"newScale","value":"\"(0.00, 0.00, 0.00)\"","type":"UnityEngine.Vector3","variablesReference":16},{"name":"foodType","value":"Meat","type":"FoodType","variablesReference":0}]},"seq":595}
<--   C (evaluate-108): {"command":"evaluate","arguments":{"expression":"new","frameId":1,"context":"hover","line":146,"column":26,"source":{"name":"PlayerController.cs","path":"c:\\Users\\Cex\\Documents\\Github\\MeatSlice\\Assets\\Scripts\\Gameplay\\PlayerController.cs","sources":[],"checksums":[]}},"type":"request","seq":108}
--> R (evaluate-108): {"type":"response","request_seq":108,"success":false,"command":"evaluate","message":"Unable to parse: `new`","body":{},"seq":596}
<--   C (evaluate-109): {"command":"evaluate","arguments":{"expression":"Vector3","frameId":1,"context":"hover","line":146,"column":30,"source":{"name":"PlayerController.cs","path":"c:\\Users\\Cex\\Documents\\Github\\MeatSlice\\Assets\\Scripts\\Gameplay\\PlayerController.cs","sources":[],"checksums":[]}},"type":"request","seq":109}
--> R (evaluate-109): {"type":"response","request_seq":109,"success":true,"command":"evaluate","body":{"result":"UnityEngine.Vector3","type":"UnityEngine.Vector3","variablesReference":17},"seq":597}
<--   C (variables-110): {"command":"variables","arguments":{"variablesReference":17},"type":"request","seq":110}
--> R (variables-110): {"type":"response","request_seq":110,"success":true,"command":"variables","body":{"variables":[{"name":"back","value":"\"(0.00, 0.00, -1.00)\"","type":"UnityEngine.Vector3","variablesReference":18},{"name":"down","value":"\"(0.00, -1.00, 0.00)\"","type":"UnityEngine.Vector3","variablesReference":19},{"name":"forward","value":"\"(0.00, 0.00, 1.00)\"","type":"UnityEngine.Vector3","variablesReference":20},{"name":"kEpsilon","value":"1E-05","type":"float","variablesReference":0},{"name":"kEpsilonNormalSqrt","value":"1E-15","type":"float","variablesReference":0},{"name":"left","value":"\"(-1.00, 0.00, 0.00)\"","type":"UnityEngine.Vector3","variablesReference":21},{"name":"negativeInfinity","value":"\"(-Infinity, -Infinity, -Infinity)\"","type":"UnityEngine.Vector3","variablesReference":22},{"name":"one","value":"\"(1.00, 1.00, 1.00)\"","type":"UnityEngine.Vector3","variablesReference":23},{"name":"positiveInfinity","value":"\"(Infinity, Infinity, Infinity)\"","type":"UnityEngine.Vector3","variablesReference":24},{"name":"right","value":"\"(1.00, 0.00, 0.00)\"","type":"UnityEngine.Vector3","variablesReference":25},{"name":"up","value":"\"(0.00, 1.00, 0.00)\"","type":"UnityEngine.Vector3","variablesReference":26},{"name":"zero","value":"\"(0.00, 0.00, 0.00)\"","type":"UnityEngine.Vector3","variablesReference":27},{"name":"Non-Public members","value":"","type":"","variablesReference":28}]},"seq":598}
<--   C (evaluate-111): {"command":"evaluate","arguments":{"expression":"new","frameId":1,"context":"hover","line":146,"column":26,"source":{"name":"PlayerController.cs","path":"c:\\Users\\Cex\\Documents\\Github\\MeatSlice\\Assets\\Scripts\\Gameplay\\PlayerController.cs","sources":[],"checksums":[]}},"type":"request","seq":111}
--> R (evaluate-111): {"type":"response","request_seq":111,"success":false,"command":"evaluate","message":"Unable to parse: `new`","body":{},"seq":599}
<--   C (evaluate-112): {"command":"evaluate","arguments":{"expression":"currentFood.transform","frameId":1,"context":"hover","line":147,"column":9,"source":{"name":"PlayerController.cs","path":"c:\\Users\\Cex\\Documents\\Github\\MeatSlice\\Assets\\Scripts\\Gameplay\\PlayerController.cs","sources":[],"checksums":[]}},"type":"request","seq":112}
--> R (evaluate-112): {"type":"response","request_seq":112,"success":true,"command":"evaluate","body":{"result":"\"Tofu(Clone) (UnityEngine.Transform)\"","type":"UnityEngine.Transform","variablesReference":29},"seq":600}
<--   C (evaluate-113): {"command":"evaluate","arguments":{"expression":"currentFood.transform","frameId":1,"context":"hover","line":147,"column":9,"source":{"name":"PlayerController.cs","path":"c:\\Users\\Cex\\Documents\\Github\\MeatSlice\\Assets\\Scripts\\Gameplay\\PlayerController.cs","sources":[],"checksums":[]}},"type":"request","seq":113}
--> R (evaluate-113): {"type":"response","request_seq":113,"success":true,"command":"evaluate","body":{"result":"\"Tofu(Clone) (UnityEngine.Transform)\"","type":"UnityEngine.Transform","variablesReference":30},"seq":601}
<--   C (evaluate-114): {"command":"evaluate","arguments":{"expression":"currentFood.transform","frameId":1,"context":"hover","line":147,"column":9,"source":{"name":"PlayerController.cs","path":"c:\\Users\\Cex\\Documents\\Github\\MeatSlice\\Assets\\Scripts\\Gameplay\\PlayerController.cs","sources":[],"checksums":[]}},"type":"request","seq":114}
--> R (evaluate-114): {"type":"response","request_seq":114,"success":true,"command":"evaluate","body":{"result":"\"Tofu(Clone) (UnityEngine.Transform)\"","type":"UnityEngine.Transform","variablesReference":31},"seq":602}
<--   C (evaluate-115): {"command":"evaluate","arguments":{"expression":"currentFood","frameId":1,"context":"hover","line":147,"column":9,"source":{"name":"PlayerController.cs","path":"c:\\Users\\Cex\\Documents\\Github\\MeatSlice\\Assets\\Scripts\\Gameplay\\PlayerController.cs","sources":[],"checksums":[]}},"type":"request","seq":115}
--> R (evaluate-115): {"type":"response","request_seq":115,"success":true,"command":"evaluate","body":{"result":"\"Tofu(Clone) (UnityEngine.GameObject)\"","type":"UnityEngine.GameObject","variablesReference":32},"seq":603}
<--   C (variables-116): {"command":"variables","arguments":{"variablesReference":32},"type":"request","seq":116}
--> R (variables-116): {"type":"response","request_seq":116,"success":true,"command":"variables","body":{"variables":[{"name":"Components","value":"","type":"","variablesReference":33},{"name":"Children","value":"","type":"","variablesReference":34},{"name":"Scene path","value":"\"Meat Slice Game/Player Controller/Tofu(Clone)\"","type":"string","variablesReference":0},{"name":"base","value":"\"Tofu(Clone) (UnityEngine.GameObject)\"","type":"UnityEngine.Object","variablesReference":35},{"name":"activeInHierarchy","value":"true","type":"bool","variablesReference":0},{"name":"activeSelf","value":"true","type":"bool","variablesReference":0},{"name":"gameObject","value":"\"Tofu(Clone) (UnityEngine.GameObject)\"","type":"UnityEngine.GameObject","variablesReference":36},{"name":"isStatic","value":"false","type":"bool","variablesReference":0},{"name":"layer","value":"0","type":"int","variablesReference":0},{"name":"scene","value":"{UnityEngine.SceneManagement.Scene}","type":"UnityEngine.SceneManagement.Scene","variablesReference":37},{"name":"sceneCullingMask","value":"16140901064495857664","type":"ulong","variablesReference":0},{"name":"tag","value":"\"Untagged\"","type":"string","variablesReference":0},{"name":"transform","value":"\"Tofu(Clone) (UnityEngine.Transform)\"","type":"UnityEngine.Transform","variablesReference":38},{"name":"Non-Public members","value":"","type":"","variablesReference":39}]},"seq":604}
<--   C (evaluate-117): {"command":"evaluate","arguments":{"expression":"food","frameId":1,"context":"hover","line":144,"column":61,"source":{"name":"PlayerController.cs","path":"c:\\Users\\Cex\\Documents\\Github\\MeatSlice\\Assets\\Scripts\\Gameplay\\PlayerController.cs","sources":[],"checksums":[]}},"type":"request","seq":117}
--> R (evaluate-117): {"type":"response","request_seq":117,"success":true,"command":"evaluate","body":{"result":"The identifier `food` is not in the scope","type":"","variablesReference":0},"seq":605}
<--   C (evaluate-118): {"command":"evaluate","arguments":{"expression":"currentFood.transform.position","frameId":1,"context":"hover","line":145,"column":34,"source":{"name":"PlayerController.cs","path":"c:\\Users\\Cex\\Documents\\Github\\MeatSlice\\Assets\\Scripts\\Gameplay\\PlayerController.cs","sources":[],"checksums":[]}},"type":"request","seq":118}
--> R (evaluate-118): {"type":"response","request_seq":118,"success":true,"command":"evaluate","body":{"result":"\"(0.00, 0.00, -0.50)\"","type":"UnityEngine.Vector3","variablesReference":40},"seq":606}
<--   C (evaluate-119): {"command":"evaluate","arguments":{"expression":"currentFood.transform","frameId":1,"context":"hover","line":145,"column":34,"source":{"name":"PlayerController.cs","path":"c:\\Users\\Cex\\Documents\\Github\\MeatSlice\\Assets\\Scripts\\Gameplay\\PlayerController.cs","sources":[],"checksums":[]}},"type":"request","seq":119}
--> R (evaluate-119): {"type":"response","request_seq":119,"success":true,"command":"evaluate","body":{"result":"\"Tofu(Clone) (UnityEngine.Transform)\"","type":"UnityEngine.Transform","variablesReference":41},"seq":607}
<--   C (evaluate-120): {"command":"evaluate","arguments":{"expression":"currentFood.transform","frameId":1,"context":"hover","line":145,"column":34,"source":{"name":"PlayerController.cs","path":"c:\\Users\\Cex\\Documents\\Github\\MeatSlice\\Assets\\Scripts\\Gameplay\\PlayerController.cs","sources":[],"checksums":[]}},"type":"request","seq":120}
--> R (evaluate-120): {"type":"response","request_seq":120,"success":true,"command":"evaluate","body":{"result":"\"Tofu(Clone) (UnityEngine.Transform)\"","type":"UnityEngine.Transform","variablesReference":42},"seq":608}
<--   C (evaluate-121): {"command":"evaluate","arguments":{"expression":"currentFood.transform","frameId":1,"context":"hover","line":145,"column":34,"source":{"name":"PlayerController.cs","path":"c:\\Users\\Cex\\Documents\\Github\\MeatSlice\\Assets\\Scripts\\Gameplay\\PlayerController.cs","sources":[],"checksums":[]}},"type":"request","seq":121}
--> R (evaluate-121): {"type":"response","request_seq":121,"success":true,"command":"evaluate","body":{"result":"\"Tofu(Clone) (UnityEngine.Transform)\"","type":"UnityEngine.Transform","variablesReference":43},"seq":609}
<--   C (evaluate-122): {"command":"evaluate","arguments":{"expression":"currentFood","frameId":1,"context":"hover","line":145,"column":34,"source":{"name":"PlayerController.cs","path":"c:\\Users\\Cex\\Documents\\Github\\MeatSlice\\Assets\\Scripts\\Gameplay\\PlayerController.cs","sources":[],"checksums":[]}},"type":"request","seq":122}
--> R (evaluate-122): {"type":"response","request_seq":122,"success":true,"command":"evaluate","body":{"result":"\"Tofu(Clone) (UnityEngine.GameObject)\"","type":"UnityEngine.GameObject","variablesReference":44},"seq":610}
<--   C (variables-123): {"command":"variables","arguments":{"variablesReference":44},"type":"request","seq":123}
--> R (variables-123): {"type":"response","request_seq":123,"success":true,"command":"variables","body":{"variables":[{"name":"Components","value":"","type":"","variablesReference":45},{"name":"Children","value":"","type":"","variablesReference":46},{"name":"Scene path","value":"\"Meat Slice Game/Player Controller/Tofu(Clone)\"","type":"string","variablesReference":0},{"name":"base","value":"\"Tofu(Clone) (UnityEngine.GameObject)\"","type":"UnityEngine.Object","variablesReference":47},{"name":"activeInHierarchy","value":"true","type":"bool","variablesReference":0},{"name":"activeSelf","value":"true","type":"bool","variablesReference":0},{"name":"gameObject","value":"\"Tofu(Clone) (UnityEngine.GameObject)\"","type":"UnityEngine.GameObject","variablesReference":48},{"name":"isStatic","value":"false","type":"bool","variablesReference":0},{"name":"layer","value":"0","type":"int","variablesReference":0},{"name":"scene","value":"{UnityEngine.SceneManagement.Scene}","type":"UnityEngine.SceneManagement.Scene","variablesReference":49},{"name":"sceneCullingMask","value":"16140901064495857664","type":"ulong","variablesReference":0},{"name":"tag","value":"\"Untagged\"","type":"string","variablesReference":0},{"name":"transform","value":"\"Tofu(Clone) (UnityEngine.Transform)\"","type":"UnityEngine.Transform","variablesReference":50},{"name":"Non-Public members","value":"","type":"","variablesReference":51}]},"seq":611}
<--   C (evaluate-124): {"command":"evaluate","arguments":{"expression":"current","frameId":1,"context":"hover","line":144,"column":40,"source":{"name":"PlayerController.cs","path":"c:\\Users\\Cex\\Documents\\Github\\MeatSlice\\Assets\\Scripts\\Gameplay\\PlayerController.cs","sources":[],"checksums":[]}},"type":"request","seq":124}
--> R (evaluate-124): {"type":"response","request_seq":124,"success":true,"command":"evaluate","body":{"result":"The identifier `current` is not in the scope","type":"","variablesReference":0},"seq":612}
<--   C (evaluate-125): {"command":"evaluate","arguments":{"expression":"currentFood","frameId":1,"context":"hover","line":145,"column":34,"source":{"name":"PlayerController.cs","path":"c:\\Users\\Cex\\Documents\\Github\\MeatSlice\\Assets\\Scripts\\Gameplay\\PlayerController.cs","sources":[],"checksums":[]}},"type":"request","seq":125}
--> R (evaluate-125): {"type":"response","request_seq":125,"success":true,"command":"evaluate","body":{"result":"\"Tofu(Clone) (UnityEngine.GameObject)\"","type":"UnityEngine.GameObject","variablesReference":52},"seq":613}
<--   C (evaluate-126): {"command":"evaluate","arguments":{"expression":"currentFoodPos","frameId":1,"context":"hover","line":145,"column":17,"source":{"name":"PlayerController.cs","path":"c:\\Users\\Cex\\Documents\\Github\\MeatSlice\\Assets\\Scripts\\Gameplay\\PlayerController.cs","sources":[],"checksums":[]}},"type":"request","seq":126}
--> R (evaluate-126): {"type":"response","request_seq":126,"success":true,"command":"evaluate","body":{"result":"\"(0.00, 0.00, -0.50)\"","type":"UnityEngine.Vector3","variablesReference":53},"seq":614}
<--   C (variables-127): {"command":"variables","arguments":{"variablesReference":53},"type":"request","seq":127}
--> R (variables-127): {"type":"response","request_seq":127,"success":true,"command":"variables","body":{"variables":[{"name":"magnitude","value":"0.5","type":"float","variablesReference":0},{"name":"normalized","value":"\"(0.00, 0.00, -1.00)\"","type":"UnityEngine.Vector3","variablesReference":54},{"name":"sqrMagnitude","value":"0.25","type":"float","variablesReference":0},{"name":"x","value":"0","type":"float","variablesReference":0},{"name":"y","value":"0","type":"float","variablesReference":0},{"name":"z","value":"-0.5","type":"float","variablesReference":0},{"name":"Static members","value":"","type":"","variablesReference":55}]},"seq":615}
<--   C (evaluate-128): {"command":"evaluate","arguments":{"expression":"currentFood","frameId":1,"context":"hover","line":147,"column":9,"source":{"name":"PlayerController.cs","path":"c:\\Users\\Cex\\Documents\\Github\\MeatSlice\\Assets\\Scripts\\Gameplay\\PlayerController.cs","sources":[],"checksums":[]}},"type":"request","seq":128}
--> R (evaluate-128): {"type":"response","request_seq":128,"success":true,"command":"evaluate","body":{"result":"\"Tofu(Clone) (UnityEngine.GameObject)\"","type":"UnityEngine.GameObject","variablesReference":56},"seq":616}
<--   C (variables-129): {"command":"variables","arguments":{"variablesReference":56},"type":"request","seq":129}
--> R (variables-129): {"type":"response","request_seq":129,"success":true,"command":"variables","body":{"variables":[{"name":"Components","value":"","type":"","variablesReference":57},{"name":"Children","value":"","type":"","variablesReference":58},{"name":"Scene path","value":"\"Meat Slice Game/Player Controller/Tofu(Clone)\"","type":"string","variablesReference":0},{"name":"base","value":"\"Tofu(Clone) (UnityEngine.GameObject)\"","type":"UnityEngine.Object","variablesReference":59},{"name":"activeInHierarchy","value":"true","type":"bool","variablesReference":0},{"name":"activeSelf","value":"true","type":"bool","variablesReference":0},{"name":"gameObject","value":"\"Tofu(Clone) (UnityEngine.GameObject)\"","type":"UnityEngine.GameObject","variablesReference":60},{"name":"isStatic","value":"false","type":"bool","variablesReference":0},{"name":"layer","value":"0","type":"int","variablesReference":0},{"name":"scene","value":"{UnityEngine.SceneManagement.Scene}","type":"UnityEngine.SceneManagement.Scene","variablesReference":61},{"name":"sceneCullingMask","value":"16140901064495857664","type":"ulong","variablesReference":0},{"name":"tag","value":"\"Untagged\"","type":"string","variablesReference":0},{"name":"transform","value":"\"Tofu(Clone) (UnityEngine.Transform)\"","type":"UnityEngine.Transform","variablesReference":62},{"name":"Non-Public members","value":"","type":"","variablesReference":63}]},"seq":617}
<--   C (evaluate-130): {"command":"evaluate","arguments":{"expression":"currentFoodPos","frameId":1,"context":"hover","line":146,"column":9,"source":{"name":"PlayerController.cs","path":"c:\\Users\\Cex\\Documents\\Github\\MeatSlice\\Assets\\Scripts\\Gameplay\\PlayerController.cs","sources":[],"checksums":[]}},"type":"request","seq":130}
--> R (evaluate-130): {"type":"response","request_seq":130,"success":true,"command":"evaluate","body":{"result":"\"(0.00, 0.00, -0.50)\"","type":"UnityEngine.Vector3","variablesReference":64},"seq":618}
<--   C (variables-131): {"command":"variables","arguments":{"variablesReference":64},"type":"request","seq":131}
--> R (variables-131): {"type":"response","request_seq":131,"success":true,"command":"variables","body":{"variables":[{"name":"magnitude","value":"0.5","type":"float","variablesReference":0},{"name":"normalized","value":"\"(0.00, 0.00, -1.00)\"","type":"UnityEngine.Vector3","variablesReference":65},{"name":"sqrMagnitude","value":"0.25","type":"float","variablesReference":0},{"name":"x","value":"0","type":"float","variablesReference":0},{"name":"y","value":"0","type":"float","variablesReference":0},{"name":"z","value":"-0.5","type":"float","variablesReference":0},{"name":"Static members","value":"","type":"","variablesReference":66}]},"seq":619}
--> E (thread): {"type":"event","event":"thread","body":{"reason":"exited","threadId":908403600},"seq":620}
<--   C (evaluate-132): {"command":"evaluate","arguments":{"expression":"movement","frameId":1,"context":"hover","line":155,"column":61,"source":{"name":"PlayerController.cs","path":"c:\\Users\\Cex\\Documents\\Github\\MeatSlice\\Assets\\Scripts\\Gameplay\\PlayerController.cs","sources":[],"checksums":[]}},"type":"request","seq":132}
--> R (evaluate-132): {"type":"response","request_seq":132,"success":true,"command":"evaluate","body":{"result":"\"Player Controller (Movement)\"","type":"Movement","variablesReference":67},"seq":621}
<--   C (evaluate-133): {"command":"evaluate","arguments":{"expression":"RoundToPoint","frameId":1,"context":"hover","line":150,"column":86,"source":{"name":"PlayerController.cs","path":"c:\\Users\\Cex\\Documents\\Github\\MeatSlice\\Assets\\Scripts\\Gameplay\\PlayerController.cs","sources":[],"checksums":[]}},"type":"request","seq":133}
--> R (evaluate-133): {"type":"response","request_seq":133,"success":true,"command":"evaluate","body":{"result":"The identifier `RoundToPoint` is not in the scope","type":"","variablesReference":0},"seq":622}
<--   C (evaluate-134): {"command":"evaluate","arguments":{"expression":"","frameId":1,"context":"hover","line":147,"column":0,"source":{"name":"PlayerController.cs","path":"c:\\Users\\Cex\\Documents\\Github\\MeatSlice\\Assets\\Scripts\\Gameplay\\PlayerController.cs","sources":[],"checksums":[]}},"type":"request","seq":134}
--> R (evaluate-134): {"type":"response","request_seq":134,"success":true,"command":"evaluate","body":{"result":"Node not supported: `;`","type":"","variablesReference":0},"seq":623}
<--   C (evaluate-135): {"command":"evaluate","arguments":{"expression":"currentFoodPos","frameId":1,"context":"hover","line":147,"column":42,"source":{"name":"PlayerController.cs","path":"c:\\Users\\Cex\\Documents\\Github\\MeatSlice\\Assets\\Scripts\\Gameplay\\PlayerController.cs","sources":[],"checksums":[]}},"type":"request","seq":135}
--> R (evaluate-135): {"type":"response","request_seq":135,"success":true,"command":"evaluate","body":{"result":"\"(0.00, 0.00, -0.50)\"","type":"UnityEngine.Vector3","variablesReference":68},"seq":624}
<--   C (evaluate-136): {"command":"evaluate","arguments":{"expression":"","frameId":1,"context":"hover","line":147,"column":0,"source":{"name":"PlayerController.cs","path":"c:\\Users\\Cex\\Documents\\Github\\MeatSlice\\Assets\\Scripts\\Gameplay\\PlayerController.cs","sources":[],"checksums":[]}},"type":"request","seq":136}
--> R (evaluate-136): {"type":"response","request_seq":136,"success":true,"command":"evaluate","body":{"result":"Node not supported: `;`","type":"","variablesReference":0},"seq":625}
<--   C (evaluate-137): {"command":"evaluate","arguments":{"expression":"currentFood","frameId":1,"context":"hover","line":147,"column":9,"source":{"name":"PlayerController.cs","path":"c:\\Users\\Cex\\Documents\\Github\\MeatSlice\\Assets\\Scripts\\Gameplay\\PlayerController.cs","sources":[],"checksums":[]}},"type":"request","seq":137}
--> R (evaluate-137): {"type":"response","request_seq":137,"success":true,"command":"evaluate","body":{"result":"\"Tofu(Clone) (UnityEngine.GameObject)\"","type":"UnityEngine.GameObject","variablesReference":69},"seq":626}
<--   C (variables-138): {"command":"variables","arguments":{"variablesReference":69},"type":"request","seq":138}
--> R (variables-138): {"type":"response","request_seq":138,"success":true,"command":"variables","body":{"variables":[{"name":"Components","value":"","type":"","variablesReference":70},{"name":"Children","value":"","type":"","variablesReference":71},{"name":"Scene path","value":"\"Meat Slice Game/Player Controller/Tofu(Clone)\"","type":"string","variablesReference":0},{"name":"base","value":"\"Tofu(Clone) (UnityEngine.GameObject)\"","type":"UnityEngine.Object","variablesReference":72},{"name":"activeInHierarchy","value":"true","type":"bool","variablesReference":0},{"name":"activeSelf","value":"true","type":"bool","variablesReference":0},{"name":"gameObject","value":"\"Tofu(Clone) (UnityEngine.GameObject)\"","type":"UnityEngine.GameObject","variablesReference":73},{"name":"isStatic","value":"false","type":"bool","variablesReference":0},{"name":"layer","value":"0","type":"int","variablesReference":0},{"name":"scene","value":"{UnityEngine.SceneManagement.Scene}","type":"UnityEngine.SceneManagement.Scene","variablesReference":74},{"name":"sceneCullingMask","value":"16140901064495857664","type":"ulong","variablesReference":0},{"name":"tag","value":"\"Untagged\"","type":"string","variablesReference":0},{"name":"transform","value":"\"Tofu(Clone) (UnityEngine.Transform)\"","type":"UnityEngine.Transform","variablesReference":75},{"name":"Non-Public members","value":"","type":"","variablesReference":76}]},"seq":627}
<--   C (evaluate-139): {"command":"evaluate","arguments":{"expression":"currentFood.transform","frameId":1,"context":"hover","line":147,"column":9,"source":{"name":"PlayerController.cs","path":"c:\\Users\\Cex\\Documents\\Github\\MeatSlice\\Assets\\Scripts\\Gameplay\\PlayerController.cs","sources":[],"checksums":[]}},"type":"request","seq":139}
--> R (evaluate-139): {"type":"response","request_seq":139,"success":true,"command":"evaluate","body":{"result":"\"Tofu(Clone) (UnityEngine.Transform)\"","type":"UnityEngine.Transform","variablesReference":77},"seq":628}
<--   C (evaluate-140): {"command":"evaluate","arguments":{"expression":"currentFood.transform","frameId":1,"context":"hover","line":147,"column":9,"source":{"name":"PlayerController.cs","path":"c:\\Users\\Cex\\Documents\\Github\\MeatSlice\\Assets\\Scripts\\Gameplay\\PlayerController.cs","sources":[],"checksums":[]}},"type":"request","seq":140}
--> R (evaluate-140): {"type":"response","request_seq":140,"success":true,"command":"evaluate","body":{"result":"\"Tofu(Clone) (UnityEngine.Transform)\"","type":"UnityEngine.Transform","variablesReference":78},"seq":629}
<--   C (evaluate-141): {"command":"evaluate","arguments":{"expression":"new","frameId":1,"context":"hover","line":146,"column":26,"source":{"name":"PlayerController.cs","path":"c:\\Users\\Cex\\Documents\\Github\\MeatSlice\\Assets\\Scripts\\Gameplay\\PlayerController.cs","sources":[],"checksums":[]}},"type":"request","seq":141}
--> R (evaluate-141): {"type":"response","request_seq":141,"success":false,"command":"evaluate","message":"Unable to parse: `new`","body":{},"seq":630}
<--   C (evaluate-142): {"command":"evaluate","arguments":{"expression":"currentFoodPos","frameId":1,"context":"hover","line":145,"column":17,"source":{"name":"PlayerController.cs","path":"c:\\Users\\Cex\\Documents\\Github\\MeatSlice\\Assets\\Scripts\\Gameplay\\PlayerController.cs","sources":[],"checksums":[]}},"type":"request","seq":142}
--> R (evaluate-142): {"type":"response","request_seq":142,"success":true,"command":"evaluate","body":{"result":"\"(0.00, 0.00, -0.50)\"","type":"UnityEngine.Vector3","variablesReference":79},"seq":631}
<--   C (variables-143): {"command":"variables","arguments":{"variablesReference":79},"type":"request","seq":143}
--> R (variables-143): {"type":"response","request_seq":143,"success":true,"command":"variables","body":{"variables":[{"name":"magnitude","value":"0.5","type":"float","variablesReference":0},{"name":"normalized","value":"\"(0.00, 0.00, -1.00)\"","type":"UnityEngine.Vector3","variablesReference":80},{"name":"sqrMagnitude","value":"0.25","type":"float","variablesReference":0},{"name":"x","value":"0","type":"float","variablesReference":0},{"name":"y","value":"0","type":"float","variablesReference":0},{"name":"z","value":"-0.5","type":"float","variablesReference":0},{"name":"Static members","value":"","type":"","variablesReference":81}]},"seq":632}
<--   C (evaluate-144): {"command":"evaluate","arguments":{"expression":"previous","frameId":1,"context":"hover","line":144,"column":52,"source":{"name":"PlayerController.cs","path":"c:\\Users\\Cex\\Documents\\Github\\MeatSlice\\Assets\\Scripts\\Gameplay\\PlayerController.cs","sources":[],"checksums":[]}},"type":"request","seq":144}
--> R (evaluate-144): {"type":"response","request_seq":144,"success":true,"command":"evaluate","body":{"result":"The identifier `previous` is not in the scope","type":"","variablesReference":0},"seq":633}
<--   C (evaluate-145): {"command":"evaluate","arguments":{"expression":"previous","frameId":1,"context":"hover","line":144,"column":52,"source":{"name":"PlayerController.cs","path":"c:\\Users\\Cex\\Documents\\Github\\MeatSlice\\Assets\\Scripts\\Gameplay\\PlayerController.cs","sources":[],"checksums":[]}},"type":"request","seq":145}
--> R (evaluate-145): {"type":"response","request_seq":145,"success":true,"command":"evaluate","body":{"result":"The identifier `previous` is not in the scope","type":"","variablesReference":0},"seq":634}
<--   C (evaluate-146): {"command":"evaluate","arguments":{"expression":"previous","frameId":1,"context":"hover","line":144,"column":52,"source":{"name":"PlayerController.cs","path":"c:\\Users\\Cex\\Documents\\Github\\MeatSlice\\Assets\\Scripts\\Gameplay\\PlayerController.cs","sources":[],"checksums":[]}},"type":"request","seq":146}
--> R (evaluate-146): {"type":"response","request_seq":146,"success":true,"command":"evaluate","body":{"result":"The identifier `previous` is not in the scope","type":"","variablesReference":0},"seq":635}
<--   C (evaluate-147): {"command":"evaluate","arguments":{"expression":"currentFood.transform.position","frameId":1,"context":"hover","line":147,"column":9,"source":{"name":"PlayerController.cs","path":"c:\\Users\\Cex\\Documents\\Github\\MeatSlice\\Assets\\Scripts\\Gameplay\\PlayerController.cs","sources":[],"checksums":[]}},"type":"request","seq":147}
--> R (evaluate-147): {"type":"response","request_seq":147,"success":true,"command":"evaluate","body":{"result":"\"(0.00, 0.00, -0.50)\"","type":"UnityEngine.Vector3","variablesReference":82},"seq":636}
<--   C (variables-148): {"command":"variables","arguments":{"variablesReference":82},"type":"request","seq":148}
--> R (variables-148): {"type":"response","request_seq":148,"success":true,"command":"variables","body":{"variables":[{"name":"magnitude","value":"0.5","type":"float","variablesReference":0},{"name":"normalized","value":"\"(0.00, 0.00, -1.00)\"","type":"UnityEngine.Vector3","variablesReference":83},{"name":"sqrMagnitude","value":"0.25","type":"float","variablesReference":0},{"name":"x","value":"0","type":"float","variablesReference":0},{"name":"y","value":"0","type":"float","variablesReference":0},{"name":"z","value":"-0.5","type":"float","variablesReference":0},{"name":"Static members","value":"","type":"","variablesReference":84}]},"seq":637}
<--   C (evaluate-149): {"command":"evaluate","arguments":{"expression":"currentFood.transform.position","frameId":1,"context":"hover","line":147,"column":9,"source":{"name":"PlayerController.cs","path":"c:\\Users\\Cex\\Documents\\Github\\MeatSlice\\Assets\\Scripts\\Gameplay\\PlayerController.cs","sources":[],"checksums":[]}},"type":"request","seq":149}
--> R (evaluate-149): {"type":"response","request_seq":149,"success":true,"command":"evaluate","body":{"result":"\"(0.00, 0.00, -0.50)\"","type":"UnityEngine.Vector3","variablesReference":85},"seq":638}
<--   C (variables-150): {"command":"variables","arguments":{"variablesReference":85},"type":"request","seq":150}
--> R (variables-150): {"type":"response","request_seq":150,"success":true,"command":"variables","body":{"variables":[{"name":"magnitude","value":"0.5","type":"float","variablesReference":0},{"name":"normalized","value":"\"(0.00, 0.00, -1.00)\"","type":"UnityEngine.Vector3","variablesReference":86},{"name":"sqrMagnitude","value":"0.25","type":"float","variablesReference":0},{"name":"x","value":"0","type":"float","variablesReference":0},{"name":"y","value":"0","type":"float","variablesReference":0},{"name":"z","value":"-0.5","type":"float","variablesReference":0},{"name":"Static members","value":"","type":"","variablesReference":87}]},"seq":639}
--> E (thread): {"type":"event","event":"thread","body":{"reason":"exited","threadId":855334160},"seq":640}
<--   C (evaluate-151): {"command":"evaluate","arguments":{"expression":"previousFood","frameId":1,"context":"hover","line":149,"column":31,"source":{"name":"PlayerController.cs","path":"c:\\Users\\Cex\\Documents\\Github\\MeatSlice\\Assets\\Scripts\\Gameplay\\PlayerController.cs","sources":[],"checksums":[]}},"type":"request","seq":151}
--> R (evaluate-151): {"type":"response","request_seq":151,"success":true,"command":"evaluate","body":{"result":"\"Burger Bun Bottom (UnityEngine.Transform)\"","type":"UnityEngine.Transform","variablesReference":88},"seq":641}
<--   C (variables-152): {"command":"variables","arguments":{"variablesReference":88},"type":"request","seq":152}
--> R (variables-152): {"type":"response","request_seq":152,"success":true,"command":"variables","body":{"variables":[{"name":"base","value":"\"Burger Bun Bottom (UnityEngine.Transform)\"","type":"UnityEngine.Component","variablesReference":89},{"name":"childCount","value":"1","type":"int","variablesReference":0},{"name":"eulerAngles","value":"\"(0.00, 0.00, 0.00)\"","type":"UnityEngine.Vector3","variablesReference":90},{"name":"forward","value":"\"(0.00, 0.00, 1.00)\"","type":"UnityEngine.Vector3","variablesReference":91},{"name":"hasChanged","value":"true","type":"bool","variablesReference":0},{"name":"hierarchyCapacity","value":"1008","type":"int","variablesReference":0},{"name":"hierarchyCount","value":"504","type":"int","variablesReference":0},{"name":"localEulerAngles","value":"\"(0.00, 0.00, 0.00)\"","type":"UnityEngine.Vector3","variablesReference":92},{"name":"localPosition","value":"\"(0.00, 0.00, 0.00)\"","type":"UnityEngine.Vector3","variablesReference":93},{"name":"localRotation","value":"\"(0.00000, 0.00000, 0.00000, 1.00000)\"","type":"UnityEngine.Quaternion","variablesReference":94},{"name":"localScale","value":"\"(10.00, 1.00, 10.00)\"","type":"UnityEngine.Vector3","variablesReference":95},{"name":"localToWorldMatrix","value":"\"10.00000\\t0.00000\\t0.00000\\t0.00000\\n0.00000\\t1.00000\\t0.00000\\t-1.00000\\n0.00000\\t0.00000\\t10.00000\\t0.00000\\n0.00000\\t0.00000\\t0.00000\\t1.00000\\n\"","type":"UnityEngine.Matrix4x4","variablesReference":96},{"name":"lossyScale","value":"\"(10.00, 1.00, 10.00)\"","type":"UnityEngine.Vector3","variablesReference":97},{"name":"parent","value":"\"Starting Platform (UnityEngine.Transform)\"","type":"UnityEngine.Transform","variablesReference":98},{"name":"position","value":"\"(0.00, -1.00, 0.00)\"","type":"UnityEngine.Vector3","variablesReference":99},{"name":"right","value":"\"(1.00, 0.00, 0.00)\"","type":"UnityEngine.Vector3","variablesReference":100},{"name":"root","value":"\"Meat Slice Game (UnityEngine.Transform)\"","type":"UnityEngine.Transform","variablesReference":101},{"name":"rotation","value":"\"(0.00000, 0.00000, 0.00000, 1.00000)\"","type":"UnityEngine.Quaternion","variablesReference":102},{"name":"up","value":"\"(0.00, 1.00, 0.00)\"","type":"UnityEngine.Vector3","variablesReference":103},{"name":"worldToLocalMatrix","value":"\"0.10000\\t0.00000\\t0.00000\\t0.00000\\n0.00000\\t1.00000\\t0.00000\\t1.00000\\n0.00000\\t0.00000\\t0.10000\\t0.00000\\n0.00000\\t0.00000\\t0.00000\\t1.00000\\n\"","type":"UnityEngine.Matrix4x4","variablesReference":104},{"name":"Non-Public members","value":"","type":"","variablesReference":105}]},"seq":642}
<--   C (evaluate-153): {"command":"evaluate","arguments":{"expression":"","frameId":1,"context":"hover","line":149,"column":0,"source":{"name":"PlayerController.cs","path":"c:\\Users\\Cex\\Documents\\Github\\MeatSlice\\Assets\\Scripts\\Gameplay\\PlayerController.cs","sources":[],"checksums":[]}},"type":"request","seq":153}
--> R (evaluate-153): {"type":"response","request_seq":153,"success":true,"command":"evaluate","body":{"result":"Node not supported: `;`","type":"","variablesReference":0},"seq":643}
<--   C (evaluate-154): {"command":"evaluate","arguments":{"expression":"prevFoodPos","frameId":1,"context":"hover","line":149,"column":17,"source":{"name":"PlayerController.cs","path":"c:\\Users\\Cex\\Documents\\Github\\MeatSlice\\Assets\\Scripts\\Gameplay\\PlayerController.cs","sources":[],"checksums":[]}},"type":"request","seq":154}
--> R (evaluate-154): {"type":"response","request_seq":154,"success":true,"command":"evaluate","body":{"result":"\"(0.00, 0.00, 0.00)\"","type":"UnityEngine.Vector3","variablesReference":106},"seq":644}
<--   C (variables-155): {"command":"variables","arguments":{"variablesReference":106},"type":"request","seq":155}
--> R (variables-155): {"type":"response","request_seq":155,"success":true,"command":"variables","body":{"variables":[{"name":"magnitude","value":"0","type":"float","variablesReference":0},{"name":"normalized","value":"\"(0.00, 0.00, 0.00)\"","type":"UnityEngine.Vector3","variablesReference":107},{"name":"sqrMagnitude","value":"0","type":"float","variablesReference":0},{"name":"x","value":"0","type":"float","variablesReference":0},{"name":"y","value":"0","type":"float","variablesReference":0},{"name":"z","value":"0","type":"float","variablesReference":0},{"name":"Static members","value":"","type":"","variablesReference":108}]},"seq":645}
<--   C (evaluate-156): {"command":"evaluate","arguments":{"expression":"","frameId":1,"context":"hover","line":149,"column":0,"source":{"name":"PlayerController.cs","path":"c:\\Users\\Cex\\Documents\\Github\\MeatSlice\\Assets\\Scripts\\Gameplay\\PlayerController.cs","sources":[],"checksums":[]}},"type":"request","seq":156}
--> R (evaluate-156): {"type":"response","request_seq":156,"success":true,"command":"evaluate","body":{"result":"Node not supported: `;`","type":"","variablesReference":0},"seq":646}
<--   C (evaluate-157): {"command":"evaluate","arguments":{"expression":"previousFood","frameId":1,"context":"hover","line":149,"column":31,"source":{"name":"PlayerController.cs","path":"c:\\Users\\Cex\\Documents\\Github\\MeatSlice\\Assets\\Scripts\\Gameplay\\PlayerController.cs","sources":[],"checksums":[]}},"type":"request","seq":157}
--> R (evaluate-157): {"type":"response","request_seq":157,"success":true,"command":"evaluate","body":{"result":"\"Burger Bun Bottom (UnityEngine.Transform)\"","type":"UnityEngine.Transform","variablesReference":109},"seq":647}
<--   C (variables-158): {"command":"variables","arguments":{"variablesReference":109},"type":"request","seq":158}
--> R (variables-158): {"type":"response","request_seq":158,"success":true,"command":"variables","body":{"variables":[{"name":"base","value":"\"Burger Bun Bottom (UnityEngine.Transform)\"","type":"UnityEngine.Component","variablesReference":110},{"name":"childCount","value":"1","type":"int","variablesReference":0},{"name":"eulerAngles","value":"\"(0.00, 0.00, 0.00)\"","type":"UnityEngine.Vector3","variablesReference":111},{"name":"forward","value":"\"(0.00, 0.00, 1.00)\"","type":"UnityEngine.Vector3","variablesReference":112},{"name":"hasChanged","value":"true","type":"bool","variablesReference":0},{"name":"hierarchyCapacity","value":"1008","type":"int","variablesReference":0},{"name":"hierarchyCount","value":"504","type":"int","variablesReference":0},{"name":"localEulerAngles","value":"\"(0.00, 0.00, 0.00)\"","type":"UnityEngine.Vector3","variablesReference":113},{"name":"localPosition","value":"\"(0.00, 0.00, 0.00)\"","type":"UnityEngine.Vector3","variablesReference":114},{"name":"localRotation","value":"\"(0.00000, 0.00000, 0.00000, 1.00000)\"","type":"UnityEngine.Quaternion","variablesReference":115},{"name":"localScale","value":"\"(10.00, 1.00, 10.00)\"","type":"UnityEngine.Vector3","variablesReference":116},{"name":"localToWorldMatrix","value":"\"10.00000\\t0.00000\\t0.00000\\t0.00000\\n0.00000\\t1.00000\\t0.00000\\t-1.00000\\n0.00000\\t0.00000\\t10.00000\\t0.00000\\n0.00000\\t0.00000\\t0.00000\\t1.00000\\n\"","type":"UnityEngine.Matrix4x4","variablesReference":117},{"name":"lossyScale","value":"\"(10.00, 1.00, 10.00)\"","type":"UnityEngine.Vector3","variablesReference":118},{"name":"parent","value":"\"Starting Platform (UnityEngine.Transform)\"","type":"UnityEngine.Transform","variablesReference":119},{"name":"position","value":"\"(0.00, -1.00, 0.00)\"","type":"UnityEngine.Vector3","variablesReference":120},{"name":"right","value":"\"(1.00, 0.00, 0.00)\"","type":"UnityEngine.Vector3","variablesReference":121},{"name":"root","value":"\"Meat Slice Game (UnityEngine.Transform)\"","type":"UnityEngine.Transform","variablesReference":122},{"name":"rotation","value":"\"(0.00000, 0.00000, 0.00000, 1.00000)\"","type":"UnityEngine.Quaternion","variablesReference":123},{"name":"up","value":"\"(0.00, 1.00, 0.00)\"","type":"UnityEngine.Vector3","variablesReference":124},{"name":"worldToLocalMatrix","value":"\"0.10000\\t0.00000\\t0.00000\\t0.00000\\n0.00000\\t1.00000\\t0.00000\\t1.00000\\n0.00000\\t0.00000\\t0.10000\\t0.00000\\n0.00000\\t0.00000\\t0.00000\\t1.00000\\n\"","type":"UnityEngine.Matrix4x4","variablesReference":125},{"name":"Non-Public members","value":"","type":"","variablesReference":126}]},"seq":648}
<--   C (evaluate-159): {"command":"evaluate","arguments":{"expression":"previousFood.transform","frameId":1,"context":"hover","line":149,"column":31,"source":{"name":"PlayerController.cs","path":"c:\\Users\\Cex\\Documents\\Github\\MeatSlice\\Assets\\Scripts\\Gameplay\\PlayerController.cs","sources":[],"checksums":[]}},"type":"request","seq":159}
--> R (evaluate-159): {"type":"response","request_seq":159,"success":true,"command":"evaluate","body":{"result":"\"Burger Bun Bottom (UnityEngine.Transform)\"","type":"UnityEngine.Transform","variablesReference":127},"seq":649}
<--   C (evaluate-160): {"command":"evaluate","arguments":{"expression":"previousFood.transform.position","frameId":1,"context":"hover","line":149,"column":31,"source":{"name":"PlayerController.cs","path":"c:\\Users\\Cex\\Documents\\Github\\MeatSlice\\Assets\\Scripts\\Gameplay\\PlayerController.cs","sources":[],"checksums":[]}},"type":"request","seq":160}
--> R (evaluate-160): {"type":"response","request_seq":160,"success":true,"command":"evaluate","body":{"result":"\"(0.00, -1.00, 0.00)\"","type":"UnityEngine.Vector3","variablesReference":128},"seq":650}
<--   C (evaluate-161): {"command":"evaluate","arguments":{"expression":"difficultyVarient","frameId":1,"context":"hover","line":150,"column":63,"source":{"name":"PlayerController.cs","path":"c:\\Users\\Cex\\Documents\\Github\\MeatSlice\\Assets\\Scripts\\Gameplay\\PlayerController.cs","sources":[],"checksums":[]}},"type":"request","seq":161}
--> R (evaluate-161): {"type":"response","request_seq":161,"success":true,"command":"evaluate","body":{"result":"2","type":"int","variablesReference":0},"seq":651}
<--   C (evaluate-162): {"command":"evaluate","arguments":{"expression":"difficultyVarient","frameId":1,"context":"hover","line":146,"column":69,"source":{"name":"PlayerController.cs","path":"c:\\Users\\Cex\\Documents\\Github\\MeatSlice\\Assets\\Scripts\\Gameplay\\PlayerController.cs","sources":[],"checksums":[]}},"type":"request","seq":162}
--> R (evaluate-162): {"type":"response","request_seq":162,"success":true,"command":"evaluate","body":{"result":"2","type":"int","variablesReference":0},"seq":652}
<--   C (evaluate-163): {"command":"evaluate","arguments":{"expression":"remove","frameId":1,"context":"hover","line":141,"column":76,"source":{"name":"PlayerController.cs","path":"c:\\Users\\Cex\\Documents\\Github\\MeatSlice\\Assets\\Scripts\\Gameplay\\PlayerController.cs","sources":[],"checksums":[]}},"type":"request","seq":163}
--> R (evaluate-163): {"type":"response","request_seq":163,"success":true,"command":"evaluate","body":{"result":"The identifier `remove` is not in the scope","type":"","variablesReference":0},"seq":653}
<--   C (next-164): {"command":"next","arguments":{"threadId":88452672},"type":"request","seq":164}
--> R (next-164): {"type":"response","request_seq":164,"success":true,"command":"next","body":{},"seq":654}
--> E (thread): {"type":"event","event":"thread","body":{"reason":"started","threadId":855333248},"seq":655}
--> E (stopped): {"type":"event","event":"stopped","body":{"reason":"step","threadId":88452672,"allThreadsStopped":true},"seq":656}
<--   C (threads-165): {"command":"threads","type":"request","seq":165}
--> R (threads-165): {"type":"response","request_seq":165,"success":true,"command":"threads","body":{"threads":[{"id":855215680,"name":"Thread #855215680"},{"id":908404512,"name":"Thread #908404512"},{"id":908404208,"name":"Thread #908404208"},{"id":855333856,"name":"Timer-Scheduler"},{"id":907893120,"name":"Thread #907893120"},{"id":918681072,"name":"Thread #918681072"},{"id":918681376,"name":"Thread #918681376"},{"id":855213856,"name":"Thread Pool I/O Selector"},{"id":907892816,"name":"Thread #907892816"},{"id":855333552,"name":"Thread #855333552"},{"id":88452672,"name":"Thread #88452672"},{"id":855333248,"name":"Thread #855333248"},{"id":88451760,"name":"Thread #88451760"}]},"seq":657}
<--   C (stackTrace-166): {"command":"stackTrace","arguments":{"threadId":88452672,"startFrame":0,"levels":20},"type":"request","seq":166}
--> R (stackTrace-166): {"type":"response","request_seq":166,"success":true,"command":"stackTrace","body":{"stackFrames":[{"id":1,"name":"Void PlayerController:SetNewScale ()","source":{"name":"PlayerController.cs","path":"C:\\Users\\Cex\\Documents\\Github\\MeatSlice\\Assets\\Scripts\\Gameplay\\PlayerController.cs","sources":[],"checksums":[]},"line":150,"column":9},{"id":2,"name":"Void PlayerController:SliceFood ()","source":{"name":"PlayerController.cs","path":"C:\\Users\\Cex\\Documents\\Github\\MeatSlice\\Assets\\Scripts\\Gameplay\\PlayerController.cs","sources":[],"checksums":[]},"line":117,"column":9},{"id":3,"name":"Void UnityEngine.Events.InvokableCall:Invoke ()","line":0,"column":0},{"id":4,"name":"Void UnityEngine.Events.UnityEvent:Invoke ()","line":0,"column":0},{"id":5,"name":"Void UnityEngine.UI.Button:Press ()","source":{"name":"Button.cs","path":"c:\\Users\\Cex\\Documents\\Github\\MeatSlice\\Library\\PackageCache\\com.unity.ugui@1.0.0\\Runtime\\UI\\Core\\Button.cs","sources":[],"checksums":[]},"line":70,"column":13},{"id":6,"name":"Void UnityEngine.UI.Button:OnPointerClick (PointerEventData)","source":{"name":"Button.cs","path":"c:\\Users\\Cex\\Documents\\Github\\MeatSlice\\Library\\PackageCache\\com.unity.ugui@1.0.0\\Runtime\\UI\\Core\\Button.cs","sources":[],"checksums":[]},"line":114,"column":13},{"id":7,"name":"Void UnityEngine.EventSystems.ExecuteEvents:Execute (IPointerClickHandler, BaseEventData)","source":{"name":"ExecuteEvents.cs","path":"c:\\Users\\Cex\\Documents\\Github\\MeatSlice\\Library\\PackageCache\\com.unity.ugui@1.0.0\\Runtime\\EventSystem\\ExecuteEvents.cs","sources":[],"checksums":[]},"line":57,"column":13},{"id":8,"name":"Boolean UnityEngine.EventSystems.ExecuteEvents:Execute (GameObject, BaseEventData, EventFunction`1)","source":{"name":"ExecuteEvents.cs","path":"c:\\Users\\Cex\\Documents\\Github\\MeatSlice\\Library\\PackageCache\\com.unity.ugui@1.0.0\\Runtime\\EventSystem\\ExecuteEvents.cs","sources":[],"checksums":[]},"line":272,"column":21},{"id":9,"name":"Void UnityEngine.EventSystems.StandaloneInputModule:ReleaseMouse (PointerEventData, GameObject)","source":{"name":"StandaloneInputModule.cs","path":"c:\\Users\\Cex\\Documents\\Github\\MeatSlice\\Library\\PackageCache\\com.unity.ugui@1.0.0\\Runtime\\EventSystem\\InputModules\\StandaloneInputModule.cs","sources":[],"checksums":[]},"line":192,"column":17},{"id":10,"name":"Void UnityEngine.EventSystems.StandaloneInputModule:ProcessMousePress (MouseButtonEventData)","source":{"name":"StandaloneInputModule.cs","path":"c:\\Users\\Cex\\Documents\\Github\\MeatSlice\\Library\\PackageCache\\com.unity.ugui@1.0.0\\Runtime\\EventSystem\\InputModules\\StandaloneInputModule.cs","sources":[],"checksums":[]},"line":654,"column":17},{"id":11,"name":"Void UnityEngine.EventSystems.StandaloneInputModule:ProcessMouseEvent (Int32)","source":{"name":"StandaloneInputModule.cs","path":"c:\\Users\\Cex\\Documents\\Github\\MeatSlice\\Library\\PackageCache\\com.unity.ugui@1.0.0\\Runtime\\EventSystem\\InputModules\\StandaloneInputModule.cs","sources":[],"checksums":[]},"line":554,"column":13},{"id":12,"name":"Void UnityEngine.EventSystems.StandaloneInputModule:ProcessMouseEvent ()","source":{"name":"StandaloneInputModule.cs","path":"c:\\Users\\Cex\\Documents\\Github\\MeatSlice\\Library\\PackageCache\\com.unity.ugui@1.0.0\\Runtime\\EventSystem\\InputModules\\StandaloneInputModule.cs","sources":[],"checksums":[]},"line":534,"column":13},{"id":13,"name":"Void UnityEngine.EventSystems.StandaloneInputModule:Process ()","source":{"name":"StandaloneInputModule.cs","path":"c:\\Users\\Cex\\Documents\\Github\\MeatSlice\\Library\\PackageCache\\com.unity.ugui@1.0.0\\Runtime\\EventSystem\\InputModules\\StandaloneInputModule.cs","sources":[],"checksums":[]},"line":282,"column":17},{"id":14,"name":"Void UnityEngine.EventSystems.EventSystem:Update ()","source":{"name":"EventSystem.cs","path":"c:\\Users\\Cex\\Documents\\Github\\MeatSlice\\Library\\PackageCache\\com.unity.ugui@1.0.0\\Runtime\\EventSystem\\EventSystem.cs","sources":[],"checksums":[]},"line":530,"column":17}],"totalFrames":14},"seq":658}
<--   C (threads-167): {"command":"threads","type":"request","seq":167}
--> R (threads-167): {"type":"response","request_seq":167,"success":true,"command":"threads","body":{"threads":[{"id":855215680,"name":"Thread #855215680"},{"id":908404512,"name":"Thread #908404512"},{"id":908404208,"name":"Thread #908404208"},{"id":855333856,"name":"Timer-Scheduler"},{"id":907893120,"name":"Thread #907893120"},{"id":918681072,"name":"Thread #918681072"},{"id":918681376,"name":"Thread #918681376"},{"id":855213856,"name":"Thread Pool I/O Selector"},{"id":907892816,"name":"Thread #907892816"},{"id":855333552,"name":"Thread #855333552"},{"id":88452672,"name":"Thread #88452672"},{"id":855333248,"name":"Thread #855333248"},{"id":88451760,"name":"Thread #88451760"}]},"seq":659}
<--   C (next-168): {"command":"next","arguments":{"threadId":88452672},"type":"request","seq":168}
--> R (next-168): {"type":"response","request_seq":168,"success":true,"command":"next","body":{},"seq":660}
<--   C (scopes-169): {"command":"scopes","arguments":{"frameId":1},"type":"request","seq":169}
--> R (scopes-169): {"type":"response","request_seq":169,"success":true,"command":"scopes","body":{"scopes":[]},"seq":661}
--> E (stopped): {"type":"event","event":"stopped","body":{"reason":"step","threadId":88452672,"allThreadsStopped":true},"seq":662}
<--   C (threads-170): {"command":"threads","type":"request","seq":170}
--> R (threads-170): {"type":"response","request_seq":170,"success":true,"command":"threads","body":{"threads":[{"id":855215680,"name":"Thread #855215680"},{"id":908404512,"name":"Thread #908404512"},{"id":908404208,"name":"Thread #908404208"},{"id":855333856,"name":"Timer-Scheduler"},{"id":907893120,"name":"Thread #907893120"},{"id":918681072,"name":"Thread #918681072"},{"id":918681376,"name":"Thread #918681376"},{"id":855213856,"name":"Thread Pool I/O Selector"},{"id":907892816,"name":"Thread #907892816"},{"id":855333552,"name":"Thread #855333552"},{"id":88452672,"name":"Thread #88452672"},{"id":855333248,"name":"Thread #855333248"},{"id":88451760,"name":"Thread #88451760"}]},"seq":663}
<--   C (stackTrace-171): {"command":"stackTrace","arguments":{"threadId":88452672,"startFrame":0,"levels":20},"type":"request","seq":171}
--> R (stackTrace-171): {"type":"response","request_seq":171,"success":true,"command":"stackTrace","body":{"stackFrames":[{"id":1,"name":"Void PlayerController:SetNewScale ()","source":{"name":"PlayerController.cs","path":"C:\\Users\\Cex\\Documents\\Github\\MeatSlice\\Assets\\Scripts\\Gameplay\\PlayerController.cs","sources":[],"checksums":[]},"line":152,"column":9},{"id":2,"name":"Void PlayerController:SliceFood ()","source":{"name":"PlayerController.cs","path":"C:\\Users\\Cex\\Documents\\Github\\MeatSlice\\Assets\\Scripts\\Gameplay\\PlayerController.cs","sources":[],"checksums":[]},"line":117,"column":9},{"id":3,"name":"Void UnityEngine.Events.InvokableCall:Invoke ()","line":0,"column":0},{"id":4,"name":"Void UnityEngine.Events.UnityEvent:Invoke ()","line":0,"column":0},{"id":5,"name":"Void UnityEngine.UI.Button:Press ()","source":{"name":"Button.cs","path":"c:\\Users\\Cex\\Documents\\Github\\MeatSlice\\Library\\PackageCache\\com.unity.ugui@1.0.0\\Runtime\\UI\\Core\\Button.cs","sources":[],"checksums":[]},"line":70,"column":13},{"id":6,"name":"Void UnityEngine.UI.Button:OnPointerClick (PointerEventData)","source":{"name":"Button.cs","path":"c:\\Users\\Cex\\Documents\\Github\\MeatSlice\\Library\\PackageCache\\com.unity.ugui@1.0.0\\Runtime\\UI\\Core\\Button.cs","sources":[],"checksums":[]},"line":114,"column":13},{"id":7,"name":"Void UnityEngine.EventSystems.ExecuteEvents:Execute (IPointerClickHandler, BaseEventData)","source":{"name":"ExecuteEvents.cs","path":"c:\\Users\\Cex\\Documents\\Github\\MeatSlice\\Library\\PackageCache\\com.unity.ugui@1.0.0\\Runtime\\EventSystem\\ExecuteEvents.cs","sources":[],"checksums":[]},"line":57,"column":13},{"id":8,"name":"Boolean UnityEngine.EventSystems.ExecuteEvents:Execute (GameObject, BaseEventData, EventFunction`1)","source":{"name":"ExecuteEvents.cs","path":"c:\\Users\\Cex\\Documents\\Github\\MeatSlice\\Library\\PackageCache\\com.unity.ugui@1.0.0\\Runtime\\EventSystem\\ExecuteEvents.cs","sources":[],"checksums":[]},"line":272,"column":21},{"id":9,"name":"Void UnityEngine.EventSystems.StandaloneInputModule:ReleaseMouse (PointerEventData, GameObject)","source":{"name":"StandaloneInputModule.cs","path":"c:\\Users\\Cex\\Documents\\Github\\MeatSlice\\Library\\PackageCache\\com.unity.ugui@1.0.0\\Runtime\\EventSystem\\InputModules\\StandaloneInputModule.cs","sources":[],"checksums":[]},"line":192,"column":17},{"id":10,"name":"Void UnityEngine.EventSystems.StandaloneInputModule:ProcessMousePress (MouseButtonEventData)","source":{"name":"StandaloneInputModule.cs","path":"c:\\Users\\Cex\\Documents\\Github\\MeatSlice\\Library\\PackageCache\\com.unity.ugui@1.0.0\\Runtime\\EventSystem\\InputModules\\StandaloneInputModule.cs","sources":[],"checksums":[]},"line":654,"column":17},{"id":11,"name":"Void UnityEngine.EventSystems.StandaloneInputModule:ProcessMouseEvent (Int32)","source":{"name":"StandaloneInputModule.cs","path":"c:\\Users\\Cex\\Documents\\Github\\MeatSlice\\Library\\PackageCache\\com.unity.ugui@1.0.0\\Runtime\\EventSystem\\InputModules\\StandaloneInputModule.cs","sources":[],"checksums":[]},"line":554,"column":13},{"id":12,"name":"Void UnityEngine.EventSystems.StandaloneInputModule:ProcessMouseEvent ()","source":{"name":"StandaloneInputModule.cs","path":"c:\\Users\\Cex\\Documents\\Github\\MeatSlice\\Library\\PackageCache\\com.unity.ugui@1.0.0\\Runtime\\EventSystem\\InputModules\\StandaloneInputModule.cs","sources":[],"checksums":[]},"line":534,"column":13},{"id":13,"name":"Void UnityEngine.EventSystems.StandaloneInputModule:Process ()","source":{"name":"StandaloneInputModule.cs","path":"c:\\Users\\Cex\\Documents\\Github\\MeatSlice\\Library\\PackageCache\\com.unity.ugui@1.0.0\\Runtime\\EventSystem\\InputModules\\StandaloneInputModule.cs","sources":[],"checksums":[]},"line":282,"column":17},{"id":14,"name":"Void UnityEngine.EventSystems.EventSystem:Update ()","source":{"name":"EventSystem.cs","path":"c:\\Users\\Cex\\Documents\\Github\\MeatSlice\\Library\\PackageCache\\com.unity.ugui@1.0.0\\Runtime\\EventSystem\\EventSystem.cs","sources":[],"checksums":[]},"line":530,"column":17}],"totalFrames":14},"seq":664}
<--   C (evaluate-172): {"command":"evaluate","arguments":{"expression":"so","frameId":1,"context":"hover","line":141,"column":73,"source":{"name":"PlayerController.cs","path":"c:\\Users\\Cex\\Documents\\Github\\MeatSlice\\Assets\\Scripts\\Gameplay\\PlayerController.cs","sources":[],"checksums":[]}},"type":"request","seq":172}
--> R (evaluate-172): {"type":"response","request_seq":172,"success":true,"command":"evaluate","body":{"result":"The identifier `so` is not in the scope","type":"","variablesReference":0},"seq":665}
<--   C (evaluate-173): {"command":"evaluate","arguments":{"expression":"food","frameId":1,"context":"hover","line":144,"column":61,"source":{"name":"PlayerController.cs","path":"c:\\Users\\Cex\\Documents\\Github\\MeatSlice\\Assets\\Scripts\\Gameplay\\PlayerController.cs","sources":[],"checksums":[]}},"type":"request","seq":173}
--> R (evaluate-173): {"type":"response","request_seq":173,"success":true,"command":"evaluate","body":{"result":"The identifier `food` is not in the scope","type":"","variablesReference":0},"seq":666}
<--   C (evaluate-174): {"command":"evaluate","arguments":{"expression":"currentFoodPos","frameId":1,"context":"hover","line":146,"column":51,"source":{"name":"PlayerController.cs","path":"c:\\Users\\Cex\\Documents\\Github\\MeatSlice\\Assets\\Scripts\\Gameplay\\PlayerController.cs","sources":[],"checksums":[]}},"type":"request","seq":174}
--> R (evaluate-174): {"type":"response","request_seq":174,"success":true,"command":"evaluate","body":{"result":"\"(0.00, 0.00, -0.50)\"","type":"UnityEngine.Vector3","variablesReference":1},"seq":667}
<--   C (evaluate-175): {"command":"evaluate","arguments":{"expression":"RoundToPoint","frameId":1,"context":"hover","line":146,"column":38,"source":{"name":"PlayerController.cs","path":"c:\\Users\\Cex\\Documents\\Github\\MeatSlice\\Assets\\Scripts\\Gameplay\\PlayerController.cs","sources":[],"checksums":[]}},"type":"request","seq":175}
--> R (evaluate-175): {"type":"response","request_seq":175,"success":true,"command":"evaluate","body":{"result":"The identifier `RoundToPoint` is not in the scope","type":"","variablesReference":0},"seq":668}
<--   C (evaluate-176): {"command":"evaluate","arguments":{"expression":"currentFoodPos","frameId":1,"context":"hover","line":147,"column":42,"source":{"name":"PlayerController.cs","path":"c:\\Users\\Cex\\Documents\\Github\\MeatSlice\\Assets\\Scripts\\Gameplay\\PlayerController.cs","sources":[],"checksums":[]}},"type":"request","seq":176}
--> R (evaluate-176): {"type":"response","request_seq":176,"success":true,"command":"evaluate","body":{"result":"\"(0.00, 0.00, -0.50)\"","type":"UnityEngine.Vector3","variablesReference":2},"seq":669}
<--   C (evaluate-177): {"command":"evaluate","arguments":{"expression":"currentFoodPos","frameId":1,"context":"hover","line":147,"column":42,"source":{"name":"PlayerController.cs","path":"c:\\Users\\Cex\\Documents\\Github\\MeatSlice\\Assets\\Scripts\\Gameplay\\PlayerController.cs","sources":[],"checksums":[]}},"type":"request","seq":177}
--> R (evaluate-177): {"type":"response","request_seq":177,"success":true,"command":"evaluate","body":{"result":"\"(0.00, 0.00, -0.50)\"","type":"UnityEngine.Vector3","variablesReference":3},"seq":670}
<--   C (evaluate-178): {"command":"evaluate","arguments":{"expression":"currentFoodPos","frameId":1,"context":"hover","line":147,"column":42,"source":{"name":"PlayerController.cs","path":"c:\\Users\\Cex\\Documents\\Github\\MeatSlice\\Assets\\Scripts\\Gameplay\\PlayerController.cs","sources":[],"checksums":[]}},"type":"request","seq":178}
--> R (evaluate-178): {"type":"response","request_seq":178,"success":true,"command":"evaluate","body":{"result":"\"(0.00, 0.00, -0.50)\"","type":"UnityEngine.Vector3","variablesReference":4},"seq":671}
<--   C (variables-179): {"command":"variables","arguments":{"variablesReference":4},"type":"request","seq":179}
--> R (variables-179): {"type":"response","request_seq":179,"success":true,"command":"variables","body":{"variables":[{"name":"magnitude","value":"0.5","type":"float","variablesReference":0},{"name":"normalized","value":"\"(0.00, 0.00, -1.00)\"","type":"UnityEngine.Vector3","variablesReference":5},{"name":"sqrMagnitude","value":"0.25","type":"float","variablesReference":0},{"name":"x","value":"0","type":"float","variablesReference":0},{"name":"y","value":"0","type":"float","variablesReference":0},{"name":"z","value":"-0.5","type":"float","variablesReference":0},{"name":"Static members","value":"","type":"","variablesReference":6}]},"seq":672}
<--   C (evaluate-180): {"command":"evaluate","arguments":{"expression":"","frameId":1,"context":"hover","line":147,"column":0,"source":{"name":"PlayerController.cs","path":"c:\\Users\\Cex\\Documents\\Github\\MeatSlice\\Assets\\Scripts\\Gameplay\\PlayerController.cs","sources":[],"checksums":[]}},"type":"request","seq":180}
--> R (evaluate-180): {"type":"response","request_seq":180,"success":true,"command":"evaluate","body":{"result":"Node not supported: `;`","type":"","variablesReference":0},"seq":673}
<--   C (evaluate-181): {"command":"evaluate","arguments":{"expression":"currentFood.transform.position","frameId":1,"context":"hover","line":147,"column":9,"source":{"name":"PlayerController.cs","path":"c:\\Users\\Cex\\Documents\\Github\\MeatSlice\\Assets\\Scripts\\Gameplay\\PlayerController.cs","sources":[],"checksums":[]}},"type":"request","seq":181}
--> R (evaluate-181): {"type":"response","request_seq":181,"success":true,"command":"evaluate","body":{"result":"\"(0.00, 0.00, -0.50)\"","type":"UnityEngine.Vector3","variablesReference":7},"seq":674}
<--   C (scopes-182): {"command":"scopes","arguments":{"frameId":1},"type":"request","seq":182}
--> R (scopes-182): {"type":"response","request_seq":182,"success":true,"command":"scopes","body":{"scopes":[{"presentationHint":"locals","name":"Locals","variablesReference":8,"expensive":false}]},"seq":675}
<--   C (evaluate-183): {"command":"evaluate","arguments":{"expression":"currentFood.transform.position","frameId":1,"context":"hover","line":147,"column":9,"source":{"name":"PlayerController.cs","path":"c:\\Users\\Cex\\Documents\\Github\\MeatSlice\\Assets\\Scripts\\Gameplay\\PlayerController.cs","sources":[],"checksums":[]}},"type":"request","seq":183}
--> R (evaluate-183): {"type":"response","request_seq":183,"success":true,"command":"evaluate","body":{"result":"\"(0.00, 0.00, -0.50)\"","type":"UnityEngine.Vector3","variablesReference":9},"seq":676}
<--   C (variables-184): {"command":"variables","arguments":{"variablesReference":8},"type":"request","seq":184}
--> R (variables-184): {"type":"response","request_seq":184,"success":true,"command":"variables","body":{"variables":[{"name":"Active scene","value":"{UnityEngine.SceneManagement.Scene}","type":"UnityEngine.SceneManagement.Scene","variablesReference":10},{"name":"this","value":"\"Player Controller (PlayerController)\"","type":"PlayerController","variablesReference":11},{"name":"this.gameObject","value":"\"Player Controller (UnityEngine.GameObject)\"","type":"UnityEngine.GameObject","variablesReference":12},{"name":"currentFoodPos","value":"\"(0.00, 0.00, -0.50)\"","type":"UnityEngine.Vector3","variablesReference":13},{"name":"prevFoodPos","value":"\"(0.00, 0.00, 0.00)\"","type":"UnityEngine.Vector3","variablesReference":14},{"name":"distance","value":"0","type":"float","variablesReference":0},{"name":"isSpawnPointA","value":"false","type":"bool","variablesReference":0},{"name":"boxPosition","value":"\"(0.00, 0.00, 0.00)\"","type":"UnityEngine.Vector3","variablesReference":15},{"name":"xDiff","value":"0","type":"float","variablesReference":0},{"name":"zDiff","value":"0","type":"float","variablesReference":0},{"name":"newScale","value":"\"(0.00, 0.00, 0.00)\"","type":"UnityEngine.Vector3","variablesReference":16},{"name":"foodType","value":"Meat","type":"FoodType","variablesReference":0}]},"seq":677}
<--   C (evaluate-185): {"command":"evaluate","arguments":{"expression":"currentFood.transform.position","frameId":1,"context":"hover","line":147,"column":9,"source":{"name":"PlayerController.cs","path":"c:\\Users\\Cex\\Documents\\Github\\MeatSlice\\Assets\\Scripts\\Gameplay\\PlayerController.cs","sources":[],"checksums":[]}},"type":"request","seq":185}
--> R (evaluate-185): {"type":"response","request_seq":185,"success":true,"command":"evaluate","body":{"result":"\"(0.00, 0.00, -0.50)\"","type":"UnityEngine.Vector3","variablesReference":17},"seq":678}
<--   C (evaluate-186): {"command":"evaluate","arguments":{"expression":"currentFood.transform.position","frameId":1,"context":"hover","line":147,"column":9,"source":{"name":"PlayerController.cs","path":"c:\\Users\\Cex\\Documents\\Github\\MeatSlice\\Assets\\Scripts\\Gameplay\\PlayerController.cs","sources":[],"checksums":[]}},"type":"request","seq":186}
--> R (evaluate-186): {"type":"response","request_seq":186,"success":true,"command":"evaluate","body":{"result":"\"(0.00, 0.00, -0.50)\"","type":"UnityEngine.Vector3","variablesReference":18},"seq":679}
<--   C (evaluate-187): {"command":"evaluate","arguments":{"expression":"currentFood.transform.position","frameId":1,"context":"hover","line":147,"column":9,"source":{"name":"PlayerController.cs","path":"c:\\Users\\Cex\\Documents\\Github\\MeatSlice\\Assets\\Scripts\\Gameplay\\PlayerController.cs","sources":[],"checksums":[]}},"type":"request","seq":187}
--> R (evaluate-187): {"type":"response","request_seq":187,"success":true,"command":"evaluate","body":{"result":"\"(0.00, 0.00, -0.50)\"","type":"UnityEngine.Vector3","variablesReference":19},"seq":680}
<--   C (evaluate-188): {"command":"evaluate","arguments":{"expression":"prevFoodPos","frameId":1,"context":"hover","line":149,"column":17,"source":{"name":"PlayerController.cs","path":"c:\\Users\\Cex\\Documents\\Github\\MeatSlice\\Assets\\Scripts\\Gameplay\\PlayerController.cs","sources":[],"checksums":[]}},"type":"request","seq":188}
--> R (evaluate-188): {"type":"response","request_seq":188,"success":true,"command":"evaluate","body":{"result":"\"(0.00, 0.00, 0.00)\"","type":"UnityEngine.Vector3","variablesReference":20},"seq":681}
<--   C (variables-189): {"command":"variables","arguments":{"variablesReference":20},"type":"request","seq":189}
--> R (variables-189): {"type":"response","request_seq":189,"success":true,"command":"variables","body":{"variables":[{"name":"magnitude","value":"0","type":"float","variablesReference":0},{"name":"normalized","value":"\"(0.00, 0.00, 0.00)\"","type":"UnityEngine.Vector3","variablesReference":21},{"name":"sqrMagnitude","value":"0","type":"float","variablesReference":0},{"name":"x","value":"0","type":"float","variablesReference":0},{"name":"y","value":"0","type":"float","variablesReference":0},{"name":"z","value":"0","type":"float","variablesReference":0},{"name":"Static members","value":"","type":"","variablesReference":22}]},"seq":682}
<--   C (evaluate-190): {"command":"evaluate","arguments":{"expression":"prevFoodPos","frameId":1,"context":"hover","line":150,"column":9,"source":{"name":"PlayerController.cs","path":"c:\\Users\\Cex\\Documents\\Github\\MeatSlice\\Assets\\Scripts\\Gameplay\\PlayerController.cs","sources":[],"checksums":[]}},"type":"request","seq":190}
--> R (evaluate-190): {"type":"response","request_seq":190,"success":true,"command":"evaluate","body":{"result":"\"(0.00, 0.00, 0.00)\"","type":"UnityEngine.Vector3","variablesReference":23},"seq":683}
<--   C (variables-191): {"command":"variables","arguments":{"variablesReference":23},"type":"request","seq":191}
--> R (variables-191): {"type":"response","request_seq":191,"success":true,"command":"variables","body":{"variables":[{"name":"magnitude","value":"0","type":"float","variablesReference":0},{"name":"normalized","value":"\"(0.00, 0.00, 0.00)\"","type":"UnityEngine.Vector3","variablesReference":24},{"name":"sqrMagnitude","value":"0","type":"float","variablesReference":0},{"name":"x","value":"0","type":"float","variablesReference":0},{"name":"y","value":"0","type":"float","variablesReference":0},{"name":"z","value":"0","type":"float","variablesReference":0},{"name":"Static members","value":"","type":"","variablesReference":25}]},"seq":684}
<--   C (evaluate-192): {"command":"evaluate","arguments":{"expression":"","frameId":1,"context":"hover","line":150,"column":0,"source":{"name":"PlayerController.cs","path":"c:\\Users\\Cex\\Documents\\Github\\MeatSlice\\Assets\\Scripts\\Gameplay\\PlayerController.cs","sources":[],"checksums":[]}},"type":"request","seq":192}
--> R (evaluate-192): {"type":"response","request_seq":192,"success":true,"command":"evaluate","body":{"result":"Node not supported: `;`","type":"","variablesReference":0},"seq":685}
<--   C (evaluate-193): {"command":"evaluate","arguments":{"expression":"new","frameId":1,"context":"hover","line":150,"column":23,"source":{"name":"PlayerController.cs","path":"c:\\Users\\Cex\\Documents\\Github\\MeatSlice\\Assets\\Scripts\\Gameplay\\PlayerController.cs","sources":[],"checksums":[]}},"type":"request","seq":193}
--> R (evaluate-193): {"type":"response","request_seq":193,"success":false,"command":"evaluate","message":"Unable to parse: `new`","body":{},"seq":686}
<--   C (evaluate-194): {"command":"evaluate","arguments":{"expression":"Vector3","frameId":1,"context":"hover","line":150,"column":27,"source":{"name":"PlayerController.cs","path":"c:\\Users\\Cex\\Documents\\Github\\MeatSlice\\Assets\\Scripts\\Gameplay\\PlayerController.cs","sources":[],"checksums":[]}},"type":"request","seq":194}
--> R (evaluate-194): {"type":"response","request_seq":194,"success":true,"command":"evaluate","body":{"result":"UnityEngine.Vector3","type":"UnityEngine.Vector3","variablesReference":26},"seq":687}
<--   C (evaluate-195): {"command":"evaluate","arguments":{"expression":"Vector3","frameId":1,"context":"hover","line":150,"column":27,"source":{"name":"PlayerController.cs","path":"c:\\Users\\Cex\\Documents\\Github\\MeatSlice\\Assets\\Scripts\\Gameplay\\PlayerController.cs","sources":[],"checksums":[]}},"type":"request","seq":195}
--> R (evaluate-195): {"type":"response","request_seq":195,"success":true,"command":"evaluate","body":{"result":"UnityEngine.Vector3","type":"UnityEngine.Vector3","variablesReference":27},"seq":688}
<--   C (evaluate-196): {"command":"evaluate","arguments":{"expression":"Vector3","frameId":1,"context":"hover","line":150,"column":27,"source":{"name":"PlayerController.cs","path":"c:\\Users\\Cex\\Documents\\Github\\MeatSlice\\Assets\\Scripts\\Gameplay\\PlayerController.cs","sources":[],"checksums":[]}},"type":"request","seq":196}
--> R (evaluate-196): {"type":"response","request_seq":196,"success":true,"command":"evaluate","body":{"result":"UnityEngine.Vector3","type":"UnityEngine.Vector3","variablesReference":28},"seq":689}
<--   C (variables-197): {"command":"variables","arguments":{"variablesReference":28},"type":"request","seq":197}
--> R (variables-197): {"type":"response","request_seq":197,"success":true,"command":"variables","body":{"variables":[{"name":"back","value":"\"(0.00, 0.00, -1.00)\"","type":"UnityEngine.Vector3","variablesReference":29},{"name":"down","value":"\"(0.00, -1.00, 0.00)\"","type":"UnityEngine.Vector3","variablesReference":30},{"name":"forward","value":"\"(0.00, 0.00, 1.00)\"","type":"UnityEngine.Vector3","variablesReference":31},{"name":"kEpsilon","value":"1E-05","type":"float","variablesReference":0},{"name":"kEpsilonNormalSqrt","value":"1E-15","type":"float","variablesReference":0},{"name":"left","value":"\"(-1.00, 0.00, 0.00)\"","type":"UnityEngine.Vector3","variablesReference":32},{"name":"negativeInfinity","value":"\"(-Infinity, -Infinity, -Infinity)\"","type":"UnityEngine.Vector3","variablesReference":33},{"name":"one","value":"\"(1.00, 1.00, 1.00)\"","type":"UnityEngine.Vector3","variablesReference":34},{"name":"positiveInfinity","value":"\"(Infinity, Infinity, Infinity)\"","type":"UnityEngine.Vector3","variablesReference":35},{"name":"right","value":"\"(1.00, 0.00, 0.00)\"","type":"UnityEngine.Vector3","variablesReference":36},{"name":"up","value":"\"(0.00, 1.00, 0.00)\"","type":"UnityEngine.Vector3","variablesReference":37},{"name":"zero","value":"\"(0.00, 0.00, 0.00)\"","type":"UnityEngine.Vector3","variablesReference":38},{"name":"Non-Public members","value":"","type":"","variablesReference":39}]},"seq":690}
<--   C (evaluate-198): {"command":"evaluate","arguments":{"expression":"RoundToPoint","frameId":1,"context":"hover","line":150,"column":35,"source":{"name":"PlayerController.cs","path":"c:\\Users\\Cex\\Documents\\Github\\MeatSlice\\Assets\\Scripts\\Gameplay\\PlayerController.cs","sources":[],"checksums":[]}},"type":"request","seq":198}
--> R (evaluate-198): {"type":"response","request_seq":198,"success":true,"command":"evaluate","body":{"result":"The identifier `RoundToPoint` is not in the scope","type":"","variablesReference":0},"seq":691}
<--   C (evaluate-199): {"command":"evaluate","arguments":{"expression":"RoundToPoint","frameId":1,"context":"hover","line":150,"column":35,"source":{"name":"PlayerController.cs","path":"c:\\Users\\Cex\\Documents\\Github\\MeatSlice\\Assets\\Scripts\\Gameplay\\PlayerController.cs","sources":[],"checksums":[]}},"type":"request","seq":199}
--> R (evaluate-199): {"type":"response","request_seq":199,"success":true,"command":"evaluate","body":{"result":"The identifier `RoundToPoint` is not in the scope","type":"","variablesReference":0},"seq":692}
<--   C (evaluate-200): {"command":"evaluate","arguments":{"expression":"RoundToPoint","frameId":1,"context":"hover","line":150,"column":35,"source":{"name":"PlayerController.cs","path":"c:\\Users\\Cex\\Documents\\Github\\MeatSlice\\Assets\\Scripts\\Gameplay\\PlayerController.cs","sources":[],"checksums":[]}},"type":"request","seq":200}
--> R (evaluate-200): {"type":"response","request_seq":200,"success":true,"command":"evaluate","body":{"result":"The identifier `RoundToPoint` is not in the scope","type":"","variablesReference":0},"seq":693}
<--   C (evaluate-201): {"command":"evaluate","arguments":{"expression":"RoundToPoint","frameId":1,"context":"hover","line":150,"column":35,"source":{"name":"PlayerController.cs","path":"c:\\Users\\Cex\\Documents\\Github\\MeatSlice\\Assets\\Scripts\\Gameplay\\PlayerController.cs","sources":[],"checksums":[]}},"type":"request","seq":201}
--> R (evaluate-201): {"type":"response","request_seq":201,"success":true,"command":"evaluate","body":{"result":"The identifier `RoundToPoint` is not in the scope","type":"","variablesReference":0},"seq":694}
<--   C (evaluate-202): {"command":"evaluate","arguments":{"expression":"RoundToPoint","frameId":1,"context":"hover","line":150,"column":35,"source":{"name":"PlayerController.cs","path":"c:\\Users\\Cex\\Documents\\Github\\MeatSlice\\Assets\\Scripts\\Gameplay\\PlayerController.cs","sources":[],"checksums":[]}},"type":"request","seq":202}
--> R (evaluate-202): {"type":"response","request_seq":202,"success":true,"command":"evaluate","body":{"result":"The identifier `RoundToPoint` is not in the scope","type":"","variablesReference":0},"seq":695}
<--   C (evaluate-203): {"command":"evaluate","arguments":{"expression":"RoundToPoint","frameId":1,"context":"hover","line":150,"column":35,"source":{"name":"PlayerController.cs","path":"c:\\Users\\Cex\\Documents\\Github\\MeatSlice\\Assets\\Scripts\\Gameplay\\PlayerController.cs","sources":[],"checksums":[]}},"type":"request","seq":203}
--> R (evaluate-203): {"type":"response","request_seq":203,"success":true,"command":"evaluate","body":{"result":"The identifier `RoundToPoint` is not in the scope","type":"","variablesReference":0},"seq":696}
<--   C (evaluate-204): {"command":"evaluate","arguments":{"expression":"distance","frameId":1,"context":"hover","line":152,"column":15,"source":{"name":"PlayerController.cs","path":"c:\\Users\\Cex\\Documents\\Github\\MeatSlice\\Assets\\Scripts\\Gameplay\\PlayerController.cs","sources":[],"checksums":[]}},"type":"request","seq":204}
--> R (evaluate-204): {"type":"response","request_seq":204,"success":true,"command":"evaluate","body":{"result":"0","type":"float","variablesReference":0},"seq":697}
<--   C (evaluate-205): {"command":"evaluate","arguments":{"expression":"distance","frameId":1,"context":"hover","line":153,"column":13,"source":{"name":"PlayerController.cs","path":"c:\\Users\\Cex\\Documents\\Github\\MeatSlice\\Assets\\Scripts\\Gameplay\\PlayerController.cs","sources":[],"checksums":[]}},"type":"request","seq":205}
--> R (evaluate-205): {"type":"response","request_seq":205,"success":true,"command":"evaluate","body":{"result":"0","type":"float","variablesReference":0},"seq":698}
--> E (thread): {"type":"event","event":"thread","body":{"reason":"exited","threadId":908404208},"seq":699}
<--   C (evaluate-206): {"command":"evaluate","arguments":{"expression":"","frameId":1,"context":"hover","line":153,"column":0,"source":{"name":"PlayerController.cs","path":"c:\\Users\\Cex\\Documents\\Github\\MeatSlice\\Assets\\Scripts\\Gameplay\\PlayerController.cs","sources":[],"checksums":[]}},"type":"request","seq":206}
--> R (evaluate-206): {"type":"response","request_seq":206,"success":true,"command":"evaluate","body":{"result":"Node not supported: `;`","type":"","variablesReference":0},"seq":700}
<--   C (evaluate-207): {"command":"evaluate","arguments":{"expression":"Vector3.Distance","frameId":1,"context":"hover","line":152,"column":26,"source":{"name":"PlayerController.cs","path":"c:\\Users\\Cex\\Documents\\Github\\MeatSlice\\Assets\\Scripts\\Gameplay\\PlayerController.cs","sources":[],"checksums":[]}},"type":"request","seq":207}
--> R (evaluate-207): {"type":"response","request_seq":207,"success":true,"command":"evaluate","body":{"result":"Could not find a member `Distance` for `Vector3`","type":"","variablesReference":0},"seq":701}
<--   C (evaluate-208): {"command":"evaluate","arguments":{"expression":"difficultyVarient","frameId":1,"context":"hover","line":150,"column":63,"source":{"name":"PlayerController.cs","path":"c:\\Users\\Cex\\Documents\\Github\\MeatSlice\\Assets\\Scripts\\Gameplay\\PlayerController.cs","sources":[],"checksums":[]}},"type":"request","seq":208}
--> R (evaluate-208): {"type":"response","request_seq":208,"success":true,"command":"evaluate","body":{"result":"2","type":"int","variablesReference":0},"seq":702}
<--   C (evaluate-209): {"command":"evaluate","arguments":{"expression":"0","frameId":1,"context":"hover","line":146,"column":89,"source":{"name":"PlayerController.cs","path":"c:\\Users\\Cex\\Documents\\Github\\MeatSlice\\Assets\\Scripts\\Gameplay\\PlayerController.cs","sources":[],"checksums":[]}},"type":"request","seq":209}
--> R (evaluate-209): {"type":"response","request_seq":209,"success":true,"command":"evaluate","body":{"result":"0","type":"int","variablesReference":0},"seq":703}
<--   C (next-210): {"command":"next","arguments":{"threadId":88452672},"type":"request","seq":210}
--> R (next-210): {"type":"response","request_seq":210,"success":true,"command":"next","body":{},"seq":704}
--> E (stopped): {"type":"event","event":"stopped","body":{"reason":"step","threadId":88452672,"allThreadsStopped":true},"seq":705}
--> E (thread): {"type":"event","event":"thread","body":{"reason":"started","threadId":855332944},"seq":706}
<--   C (threads-211): {"command":"threads","type":"request","seq":211}
--> R (threads-211): {"type":"response","request_seq":211,"success":true,"command":"threads","body":{"threads":[{"id":855215680,"name":"Thread #855215680"},{"id":908404512,"name":"Thread #908404512"},{"id":855333856,"name":"Timer-Scheduler"},{"id":907893120,"name":"Thread #907893120"},{"id":918681072,"name":"Thread #918681072"},{"id":918681376,"name":"Thread #918681376"},{"id":855213856,"name":"Thread Pool I/O Selector"},{"id":907892816,"name":"Thread #907892816"},{"id":855333552,"name":"Thread #855333552"},{"id":88452672,"name":"Thread #88452672"},{"id":855333248,"name":"Thread #855333248"},{"id":855332944,"name":"Thread #855332944"},{"id":88451760,"name":"Thread #88451760"}]},"seq":707}
<--   C (stackTrace-212): {"command":"stackTrace","arguments":{"threadId":88452672,"startFrame":0,"levels":20},"type":"request","seq":212}
--> R (stackTrace-212): {"type":"response","request_seq":212,"success":true,"command":"stackTrace","body":{"stackFrames":[{"id":1,"name":"Void PlayerController:SetNewScale ()","source":{"name":"PlayerController.cs","path":"C:\\Users\\Cex\\Documents\\Github\\MeatSlice\\Assets\\Scripts\\Gameplay\\PlayerController.cs","sources":[],"checksums":[]},"line":153,"column":9},{"id":2,"name":"Void PlayerController:SliceFood ()","source":{"name":"PlayerController.cs","path":"C:\\Users\\Cex\\Documents\\Github\\MeatSlice\\Assets\\Scripts\\Gameplay\\PlayerController.cs","sources":[],"checksums":[]},"line":117,"column":9},{"id":3,"name":"Void UnityEngine.Events.InvokableCall:Invoke ()","line":0,"column":0},{"id":4,"name":"Void UnityEngine.Events.UnityEvent:Invoke ()","line":0,"column":0},{"id":5,"name":"Void UnityEngine.UI.Button:Press ()","source":{"name":"Button.cs","path":"c:\\Users\\Cex\\Documents\\Github\\MeatSlice\\Library\\PackageCache\\com.unity.ugui@1.0.0\\Runtime\\UI\\Core\\Button.cs","sources":[],"checksums":[]},"line":70,"column":13},{"id":6,"name":"Void UnityEngine.UI.Button:OnPointerClick (PointerEventData)","source":{"name":"Button.cs","path":"c:\\Users\\Cex\\Documents\\Github\\MeatSlice\\Library\\PackageCache\\com.unity.ugui@1.0.0\\Runtime\\UI\\Core\\Button.cs","sources":[],"checksums":[]},"line":114,"column":13},{"id":7,"name":"Void UnityEngine.EventSystems.ExecuteEvents:Execute (IPointerClickHandler, BaseEventData)","source":{"name":"ExecuteEvents.cs","path":"c:\\Users\\Cex\\Documents\\Github\\MeatSlice\\Library\\PackageCache\\com.unity.ugui@1.0.0\\Runtime\\EventSystem\\ExecuteEvents.cs","sources":[],"checksums":[]},"line":57,"column":13},{"id":8,"name":"Boolean UnityEngine.EventSystems.ExecuteEvents:Execute (GameObject, BaseEventData, EventFunction`1)","source":{"name":"ExecuteEvents.cs","path":"c:\\Users\\Cex\\Documents\\Github\\MeatSlice\\Library\\PackageCache\\com.unity.ugui@1.0.0\\Runtime\\EventSystem\\ExecuteEvents.cs","sources":[],"checksums":[]},"line":272,"column":21},{"id":9,"name":"Void UnityEngine.EventSystems.StandaloneInputModule:ReleaseMouse (PointerEventData, GameObject)","source":{"name":"StandaloneInputModule.cs","path":"c:\\Users\\Cex\\Documents\\Github\\MeatSlice\\Library\\PackageCache\\com.unity.ugui@1.0.0\\Runtime\\EventSystem\\InputModules\\StandaloneInputModule.cs","sources":[],"checksums":[]},"line":192,"column":17},{"id":10,"name":"Void UnityEngine.EventSystems.StandaloneInputModule:ProcessMousePress (MouseButtonEventData)","source":{"name":"StandaloneInputModule.cs","path":"c:\\Users\\Cex\\Documents\\Github\\MeatSlice\\Library\\PackageCache\\com.unity.ugui@1.0.0\\Runtime\\EventSystem\\InputModules\\StandaloneInputModule.cs","sources":[],"checksums":[]},"line":654,"column":17},{"id":11,"name":"Void UnityEngine.EventSystems.StandaloneInputModule:ProcessMouseEvent (Int32)","source":{"name":"StandaloneInputModule.cs","path":"c:\\Users\\Cex\\Documents\\Github\\MeatSlice\\Library\\PackageCache\\com.unity.ugui@1.0.0\\Runtime\\EventSystem\\InputModules\\StandaloneInputModule.cs","sources":[],"checksums":[]},"line":554,"column":13},{"id":12,"name":"Void UnityEngine.EventSystems.StandaloneInputModule:ProcessMouseEvent ()","source":{"name":"StandaloneInputModule.cs","path":"c:\\Users\\Cex\\Documents\\Github\\MeatSlice\\Library\\PackageCache\\com.unity.ugui@1.0.0\\Runtime\\EventSystem\\InputModules\\StandaloneInputModule.cs","sources":[],"checksums":[]},"line":534,"column":13},{"id":13,"name":"Void UnityEngine.EventSystems.StandaloneInputModule:Process ()","source":{"name":"StandaloneInputModule.cs","path":"c:\\Users\\Cex\\Documents\\Github\\MeatSlice\\Library\\PackageCache\\com.unity.ugui@1.0.0\\Runtime\\EventSystem\\InputModules\\StandaloneInputModule.cs","sources":[],"checksums":[]},"line":282,"column":17},{"id":14,"name":"Void UnityEngine.EventSystems.EventSystem:Update ()","source":{"name":"EventSystem.cs","path":"c:\\Users\\Cex\\Documents\\Github\\MeatSlice\\Library\\PackageCache\\com.unity.ugui@1.0.0\\Runtime\\EventSystem\\EventSystem.cs","sources":[],"checksums":[]},"line":530,"column":17}],"totalFrames":14},"seq":708}
<--   C (threads-213): {"command":"threads","type":"request","seq":213}
--> R (threads-213): {"type":"response","request_seq":213,"success":true,"command":"threads","body":{"threads":[{"id":855215680,"name":"Thread #855215680"},{"id":908404512,"name":"Thread #908404512"},{"id":855333856,"name":"Timer-Scheduler"},{"id":907893120,"name":"Thread #907893120"},{"id":918681072,"name":"Thread #918681072"},{"id":918681376,"name":"Thread #918681376"},{"id":855213856,"name":"Thread Pool I/O Selector"},{"id":907892816,"name":"Thread #907892816"},{"id":855333552,"name":"Thread #855333552"},{"id":88452672,"name":"Thread #88452672"},{"id":855333248,"name":"Thread #855333248"},{"id":855332944,"name":"Thread #855332944"},{"id":88451760,"name":"Thread #88451760"}]},"seq":709}
<--   C (scopes-214): {"command":"scopes","arguments":{"frameId":1},"type":"request","seq":214}
--> R (scopes-214): {"type":"response","request_seq":214,"success":true,"command":"scopes","body":{"scopes":[{"presentationHint":"locals","name":"Locals","variablesReference":1,"expensive":false}]},"seq":710}
<--   C (variables-215): {"command":"variables","arguments":{"variablesReference":1},"type":"request","seq":215}
--> R (variables-215): {"type":"response","request_seq":215,"success":true,"command":"variables","body":{"variables":[{"name":"Active scene","value":"{UnityEngine.SceneManagement.Scene}","type":"UnityEngine.SceneManagement.Scene","variablesReference":2},{"name":"this","value":"\"Player Controller (PlayerController)\"","type":"PlayerController","variablesReference":3},{"name":"this.gameObject","value":"\"Player Controller (UnityEngine.GameObject)\"","type":"UnityEngine.GameObject","variablesReference":4},{"name":"currentFoodPos","value":"\"(0.00, 0.00, -0.50)\"","type":"UnityEngine.Vector3","variablesReference":5},{"name":"prevFoodPos","value":"\"(0.00, 0.00, 0.00)\"","type":"UnityEngine.Vector3","variablesReference":6},{"name":"distance","value":"0.5","type":"float","variablesReference":0},{"name":"isSpawnPointA","value":"false","type":"bool","variablesReference":0},{"name":"boxPosition","value":"\"(0.00, 0.00, 0.00)\"","type":"UnityEngine.Vector3","variablesReference":7},{"name":"xDiff","value":"0","type":"float","variablesReference":0},{"name":"zDiff","value":"0","type":"float","variablesReference":0},{"name":"newScale","value":"\"(0.00, 0.00, 0.00)\"","type":"UnityEngine.Vector3","variablesReference":8},{"name":"foodType","value":"Meat","type":"FoodType","variablesReference":0}]},"seq":711}
<--   C (evaluate-216): {"command":"evaluate","arguments":{"expression":"or","frameId":1,"context":"hover","line":141,"column":62,"source":{"name":"PlayerController.cs","path":"c:\\Users\\Cex\\Documents\\Github\\MeatSlice\\Assets\\Scripts\\Gameplay\\PlayerController.cs","sources":[],"checksums":[]}},"type":"request","seq":216}
--> R (evaluate-216): {"type":"response","request_seq":216,"success":true,"command":"evaluate","body":{"result":"The identifier `or` is not in the scope","type":"","variablesReference":0},"seq":712}
<--   C (evaluate-217): {"command":"evaluate","arguments":{"expression":"currentFood","frameId":1,"context":"hover","line":145,"column":34,"source":{"name":"PlayerController.cs","path":"c:\\Users\\Cex\\Documents\\Github\\MeatSlice\\Assets\\Scripts\\Gameplay\\PlayerController.cs","sources":[],"checksums":[]}},"type":"request","seq":217}
--> R (evaluate-217): {"type":"response","request_seq":217,"success":true,"command":"evaluate","body":{"result":"\"Tofu(Clone) (UnityEngine.GameObject)\"","type":"UnityEngine.GameObject","variablesReference":9},"seq":713}
<--   C (evaluate-218): {"command":"evaluate","arguments":{"expression":"currentFood.transform","frameId":1,"context":"hover","line":147,"column":9,"source":{"name":"PlayerController.cs","path":"c:\\Users\\Cex\\Documents\\Github\\MeatSlice\\Assets\\Scripts\\Gameplay\\PlayerController.cs","sources":[],"checksums":[]}},"type":"request","seq":218}
--> R (evaluate-218): {"type":"response","request_seq":218,"success":true,"command":"evaluate","body":{"result":"\"Tofu(Clone) (UnityEngine.Transform)\"","type":"UnityEngine.Transform","variablesReference":10},"seq":714}
<--   C (evaluate-219): {"command":"evaluate","arguments":{"expression":"prevFoodPos","frameId":1,"context":"hover","line":150,"column":9,"source":{"name":"PlayerController.cs","path":"c:\\Users\\Cex\\Documents\\Github\\MeatSlice\\Assets\\Scripts\\Gameplay\\PlayerController.cs","sources":[],"checksums":[]}},"type":"request","seq":219}
--> R (evaluate-219): {"type":"response","request_seq":219,"success":true,"command":"evaluate","body":{"result":"\"(0.00, 0.00, 0.00)\"","type":"UnityEngine.Vector3","variablesReference":11},"seq":715}
<--   C (variables-220): {"command":"variables","arguments":{"variablesReference":11},"type":"request","seq":220}
--> R (variables-220): {"type":"response","request_seq":220,"success":true,"command":"variables","body":{"variables":[{"name":"magnitude","value":"0","type":"float","variablesReference":0},{"name":"normalized","value":"\"(0.00, 0.00, 0.00)\"","type":"UnityEngine.Vector3","variablesReference":12},{"name":"sqrMagnitude","value":"0","type":"float","variablesReference":0},{"name":"x","value":"0","type":"float","variablesReference":0},{"name":"y","value":"0","type":"float","variablesReference":0},{"name":"z","value":"0","type":"float","variablesReference":0},{"name":"Static members","value":"","type":"","variablesReference":13}]},"seq":716}
<--   C (evaluate-221): {"command":"evaluate","arguments":{"expression":"distance","frameId":1,"context":"hover","line":152,"column":15,"source":{"name":"PlayerController.cs","path":"c:\\Users\\Cex\\Documents\\Github\\MeatSlice\\Assets\\Scripts\\Gameplay\\PlayerController.cs","sources":[],"checksums":[]}},"type":"request","seq":221}
--> R (evaluate-221): {"type":"response","request_seq":221,"success":true,"command":"evaluate","body":{"result":"0.5","type":"float","variablesReference":0},"seq":717}
<--   C (evaluate-222): {"command":"evaluate","arguments":{"expression":"prevFoodPos","frameId":1,"context":"hover","line":149,"column":17,"source":{"name":"PlayerController.cs","path":"c:\\Users\\Cex\\Documents\\Github\\MeatSlice\\Assets\\Scripts\\Gameplay\\PlayerController.cs","sources":[],"checksums":[]}},"type":"request","seq":222}
--> R (evaluate-222): {"type":"response","request_seq":222,"success":true,"command":"evaluate","body":{"result":"\"(0.00, 0.00, 0.00)\"","type":"UnityEngine.Vector3","variablesReference":14},"seq":718}
<--   C (variables-223): {"command":"variables","arguments":{"variablesReference":14},"type":"request","seq":223}
--> R (variables-223): {"type":"response","request_seq":223,"success":true,"command":"variables","body":{"variables":[{"name":"magnitude","value":"0","type":"float","variablesReference":0},{"name":"normalized","value":"\"(0.00, 0.00, 0.00)\"","type":"UnityEngine.Vector3","variablesReference":15},{"name":"sqrMagnitude","value":"0","type":"float","variablesReference":0},{"name":"x","value":"0","type":"float","variablesReference":0},{"name":"y","value":"0","type":"float","variablesReference":0},{"name":"z","value":"0","type":"float","variablesReference":0},{"name":"Static members","value":"","type":"","variablesReference":16}]},"seq":719}
<--   C (next-224): {"command":"next","arguments":{"threadId":88452672},"type":"request","seq":224}
--> R (next-224): {"type":"response","request_seq":224,"success":true,"command":"next","body":{},"seq":720}
--> E (stopped): {"type":"event","event":"stopped","body":{"reason":"step","threadId":88452672,"allThreadsStopped":true},"seq":721}
<--   C (threads-225): {"command":"threads","type":"request","seq":225}
--> R (threads-225): {"type":"response","request_seq":225,"success":true,"command":"threads","body":{"threads":[{"id":855215680,"name":"Thread #855215680"},{"id":908404512,"name":"Thread #908404512"},{"id":855333856,"name":"Timer-Scheduler"},{"id":907893120,"name":"Thread #907893120"},{"id":918681072,"name":"Thread #918681072"},{"id":918681376,"name":"Thread #918681376"},{"id":855213856,"name":"Thread Pool I/O Selector"},{"id":907892816,"name":"Thread #907892816"},{"id":855333552,"name":"Thread #855333552"},{"id":88452672,"name":"Thread #88452672"},{"id":855333248,"name":"Thread #855333248"},{"id":855332944,"name":"Thread #855332944"},{"id":88451760,"name":"Thread #88451760"}]},"seq":722}
<--   C (stackTrace-226): {"command":"stackTrace","arguments":{"threadId":88452672,"startFrame":0,"levels":20},"type":"request","seq":226}
--> R (stackTrace-226): {"type":"response","request_seq":226,"success":true,"command":"stackTrace","body":{"stackFrames":[{"id":1,"name":"Void PlayerController:SetNewScale ()","source":{"name":"PlayerController.cs","path":"C:\\Users\\Cex\\Documents\\Github\\MeatSlice\\Assets\\Scripts\\Gameplay\\PlayerController.cs","sources":[],"checksums":[]},"line":155,"column":9},{"id":2,"name":"Void PlayerController:SliceFood ()","source":{"name":"PlayerController.cs","path":"C:\\Users\\Cex\\Documents\\Github\\MeatSlice\\Assets\\Scripts\\Gameplay\\PlayerController.cs","sources":[],"checksums":[]},"line":117,"column":9},{"id":3,"name":"Void UnityEngine.Events.InvokableCall:Invoke ()","line":0,"column":0},{"id":4,"name":"Void UnityEngine.Events.UnityEvent:Invoke ()","line":0,"column":0},{"id":5,"name":"Void UnityEngine.UI.Button:Press ()","source":{"name":"Button.cs","path":"c:\\Users\\Cex\\Documents\\Github\\MeatSlice\\Library\\PackageCache\\com.unity.ugui@1.0.0\\Runtime\\UI\\Core\\Button.cs","sources":[],"checksums":[]},"line":70,"column":13},{"id":6,"name":"Void UnityEngine.UI.Button:OnPointerClick (PointerEventData)","source":{"name":"Button.cs","path":"c:\\Users\\Cex\\Documents\\Github\\MeatSlice\\Library\\PackageCache\\com.unity.ugui@1.0.0\\Runtime\\UI\\Core\\Button.cs","sources":[],"checksums":[]},"line":114,"column":13},{"id":7,"name":"Void UnityEngine.EventSystems.ExecuteEvents:Execute (IPointerClickHandler, BaseEventData)","source":{"name":"ExecuteEvents.cs","path":"c:\\Users\\Cex\\Documents\\Github\\MeatSlice\\Library\\PackageCache\\com.unity.ugui@1.0.0\\Runtime\\EventSystem\\ExecuteEvents.cs","sources":[],"checksums":[]},"line":57,"column":13},{"id":8,"name":"Boolean UnityEngine.EventSystems.ExecuteEvents:Execute (GameObject, BaseEventData, EventFunction`1)","source":{"name":"ExecuteEvents.cs","path":"c:\\Users\\Cex\\Documents\\Github\\MeatSlice\\Library\\PackageCache\\com.unity.ugui@1.0.0\\Runtime\\EventSystem\\ExecuteEvents.cs","sources":[],"checksums":[]},"line":272,"column":21},{"id":9,"name":"Void UnityEngine.EventSystems.StandaloneInputModule:ReleaseMouse (PointerEventData, GameObject)","source":{"name":"StandaloneInputModule.cs","path":"c:\\Users\\Cex\\Documents\\Github\\MeatSlice\\Library\\PackageCache\\com.unity.ugui@1.0.0\\Runtime\\EventSystem\\InputModules\\StandaloneInputModule.cs","sources":[],"checksums":[]},"line":192,"column":17},{"id":10,"name":"Void UnityEngine.EventSystems.StandaloneInputModule:ProcessMousePress (MouseButtonEventData)","source":{"name":"StandaloneInputModule.cs","path":"c:\\Users\\Cex\\Documents\\Github\\MeatSlice\\Library\\PackageCache\\com.unity.ugui@1.0.0\\Runtime\\EventSystem\\InputModules\\StandaloneInputModule.cs","sources":[],"checksums":[]},"line":654,"column":17},{"id":11,"name":"Void UnityEngine.EventSystems.StandaloneInputModule:ProcessMouseEvent (Int32)","source":{"name":"StandaloneInputModule.cs","path":"c:\\Users\\Cex\\Documents\\Github\\MeatSlice\\Library\\PackageCache\\com.unity.ugui@1.0.0\\Runtime\\EventSystem\\InputModules\\StandaloneInputModule.cs","sources":[],"checksums":[]},"line":554,"column":13},{"id":12,"name":"Void UnityEngine.EventSystems.StandaloneInputModule:ProcessMouseEvent ()","source":{"name":"StandaloneInputModule.cs","path":"c:\\Users\\Cex\\Documents\\Github\\MeatSlice\\Library\\PackageCache\\com.unity.ugui@1.0.0\\Runtime\\EventSystem\\InputModules\\StandaloneInputModule.cs","sources":[],"checksums":[]},"line":534,"column":13},{"id":13,"name":"Void UnityEngine.EventSystems.StandaloneInputModule:Process ()","source":{"name":"StandaloneInputModule.cs","path":"c:\\Users\\Cex\\Documents\\Github\\MeatSlice\\Library\\PackageCache\\com.unity.ugui@1.0.0\\Runtime\\EventSystem\\InputModules\\StandaloneInputModule.cs","sources":[],"checksums":[]},"line":282,"column":17},{"id":14,"name":"Void UnityEngine.EventSystems.EventSystem:Update ()","source":{"name":"EventSystem.cs","path":"c:\\Users\\Cex\\Documents\\Github\\MeatSlice\\Library\\PackageCache\\com.unity.ugui@1.0.0\\Runtime\\EventSystem\\EventSystem.cs","sources":[],"checksums":[]},"line":530,"column":17}],"totalFrames":14},"seq":723}
<--   C (scopes-227): {"command":"scopes","arguments":{"frameId":1},"type":"request","seq":227}
--> R (scopes-227): {"type":"response","request_seq":227,"success":true,"command":"scopes","body":{"scopes":[{"presentationHint":"locals","name":"Locals","variablesReference":1,"expensive":false}]},"seq":724}
<--   C (variables-228): {"command":"variables","arguments":{"variablesReference":1},"type":"request","seq":228}
--> R (variables-228): {"type":"response","request_seq":228,"success":true,"command":"variables","body":{"variables":[{"name":"Active scene","value":"{UnityEngine.SceneManagement.Scene}","type":"UnityEngine.SceneManagement.Scene","variablesReference":2},{"name":"this","value":"\"Player Controller (PlayerController)\"","type":"PlayerController","variablesReference":3},{"name":"this.gameObject","value":"\"Player Controller (UnityEngine.GameObject)\"","type":"UnityEngine.GameObject","variablesReference":4},{"name":"currentFoodPos","value":"\"(0.00, 0.00, -0.50)\"","type":"UnityEngine.Vector3","variablesReference":5},{"name":"prevFoodPos","value":"\"(0.00, 0.00, 0.00)\"","type":"UnityEngine.Vector3","variablesReference":6},{"name":"distance","value":"0.5","type":"float","variablesReference":0},{"name":"isSpawnPointA","value":"false","type":"bool","variablesReference":0},{"name":"boxPosition","value":"\"(0.00, 0.00, 0.00)\"","type":"UnityEngine.Vector3","variablesReference":7},{"name":"xDiff","value":"0","type":"float","variablesReference":0},{"name":"zDiff","value":"0","type":"float","variablesReference":0},{"name":"newScale","value":"\"(0.00, 0.00, 0.00)\"","type":"UnityEngine.Vector3","variablesReference":8},{"name":"foodType","value":"Meat","type":"FoodType","variablesReference":0}]},"seq":725}
<--   C (evaluate-229): {"command":"evaluate","arguments":{"expression":"currentFood.transform","frameId":1,"context":"hover","line":145,"column":34,"source":{"name":"PlayerController.cs","path":"c:\\Users\\Cex\\Documents\\Github\\MeatSlice\\Assets\\Scripts\\Gameplay\\PlayerController.cs","sources":[],"checksums":[]}},"type":"request","seq":229}
--> R (evaluate-229): {"type":"response","request_seq":229,"success":true,"command":"evaluate","body":{"result":"\"Tofu(Clone) (UnityEngine.Transform)\"","type":"UnityEngine.Transform","variablesReference":9},"seq":726}
<--   C (evaluate-230): {"command":"evaluate","arguments":{"expression":"currentFoodPos","frameId":1,"context":"hover","line":147,"column":42,"source":{"name":"PlayerController.cs","path":"c:\\Users\\Cex\\Documents\\Github\\MeatSlice\\Assets\\Scripts\\Gameplay\\PlayerController.cs","sources":[],"checksums":[]}},"type":"request","seq":230}
--> R (evaluate-230): {"type":"response","request_seq":230,"success":true,"command":"evaluate","body":{"result":"\"(0.00, 0.00, -0.50)\"","type":"UnityEngine.Vector3","variablesReference":10},"seq":727}
<--   C (evaluate-231): {"command":"evaluate","arguments":{"expression":"previousFood","frameId":1,"context":"hover","line":149,"column":31,"source":{"name":"PlayerController.cs","path":"c:\\Users\\Cex\\Documents\\Github\\MeatSlice\\Assets\\Scripts\\Gameplay\\PlayerController.cs","sources":[],"checksums":[]}},"type":"request","seq":231}
--> R (evaluate-231): {"type":"response","request_seq":231,"success":true,"command":"evaluate","body":{"result":"\"Burger Bun Bottom (UnityEngine.Transform)\"","type":"UnityEngine.Transform","variablesReference":11},"seq":728}
<--   C (evaluate-232): {"command":"evaluate","arguments":{"expression":"movement.startMovementPoint","frameId":1,"context":"hover","line":155,"column":30,"source":{"name":"PlayerController.cs","path":"c:\\Users\\Cex\\Documents\\Github\\MeatSlice\\Assets\\Scripts\\Gameplay\\PlayerController.cs","sources":[],"checksums":[]}},"type":"request","seq":232}
--> R (evaluate-232): {"type":"response","request_seq":232,"success":true,"command":"evaluate","body":{"result":"\"Spawn Point A (UnityEngine.Transform)\"","type":"UnityEngine.Transform","variablesReference":12},"seq":729}
<--   C (evaluate-233): {"command":"evaluate","arguments":{"expression":"movement.startMovementPoint","frameId":1,"context":"hover","line":155,"column":30,"source":{"name":"PlayerController.cs","path":"c:\\Users\\Cex\\Documents\\Github\\MeatSlice\\Assets\\Scripts\\Gameplay\\PlayerController.cs","sources":[],"checksums":[]}},"type":"request","seq":233}
--> R (evaluate-233): {"type":"response","request_seq":233,"success":true,"command":"evaluate","body":{"result":"\"Spawn Point A (UnityEngine.Transform)\"","type":"UnityEngine.Transform","variablesReference":13},"seq":730}
<--   C (evaluate-234): {"command":"evaluate","arguments":{"expression":"movement.startMovementPoint","frameId":1,"context":"hover","line":155,"column":30,"source":{"name":"PlayerController.cs","path":"c:\\Users\\Cex\\Documents\\Github\\MeatSlice\\Assets\\Scripts\\Gameplay\\PlayerController.cs","sources":[],"checksums":[]}},"type":"request","seq":234}
--> R (evaluate-234): {"type":"response","request_seq":234,"success":true,"command":"evaluate","body":{"result":"\"Spawn Point A (UnityEngine.Transform)\"","type":"UnityEngine.Transform","variablesReference":14},"seq":731}
<--   C (evaluate-235): {"command":"evaluate","arguments":{"expression":"movement.startMovementPoint","frameId":1,"context":"hover","line":155,"column":30,"source":{"name":"PlayerController.cs","path":"c:\\Users\\Cex\\Documents\\Github\\MeatSlice\\Assets\\Scripts\\Gameplay\\PlayerController.cs","sources":[],"checksums":[]}},"type":"request","seq":235}
--> R (evaluate-235): {"type":"response","request_seq":235,"success":true,"command":"evaluate","body":{"result":"\"Spawn Point A (UnityEngine.Transform)\"","type":"UnityEngine.Transform","variablesReference":15},"seq":732}
<--   C (variables-236): {"command":"variables","arguments":{"variablesReference":15},"type":"request","seq":236}
--> R (variables-236): {"type":"response","request_seq":236,"success":true,"command":"variables","body":{"variables":[{"name":"base","value":"\"Spawn Point A (UnityEngine.Transform)\"","type":"UnityEngine.Component","variablesReference":16},{"name":"childCount","value":"0","type":"int","variablesReference":0},{"name":"eulerAngles","value":"\"(0.00, 0.00, 0.00)\"","type":"UnityEngine.Vector3","variablesReference":17},{"name":"forward","value":"\"(0.00, 0.00, 1.00)\"","type":"UnityEngine.Vector3","variablesReference":18},{"name":"hasChanged","value":"true","type":"bool","variablesReference":0},{"name":"hierarchyCapacity","value":"1008","type":"int","variablesReference":0},{"name":"hierarchyCount","value":"504","type":"int","variablesReference":0},{"name":"localEulerAngles","value":"\"(0.00, 0.00, 0.00)\"","type":"UnityEngine.Vector3","variablesReference":19},{"name":"localPosition","value":"\"(0.00, 0.00, 20.00)\"","type":"UnityEngine.Vector3","variablesReference":20},{"name":"localRotation","value":"\"(0.00000, 0.00000, 0.00000, 1.00000)\"","type":"UnityEngine.Quaternion","variablesReference":21},{"name":"localScale","value":"\"(10.00, 1.00, 10.00)\"","type":"UnityEngine.Vector3","variablesReference":22},{"name":"localToWorldMatrix","value":"\"10.00000\\t0.00000\\t0.00000\\t0.00000\\n0.00000\\t1.00000\\t0.00000\\t0.00000\\n0.00000\\t0.00000\\t10.00000\\t20.00000\\n0.00000\\t0.00000\\t0.00000\\t1.00000\\n\"","type":"UnityEngine.Matrix4x4","variablesReference":23},{"name":"lossyScale","value":"\"(10.00, 1.00, 10.00)\"","type":"UnityEngine.Vector3","variablesReference":24},{"name":"parent","value":"\"Center Point (UnityEngine.Transform)\"","type":"UnityEngine.Transform","variablesReference":25},{"name":"position","value":"\"(0.00, 0.00, 20.00)\"","type":"UnityEngine.Vector3","variablesReference":26},{"name":"right","value":"\"(1.00, 0.00, 0.00)\"","type":"UnityEngine.Vector3","variablesReference":27},{"name":"root","value":"\"Meat Slice Game (UnityEngine.Transform)\"","type":"UnityEngine.Transform","variablesReference":28},{"name":"rotation","value":"\"(0.00000, 0.00000, 0.00000, 1.00000)\"","type":"UnityEngine.Quaternion","variablesReference":29},{"name":"up","value":"\"(0.00, 1.00, 0.00)\"","type":"UnityEngine.Vector3","variablesReference":30},{"name":"worldToLocalMatrix","value":"\"0.10000\\t0.00000\\t0.00000\\t0.00000\\n0.00000\\t1.00000\\t0.00000\\t0.00000\\n0.00000\\t0.00000\\t0.10000\\t-2.00000\\n0.00000\\t0.00000\\t0.00000\\t1.00000\\n\"","type":"UnityEngine.Matrix4x4","variablesReference":31},{"name":"Non-Public members","value":"","type":"","variablesReference":32}]},"seq":733}
<--   C (evaluate-237): {"command":"evaluate","arguments":{"expression":"isSpawnPointA","frameId":1,"context":"hover","line":156,"column":46,"source":{"name":"PlayerController.cs","path":"c:\\Users\\Cex\\Documents\\Github\\MeatSlice\\Assets\\Scripts\\Gameplay\\PlayerController.cs","sources":[],"checksums":[]}},"type":"request","seq":237}
--> R (evaluate-237): {"type":"response","request_seq":237,"success":true,"command":"evaluate","body":{"result":"false","type":"bool","variablesReference":0},"seq":734}
<--   C (evaluate-238): {"command":"evaluate","arguments":{"expression":"parent","frameId":1,"context":"hover","line":159,"column":41,"source":{"name":"PlayerController.cs","path":"c:\\Users\\Cex\\Documents\\Github\\MeatSlice\\Assets\\Scripts\\Gameplay\\PlayerController.cs","sources":[],"checksums":[]}},"type":"request","seq":238}
--> R (evaluate-238): {"type":"response","request_seq":238,"success":true,"command":"evaluate","body":{"result":"The identifier `parent` is not in the scope","type":"","variablesReference":0},"seq":735}
<--   C (evaluate-239): {"command":"evaluate","arguments":{"expression":"scalePivot","frameId":1,"context":"hover","line":160,"column":41,"source":{"name":"PlayerController.cs","path":"c:\\Users\\Cex\\Documents\\Github\\MeatSlice\\Assets\\Scripts\\Gameplay\\PlayerController.cs","sources":[],"checksums":[]}},"type":"request","seq":239}
--> R (evaluate-239): {"type":"response","request_seq":239,"success":true,"command":"evaluate","body":{"result":"\"Scale Pivot (UnityEngine.Transform)\"","type":"UnityEngine.Transform","variablesReference":33},"seq":736}
<--   C (evaluate-240): {"command":"evaluate","arguments":{"expression":"scalePivot","frameId":1,"context":"hover","line":160,"column":41,"source":{"name":"PlayerController.cs","path":"c:\\Users\\Cex\\Documents\\Github\\MeatSlice\\Assets\\Scripts\\Gameplay\\PlayerController.cs","sources":[],"checksums":[]}},"type":"request","seq":240}
--> R (evaluate-240): {"type":"response","request_seq":240,"success":true,"command":"evaluate","body":{"result":"\"Scale Pivot (UnityEngine.Transform)\"","type":"UnityEngine.Transform","variablesReference":34},"seq":737}
<--   C (evaluate-241): {"command":"evaluate","arguments":{"expression":"CalculateNewScale","frameId":1,"context":"hover","line":161,"column":28,"source":{"name":"PlayerController.cs","path":"c:\\Users\\Cex\\Documents\\Github\\MeatSlice\\Assets\\Scripts\\Gameplay\\PlayerController.cs","sources":[],"checksums":[]}},"type":"request","seq":241}
--> R (evaluate-241): {"type":"response","request_seq":241,"success":true,"command":"evaluate","body":{"result":"The identifier `CalculateNewScale` is not in the scope","type":"","variablesReference":0},"seq":738}
<--   C (evaluate-242): {"command":"evaluate","arguments":{"expression":"GetBoxPosition","frameId":1,"context":"hover","line":156,"column":31,"source":{"name":"PlayerController.cs","path":"c:\\Users\\Cex\\Documents\\Github\\MeatSlice\\Assets\\Scripts\\Gameplay\\PlayerController.cs","sources":[],"checksums":[]}},"type":"request","seq":242}
--> R (evaluate-242): {"type":"response","request_seq":242,"success":true,"command":"evaluate","body":{"result":"The identifier `GetBoxPosition` is not in the scope","type":"","variablesReference":0},"seq":739}
<--   C (evaluate-243): {"command":"evaluate","arguments":{"expression":"GetBoxPosition","frameId":1,"context":"hover","line":156,"column":31,"source":{"name":"PlayerController.cs","path":"c:\\Users\\Cex\\Documents\\Github\\MeatSlice\\Assets\\Scripts\\Gameplay\\PlayerController.cs","sources":[],"checksums":[]}},"type":"request","seq":243}
--> R (evaluate-243): {"type":"response","request_seq":243,"success":true,"command":"evaluate","body":{"result":"The identifier `GetBoxPosition` is not in the scope","type":"","variablesReference":0},"seq":740}
<--   C (evaluate-244): {"command":"evaluate","arguments":{"expression":"GetBoxPosition","frameId":1,"context":"hover","line":156,"column":31,"source":{"name":"PlayerController.cs","path":"c:\\Users\\Cex\\Documents\\Github\\MeatSlice\\Assets\\Scripts\\Gameplay\\PlayerController.cs","sources":[],"checksums":[]}},"type":"request","seq":244}
--> R (evaluate-244): {"type":"response","request_seq":244,"success":true,"command":"evaluate","body":{"result":"The identifier `GetBoxPosition` is not in the scope","type":"","variablesReference":0},"seq":741}
<--   C (evaluate-245): {"command":"evaluate","arguments":{"expression":"GetBoxPosition","frameId":1,"context":"hover","line":156,"column":31,"source":{"name":"PlayerController.cs","path":"c:\\Users\\Cex\\Documents\\Github\\MeatSlice\\Assets\\Scripts\\Gameplay\\PlayerController.cs","sources":[],"checksums":[]}},"type":"request","seq":245}
--> R (evaluate-245): {"type":"response","request_seq":245,"success":true,"command":"evaluate","body":{"result":"The identifier `GetBoxPosition` is not in the scope","type":"","variablesReference":0},"seq":742}
<--   C (evaluate-246): {"command":"evaluate","arguments":{"expression":"","frameId":1,"context":"hover","line":157,"column":0,"source":{"name":"PlayerController.cs","path":"c:\\Users\\Cex\\Documents\\Github\\MeatSlice\\Assets\\Scripts\\Gameplay\\PlayerController.cs","sources":[],"checksums":[]}},"type":"request","seq":246}
--> R (evaluate-246): {"type":"response","request_seq":246,"success":true,"command":"evaluate","body":{"result":"Node not supported: `;`","type":"","variablesReference":0},"seq":743}
<--   C (evaluate-247): {"command":"evaluate","arguments":{"expression":"scalePivot.position","frameId":1,"context":"hover","line":157,"column":9,"source":{"name":"PlayerController.cs","path":"c:\\Users\\Cex\\Documents\\Github\\MeatSlice\\Assets\\Scripts\\Gameplay\\PlayerController.cs","sources":[],"checksums":[]}},"type":"request","seq":247}
--> R (evaluate-247): {"type":"response","request_seq":247,"success":true,"command":"evaluate","body":{"result":"\"(0.00, 0.00, 0.00)\"","type":"UnityEngine.Vector3","variablesReference":35},"seq":744}
<--   C (evaluate-248): {"command":"evaluate","arguments":{"expression":"as","frameId":1,"context":"hover","line":159,"column":26,"source":{"name":"PlayerController.cs","path":"c:\\Users\\Cex\\Documents\\Github\\MeatSlice\\Assets\\Scripts\\Gameplay\\PlayerController.cs","sources":[],"checksums":[]}},"type":"request","seq":248}
--> R (evaluate-248): {"type":"response","request_seq":248,"success":false,"command":"evaluate","message":"Unable to parse: `as`","body":{},"seq":745}
<--   C (evaluate-249): {"command":"evaluate","arguments":{"expression":"currentFood.transform","frameId":1,"context":"hover","line":160,"column":9,"source":{"name":"PlayerController.cs","path":"c:\\Users\\Cex\\Documents\\Github\\MeatSlice\\Assets\\Scripts\\Gameplay\\PlayerController.cs","sources":[],"checksums":[]}},"type":"request","seq":249}
--> R (evaluate-249): {"type":"response","request_seq":249,"success":true,"command":"evaluate","body":{"result":"\"Tofu(Clone) (UnityEngine.Transform)\"","type":"UnityEngine.Transform","variablesReference":36},"seq":746}
<--   C (variables-250): {"command":"variables","arguments":{"variablesReference":36},"type":"request","seq":250}
--> R (variables-250): {"type":"response","request_seq":250,"success":true,"command":"variables","body":{"variables":[{"name":"base","value":"\"Tofu(Clone) (UnityEngine.Transform)\"","type":"UnityEngine.Component","variablesReference":37},{"name":"childCount","value":"2","type":"int","variablesReference":0},{"name":"eulerAngles","value":"\"(0.00, 0.00, 0.00)\"","type":"UnityEngine.Vector3","variablesReference":38},{"name":"forward","value":"\"(0.00, 0.00, 1.00)\"","type":"UnityEngine.Vector3","variablesReference":39},{"name":"hasChanged","value":"true","type":"bool","variablesReference":0},{"name":"hierarchyCapacity","value":"1008","type":"int","variablesReference":0},{"name":"hierarchyCount","value":"504","type":"int","variablesReference":0},{"name":"localEulerAngles","value":"\"(0.00, 0.00, 0.00)\"","type":"UnityEngine.Vector3","variablesReference":40},{"name":"localPosition","value":"\"(0.00, 0.00, 0.12)\"","type":"UnityEngine.Vector3","variablesReference":41},{"name":"localRotation","value":"\"(0.00000, 0.00000, 0.00000, 1.00000)\"","type":"UnityEngine.Quaternion","variablesReference":42},{"name":"localScale","value":"\"(10.00, 2.00, 10.00)\"","type":"UnityEngine.Vector3","variablesReference":43},{"name":"localToWorldMatrix","value":"\"10.00000\\t0.00000\\t0.00000\\t0.00000\\n0.00000\\t2.00000\\t0.00000\\t0.00000\\n0.00000\\t0.00000\\t10.00000\\t-0.50000\\n0.00000\\t0.00000\\t0.00000\\t1.00000\\n\"","type":"UnityEngine.Matrix4x4","variablesReference":44},{"name":"lossyScale","value":"\"(10.00, 2.00, 10.00)\"","type":"UnityEngine.Vector3","variablesReference":45},{"name":"parent","value":"\"Player Controller (UnityEngine.Transform)\"","type":"UnityEngine.Transform","variablesReference":46},{"name":"position","value":"\"(0.00, 0.00, -0.50)\"","type":"UnityEngine.Vector3","variablesReference":47},{"name":"right","value":"\"(1.00, 0.00, 0.00)\"","type":"UnityEngine.Vector3","variablesReference":48},{"name":"root","value":"\"Meat Slice Game (UnityEngine.Transform)\"","type":"UnityEngine.Transform","variablesReference":49},{"name":"rotation","value":"\"(0.00000, 0.00000, 0.00000, 1.00000)\"","type":"UnityEngine.Quaternion","variablesReference":50},{"name":"up","value":"\"(0.00, 1.00, 0.00)\"","type":"UnityEngine.Vector3","variablesReference":51},{"name":"worldToLocalMatrix","value":"\"0.10000\\t0.00000\\t0.00000\\t0.00000\\n0.00000\\t0.50000\\t0.00000\\t0.00000\\n0.00000\\t0.00000\\t0.10000\\t0.05000\\n0.00000\\t0.00000\\t0.00000\\t1.00000\\n\"","type":"UnityEngine.Matrix4x4","variablesReference":52},{"name":"Non-Public members","value":"","type":"","variablesReference":53}]},"seq":747}
<--   C (evaluate-251): {"command":"evaluate","arguments":{"expression":"currentFood.transform.SetParent","frameId":1,"context":"hover","line":160,"column":9,"source":{"name":"PlayerController.cs","path":"c:\\Users\\Cex\\Documents\\Github\\MeatSlice\\Assets\\Scripts\\Gameplay\\PlayerController.cs","sources":[],"checksums":[]}},"type":"request","seq":251}
--> R (evaluate-251): {"type":"response","request_seq":251,"success":true,"command":"evaluate","body":{"result":"Could not find a member `SetParent` for `currentFood.transform`","type":"","variablesReference":0},"seq":748}
<--   C (evaluate-252): {"command":"evaluate","arguments":{"expression":"scalePivot","frameId":1,"context":"hover","line":160,"column":41,"source":{"name":"PlayerController.cs","path":"c:\\Users\\Cex\\Documents\\Github\\MeatSlice\\Assets\\Scripts\\Gameplay\\PlayerController.cs","sources":[],"checksums":[]}},"type":"request","seq":252}
--> R (evaluate-252): {"type":"response","request_seq":252,"success":true,"command":"evaluate","body":{"result":"\"Scale Pivot (UnityEngine.Transform)\"","type":"UnityEngine.Transform","variablesReference":54},"seq":749}
<--   C (variables-253): {"command":"variables","arguments":{"variablesReference":54},"type":"request","seq":253}
--> R (variables-253): {"type":"response","request_seq":253,"success":true,"command":"variables","body":{"variables":[{"name":"base","value":"\"Scale Pivot (UnityEngine.Transform)\"","type":"UnityEngine.Component","variablesReference":55},{"name":"childCount","value":"0","type":"int","variablesReference":0},{"name":"eulerAngles","value":"\"(0.00, 0.00, 0.00)\"","type":"UnityEngine.Vector3","variablesReference":56},{"name":"forward","value":"\"(0.00, 0.00, 1.00)\"","type":"UnityEngine.Vector3","variablesReference":57},{"name":"hasChanged","value":"true","type":"bool","variablesReference":0},{"name":"hierarchyCapacity","value":"1008","type":"int","variablesReference":0},{"name":"hierarchyCount","value":"504","type":"int","variablesReference":0},{"name":"localEulerAngles","value":"\"(0.00, 0.00, 0.00)\"","type":"UnityEngine.Vector3","variablesReference":58},{"name":"localPosition","value":"\"(0.00, 1.00, 0.00)\"","type":"UnityEngine.Vector3","variablesReference":59},{"name":"localRotation","value":"\"(0.00000, 0.00000, 0.00000, 1.00000)\"","type":"UnityEngine.Quaternion","variablesReference":60},{"name":"localScale","value":"\"(1.00, 1.00, 1.00)\"","type":"UnityEngine.Vector3","variablesReference":61},{"name":"localToWorldMatrix","value":"\"1.00000\\t0.00000\\t0.00000\\t0.00000\\n0.00000\\t1.00000\\t0.00000\\t0.00000\\n0.00000\\t0.00000\\t1.00000\\t0.00000\\n0.00000\\t0.00000\\t0.00000\\t1.00000\\n\"","type":"UnityEngine.Matrix4x4","variablesReference":62},{"name":"lossyScale","value":"\"(1.00, 1.00, 1.00)\"","type":"UnityEngine.Vector3","variablesReference":63},{"name":"parent","value":"\"Starting Platform (UnityEngine.Transform)\"","type":"UnityEngine.Transform","variablesReference":64},{"name":"position","value":"\"(0.00, 0.00, 0.00)\"","type":"UnityEngine.Vector3","variablesReference":65},{"name":"right","value":"\"(1.00, 0.00, 0.00)\"","type":"UnityEngine.Vector3","variablesReference":66},{"name":"root","value":"\"Meat Slice Game (UnityEngine.Transform)\"","type":"UnityEngine.Transform","variablesReference":67},{"name":"rotation","value":"\"(0.00000, 0.00000, 0.00000, 1.00000)\"","type":"UnityEngine.Quaternion","variablesReference":68},{"name":"up","value":"\"(0.00, 1.00, 0.00)\"","type":"UnityEngine.Vector3","variablesReference":69},{"name":"worldToLocalMatrix","value":"\"1.00000\\t0.00000\\t0.00000\\t0.00000\\n0.00000\\t1.00000\\t0.00000\\t0.00000\\n0.00000\\t0.00000\\t1.00000\\t0.00000\\n0.00000\\t0.00000\\t0.00000\\t1.00000\\n\"","type":"UnityEngine.Matrix4x4","variablesReference":70},{"name":"Non-Public members","value":"","type":"","variablesReference":71}]},"seq":750}
<--   C (evaluate-254): {"command":"evaluate","arguments":{"expression":"","frameId":1,"context":"hover","line":165,"column":0,"source":{"name":"PlayerController.cs","path":"c:\\Users\\Cex\\Documents\\Github\\MeatSlice\\Assets\\Scripts\\Gameplay\\PlayerController.cs","sources":[],"checksums":[]}},"type":"request","seq":254}
--> R (evaluate-254): {"type":"response","request_seq":254,"success":true,"command":"evaluate","body":{"result":"Node not supported: `;`","type":"","variablesReference":0},"seq":751}
<--   C (evaluate-255): {"command":"evaluate","arguments":{"expression":"","frameId":1,"context":"hover","line":165,"column":0,"source":{"name":"PlayerController.cs","path":"c:\\Users\\Cex\\Documents\\Github\\MeatSlice\\Assets\\Scripts\\Gameplay\\PlayerController.cs","sources":[],"checksums":[]}},"type":"request","seq":255}
--> R (evaluate-255): {"type":"response","request_seq":255,"success":true,"command":"evaluate","body":{"result":"Node not supported: `;`","type":"","variablesReference":0},"seq":752}
<--   C (evaluate-256): {"command":"evaluate","arguments":{"expression":"GameOver","frameId":1,"context":"hover","line":167,"column":13,"source":{"name":"PlayerController.cs","path":"c:\\Users\\Cex\\Documents\\Github\\MeatSlice\\Assets\\Scripts\\Gameplay\\PlayerController.cs","sources":[],"checksums":[]}},"type":"request","seq":256}
--> R (evaluate-256): {"type":"response","request_seq":256,"success":true,"command":"evaluate","body":{"result":"The identifier `GameOver` is not in the scope","type":"","variablesReference":0},"seq":753}
<--   C (evaluate-257): {"command":"evaluate","arguments":{"expression":"","frameId":1,"context":"hover","line":167,"column":0,"source":{"name":"PlayerController.cs","path":"c:\\Users\\Cex\\Documents\\Github\\MeatSlice\\Assets\\Scripts\\Gameplay\\PlayerController.cs","sources":[],"checksums":[]}},"type":"request","seq":257}
--> R (evaluate-257): {"type":"response","request_seq":257,"success":true,"command":"evaluate","body":{"result":"Node not supported: `;`","type":"","variablesReference":0},"seq":754}
<--   C (evaluate-258): {"command":"evaluate","arguments":{"expression":"","frameId":1,"context":"hover","line":165,"column":0,"source":{"name":"PlayerController.cs","path":"c:\\Users\\Cex\\Documents\\Github\\MeatSlice\\Assets\\Scripts\\Gameplay\\PlayerController.cs","sources":[],"checksums":[]}},"type":"request","seq":258}
--> R (evaluate-258): {"type":"response","request_seq":258,"success":true,"command":"evaluate","body":{"result":"Node not supported: `;`","type":"","variablesReference":0},"seq":755}
<--   C (evaluate-259): {"command":"evaluate","arguments":{"expression":"scalePivot","frameId":1,"context":"hover","line":163,"column":25,"source":{"name":"PlayerController.cs","path":"c:\\Users\\Cex\\Documents\\Github\\MeatSlice\\Assets\\Scripts\\Gameplay\\PlayerController.cs","sources":[],"checksums":[]}},"type":"request","seq":259}
--> R (evaluate-259): {"type":"response","request_seq":259,"success":true,"command":"evaluate","body":{"result":"\"Scale Pivot (UnityEngine.Transform)\"","type":"UnityEngine.Transform","variablesReference":72},"seq":756}
<--   C (variables-260): {"command":"variables","arguments":{"variablesReference":72},"type":"request","seq":260}
--> R (variables-260): {"type":"response","request_seq":260,"success":true,"command":"variables","body":{"variables":[{"name":"base","value":"\"Scale Pivot (UnityEngine.Transform)\"","type":"UnityEngine.Component","variablesReference":73},{"name":"childCount","value":"0","type":"int","variablesReference":0},{"name":"eulerAngles","value":"\"(0.00, 0.00, 0.00)\"","type":"UnityEngine.Vector3","variablesReference":74},{"name":"forward","value":"\"(0.00, 0.00, 1.00)\"","type":"UnityEngine.Vector3","variablesReference":75},{"name":"hasChanged","value":"true","type":"bool","variablesReference":0},{"name":"hierarchyCapacity","value":"1008","type":"int","variablesReference":0},{"name":"hierarchyCount","value":"504","type":"int","variablesReference":0},{"name":"localEulerAngles","value":"\"(0.00, 0.00, 0.00)\"","type":"UnityEngine.Vector3","variablesReference":76},{"name":"localPosition","value":"\"(0.00, 1.00, 0.00)\"","type":"UnityEngine.Vector3","variablesReference":77},{"name":"localRotation","value":"\"(0.00000, 0.00000, 0.00000, 1.00000)\"","type":"UnityEngine.Quaternion","variablesReference":78},{"name":"localScale","value":"\"(1.00, 1.00, 1.00)\"","type":"UnityEngine.Vector3","variablesReference":79},{"name":"localToWorldMatrix","value":"\"1.00000\\t0.00000\\t0.00000\\t0.00000\\n0.00000\\t1.00000\\t0.00000\\t0.00000\\n0.00000\\t0.00000\\t1.00000\\t0.00000\\n0.00000\\t0.00000\\t0.00000\\t1.00000\\n\"","type":"UnityEngine.Matrix4x4","variablesReference":80},{"name":"lossyScale","value":"\"(1.00, 1.00, 1.00)\"","type":"UnityEngine.Vector3","variablesReference":81},{"name":"parent","value":"\"Starting Platform (UnityEngine.Transform)\"","type":"UnityEngine.Transform","variablesReference":82},{"name":"position","value":"\"(0.00, 0.00, 0.00)\"","type":"UnityEngine.Vector3","variablesReference":83},{"name":"right","value":"\"(1.00, 0.00, 0.00)\"","type":"UnityEngine.Vector3","variablesReference":84},{"name":"root","value":"\"Meat Slice Game (UnityEngine.Transform)\"","type":"UnityEngine.Transform","variablesReference":85},{"name":"rotation","value":"\"(0.00000, 0.00000, 0.00000, 1.00000)\"","type":"UnityEngine.Quaternion","variablesReference":86},{"name":"up","value":"\"(0.00, 1.00, 0.00)\"","type":"UnityEngine.Vector3","variablesReference":87},{"name":"worldToLocalMatrix","value":"\"1.00000\\t0.00000\\t0.00000\\t0.00000\\n0.00000\\t1.00000\\t0.00000\\t0.00000\\n0.00000\\t0.00000\\t1.00000\\t0.00000\\n0.00000\\t0.00000\\t0.00000\\t1.00000\\n\"","type":"UnityEngine.Matrix4x4","variablesReference":88},{"name":"Non-Public members","value":"","type":"","variablesReference":89}]},"seq":757}
<--   C (evaluate-261): {"command":"evaluate","arguments":{"expression":"scalePivot.localScale","frameId":1,"context":"hover","line":163,"column":25,"source":{"name":"PlayerController.cs","path":"c:\\Users\\Cex\\Documents\\Github\\MeatSlice\\Assets\\Scripts\\Gameplay\\PlayerController.cs","sources":[],"checksums":[]}},"type":"request","seq":261}
--> R (evaluate-261): {"type":"response","request_seq":261,"success":true,"command":"evaluate","body":{"result":"\"(1.00, 1.00, 1.00)\"","type":"UnityEngine.Vector3","variablesReference":90},"seq":758}
<--   C (variables-262): {"command":"variables","arguments":{"variablesReference":90},"type":"request","seq":262}
--> R (variables-262): {"type":"response","request_seq":262,"success":true,"command":"variables","body":{"variables":[{"name":"magnitude","value":"1.7320508","type":"float","variablesReference":0},{"name":"normalized","value":"\"(0.58, 0.58, 0.58)\"","type":"UnityEngine.Vector3","variablesReference":91},{"name":"sqrMagnitude","value":"3","type":"float","variablesReference":0},{"name":"x","value":"1","type":"float","variablesReference":0},{"name":"y","value":"1","type":"float","variablesReference":0},{"name":"z","value":"1","type":"float","variablesReference":0},{"name":"Static members","value":"","type":"","variablesReference":92}]},"seq":759}
<--   C (evaluate-263): {"command":"evaluate","arguments":{"expression":"scalePivot.localScale","frameId":1,"context":"hover","line":161,"column":46,"source":{"name":"PlayerController.cs","path":"c:\\Users\\Cex\\Documents\\Github\\MeatSlice\\Assets\\Scripts\\Gameplay\\PlayerController.cs","sources":[],"checksums":[]}},"type":"request","seq":263}
--> R (evaluate-263): {"type":"response","request_seq":263,"success":true,"command":"evaluate","body":{"result":"\"(1.00, 1.00, 1.00)\"","type":"UnityEngine.Vector3","variablesReference":93},"seq":760}
<--   C (evaluate-264): {"command":"evaluate","arguments":{"expression":"isSpawnPointA","frameId":1,"context":"hover","line":156,"column":46,"source":{"name":"PlayerController.cs","path":"c:\\Users\\Cex\\Documents\\Github\\MeatSlice\\Assets\\Scripts\\Gameplay\\PlayerController.cs","sources":[],"checksums":[]}},"type":"request","seq":264}
--> R (evaluate-264): {"type":"response","request_seq":264,"success":true,"command":"evaluate","body":{"result":"false","type":"bool","variablesReference":0},"seq":761}
<--   C (evaluate-265): {"command":"evaluate","arguments":{"expression":"movement.startMovementPoint","frameId":1,"context":"hover","line":155,"column":30,"source":{"name":"PlayerController.cs","path":"c:\\Users\\Cex\\Documents\\Github\\MeatSlice\\Assets\\Scripts\\Gameplay\\PlayerController.cs","sources":[],"checksums":[]}},"type":"request","seq":265}
--> R (evaluate-265): {"type":"response","request_seq":265,"success":true,"command":"evaluate","body":{"result":"\"Spawn Point A (UnityEngine.Transform)\"","type":"UnityEngine.Transform","variablesReference":94},"seq":762}
<--   C (variables-266): {"command":"variables","arguments":{"variablesReference":94},"type":"request","seq":266}
--> R (variables-266): {"type":"response","request_seq":266,"success":true,"command":"variables","body":{"variables":[{"name":"base","value":"\"Spawn Point A (UnityEngine.Transform)\"","type":"UnityEngine.Component","variablesReference":95},{"name":"childCount","value":"0","type":"int","variablesReference":0},{"name":"eulerAngles","value":"\"(0.00, 0.00, 0.00)\"","type":"UnityEngine.Vector3","variablesReference":96},{"name":"forward","value":"\"(0.00, 0.00, 1.00)\"","type":"UnityEngine.Vector3","variablesReference":97},{"name":"hasChanged","value":"true","type":"bool","variablesReference":0},{"name":"hierarchyCapacity","value":"1008","type":"int","variablesReference":0},{"name":"hierarchyCount","value":"504","type":"int","variablesReference":0},{"name":"localEulerAngles","value":"\"(0.00, 0.00, 0.00)\"","type":"UnityEngine.Vector3","variablesReference":98},{"name":"localPosition","value":"\"(0.00, 0.00, 20.00)\"","type":"UnityEngine.Vector3","variablesReference":99},{"name":"localRotation","value":"\"(0.00000, 0.00000, 0.00000, 1.00000)\"","type":"UnityEngine.Quaternion","variablesReference":100},{"name":"localScale","value":"\"(10.00, 1.00, 10.00)\"","type":"UnityEngine.Vector3","variablesReference":101},{"name":"localToWorldMatrix","value":"\"10.00000\\t0.00000\\t0.00000\\t0.00000\\n0.00000\\t1.00000\\t0.00000\\t0.00000\\n0.00000\\t0.00000\\t10.00000\\t20.00000\\n0.00000\\t0.00000\\t0.00000\\t1.00000\\n\"","type":"UnityEngine.Matrix4x4","variablesReference":102},{"name":"lossyScale","value":"\"(10.00, 1.00, 10.00)\"","type":"UnityEngine.Vector3","variablesReference":103},{"name":"parent","value":"\"Center Point (UnityEngine.Transform)\"","type":"UnityEngine.Transform","variablesReference":104},{"name":"position","value":"\"(0.00, 0.00, 20.00)\"","type":"UnityEngine.Vector3","variablesReference":105},{"name":"right","value":"\"(1.00, 0.00, 0.00)\"","type":"UnityEngine.Vector3","variablesReference":106},{"name":"root","value":"\"Meat Slice Game (UnityEngine.Transform)\"","type":"UnityEngine.Transform","variablesReference":107},{"name":"rotation","value":"\"(0.00000, 0.00000, 0.00000, 1.00000)\"","type":"UnityEngine.Quaternion","variablesReference":108},{"name":"up","value":"\"(0.00, 1.00, 0.00)\"","type":"UnityEngine.Vector3","variablesReference":109},{"name":"worldToLocalMatrix","value":"\"0.10000\\t0.00000\\t0.00000\\t0.00000\\n0.00000\\t1.00000\\t0.00000\\t0.00000\\n0.00000\\t0.00000\\t0.10000\\t-2.00000\\n0.00000\\t0.00000\\t0.00000\\t1.00000\\n\"","type":"UnityEngine.Matrix4x4","variablesReference":110},{"name":"Non-Public members","value":"","type":"","variablesReference":111}]},"seq":763}
<--   C (evaluate-267): {"command":"evaluate","arguments":{"expression":"movement","frameId":1,"context":"hover","line":155,"column":30,"source":{"name":"PlayerController.cs","path":"c:\\Users\\Cex\\Documents\\Github\\MeatSlice\\Assets\\Scripts\\Gameplay\\PlayerController.cs","sources":[],"checksums":[]}},"type":"request","seq":267}
--> R (evaluate-267): {"type":"response","request_seq":267,"success":true,"command":"evaluate","body":{"result":"\"Player Controller (Movement)\"","type":"Movement","variablesReference":112},"seq":764}
<--   C (evaluate-268): {"command":"evaluate","arguments":{"expression":"movement","frameId":1,"context":"hover","line":155,"column":30,"source":{"name":"PlayerController.cs","path":"c:\\Users\\Cex\\Documents\\Github\\MeatSlice\\Assets\\Scripts\\Gameplay\\PlayerController.cs","sources":[],"checksums":[]}},"type":"request","seq":268}
--> R (evaluate-268): {"type":"response","request_seq":268,"success":true,"command":"evaluate","body":{"result":"\"Player Controller (Movement)\"","type":"Movement","variablesReference":113},"seq":765}
<--   C (variables-269): {"command":"variables","arguments":{"variablesReference":113},"type":"request","seq":269}
--> R (variables-269): {"type":"response","request_seq":269,"success":true,"command":"variables","body":{"variables":[{"name":"base","value":"\"Player Controller (Movement)\"","type":"UnityEngine.MonoBehaviour","variablesReference":114},{"name":"centerPoint","value":"\"Center Point (UnityEngine.Transform)\"","type":"UnityEngine.Transform","variablesReference":115},{"name":"centerPointCenter","value":"\"(0.00, 1.00, 0.00)\"","type":"UnityEngine.Vector3","variablesReference":116},{"name":"moveCoroutine","value":"null","type":"UnityEngine.Coroutine","variablesReference":0},{"name":"spawnPointA","value":"\"Spawn Point A (UnityEngine.Transform)\"","type":"UnityEngine.Transform","variablesReference":117},{"name":"spawnPointB","value":"\"Spawn Point B (UnityEngine.Transform)\"","type":"UnityEngine.Transform","variablesReference":118},{"name":"speed","value":"1","type":"float","variablesReference":0},{"name":"startMovementPoint","value":"\"Spawn Point A (UnityEngine.Transform)\"","type":"UnityEngine.Transform","variablesReference":119},{"name":"Static members","value":"","type":"","variablesReference":120}]},"seq":766}
<--   C (evaluate-270): {"command":"evaluate","arguments":{"expression":"RoundToPoint","frameId":1,"context":"hover","line":150,"column":86,"source":{"name":"PlayerController.cs","path":"c:\\Users\\Cex\\Documents\\Github\\MeatSlice\\Assets\\Scripts\\Gameplay\\PlayerController.cs","sources":[],"checksums":[]}},"type":"request","seq":270}
--> R (evaluate-270): {"type":"response","request_seq":270,"success":true,"command":"evaluate","body":{"result":"The identifier `RoundToPoint` is not in the scope","type":"","variablesReference":0},"seq":767}
<--   C (evaluate-271): {"command":"evaluate","arguments":{"expression":"currentFoodPos","frameId":1,"context":"hover","line":146,"column":105,"source":{"name":"PlayerController.cs","path":"c:\\Users\\Cex\\Documents\\Github\\MeatSlice\\Assets\\Scripts\\Gameplay\\PlayerController.cs","sources":[],"checksums":[]}},"type":"request","seq":271}
--> R (evaluate-271): {"type":"response","request_seq":271,"success":true,"command":"evaluate","body":{"result":"\"(0.00, 0.00, -0.50)\"","type":"UnityEngine.Vector3","variablesReference":121},"seq":768}
<--   C (evaluate-272): {"command":"evaluate","arguments":{"expression":"currentFoodPos","frameId":1,"context":"hover","line":146,"column":105,"source":{"name":"PlayerController.cs","path":"c:\\Users\\Cex\\Documents\\Github\\MeatSlice\\Assets\\Scripts\\Gameplay\\PlayerController.cs","sources":[],"checksums":[]}},"type":"request","seq":272}
--> R (evaluate-272): {"type":"response","request_seq":272,"success":true,"command":"evaluate","body":{"result":"\"(0.00, 0.00, -0.50)\"","type":"UnityEngine.Vector3","variablesReference":122},"seq":769}
<--   C (evaluate-273): {"command":"evaluate","arguments":{"expression":"currentFoodPos","frameId":1,"context":"hover","line":146,"column":105,"source":{"name":"PlayerController.cs","path":"c:\\Users\\Cex\\Documents\\Github\\MeatSlice\\Assets\\Scripts\\Gameplay\\PlayerController.cs","sources":[],"checksums":[]}},"type":"request","seq":273}
--> R (evaluate-273): {"type":"response","request_seq":273,"success":true,"command":"evaluate","body":{"result":"\"(0.00, 0.00, -0.50)\"","type":"UnityEngine.Vector3","variablesReference":123},"seq":770}
<--   C (variables-274): {"command":"variables","arguments":{"variablesReference":123},"type":"request","seq":274}
--> R (variables-274): {"type":"response","request_seq":274,"success":true,"command":"variables","body":{"variables":[{"name":"magnitude","value":"0.5","type":"float","variablesReference":0},{"name":"normalized","value":"\"(0.00, 0.00, -1.00)\"","type":"UnityEngine.Vector3","variablesReference":124},{"name":"sqrMagnitude","value":"0.25","type":"float","variablesReference":0},{"name":"x","value":"0","type":"float","variablesReference":0},{"name":"y","value":"0","type":"float","variablesReference":0},{"name":"z","value":"-0.5","type":"float","variablesReference":0},{"name":"Static members","value":"","type":"","variablesReference":125}]},"seq":771}
<--   C (evaluate-275): {"command":"evaluate","arguments":{"expression":"currentFoodPos","frameId":1,"context":"hover","line":146,"column":105,"source":{"name":"PlayerController.cs","path":"c:\\Users\\Cex\\Documents\\Github\\MeatSlice\\Assets\\Scripts\\Gameplay\\PlayerController.cs","sources":[],"checksums":[]}},"type":"request","seq":275}
--> R (evaluate-275): {"type":"response","request_seq":275,"success":true,"command":"evaluate","body":{"result":"\"(0.00, 0.00, -0.50)\"","type":"UnityEngine.Vector3","variablesReference":126},"seq":772}
<--   C (evaluate-276): {"command":"evaluate","arguments":{"expression":"RoundToPoint","frameId":1,"context":"hover","line":146,"column":92,"source":{"name":"PlayerController.cs","path":"c:\\Users\\Cex\\Documents\\Github\\MeatSlice\\Assets\\Scripts\\Gameplay\\PlayerController.cs","sources":[],"checksums":[]}},"type":"request","seq":276}
--> R (evaluate-276): {"type":"response","request_seq":276,"success":true,"command":"evaluate","body":{"result":"The identifier `RoundToPoint` is not in the scope","type":"","variablesReference":0},"seq":773}
<--   C (evaluate-277): {"command":"evaluate","arguments":{"expression":"","frameId":1,"context":"hover","line":150,"column":0,"source":{"name":"PlayerController.cs","path":"c:\\Users\\Cex\\Documents\\Github\\MeatSlice\\Assets\\Scripts\\Gameplay\\PlayerController.cs","sources":[],"checksums":[]}},"type":"request","seq":277}
--> R (evaluate-277): {"type":"response","request_seq":277,"success":true,"command":"evaluate","body":{"result":"Node not supported: `;`","type":"","variablesReference":0},"seq":774}
<--   C (evaluate-278): {"command":"evaluate","arguments":{"expression":"0","frameId":1,"context":"hover","line":150,"column":83,"source":{"name":"PlayerController.cs","path":"c:\\Users\\Cex\\Documents\\Github\\MeatSlice\\Assets\\Scripts\\Gameplay\\PlayerController.cs","sources":[],"checksums":[]}},"type":"request","seq":278}
--> R (evaluate-278): {"type":"response","request_seq":278,"success":true,"command":"evaluate","body":{"result":"0","type":"int","variablesReference":0},"seq":775}
<--   C (evaluate-279): {"command":"evaluate","arguments":{"expression":"","frameId":1,"context":"hover","line":150,"column":0,"source":{"name":"PlayerController.cs","path":"c:\\Users\\Cex\\Documents\\Github\\MeatSlice\\Assets\\Scripts\\Gameplay\\PlayerController.cs","sources":[],"checksums":[]}},"type":"request","seq":279}
--> R (evaluate-279): {"type":"response","request_seq":279,"success":true,"command":"evaluate","body":{"result":"Node not supported: `;`","type":"","variablesReference":0},"seq":776}
<--   C (evaluate-280): {"command":"evaluate","arguments":{"expression":"0","frameId":1,"context":"hover","line":150,"column":83,"source":{"name":"PlayerController.cs","path":"c:\\Users\\Cex\\Documents\\Github\\MeatSlice\\Assets\\Scripts\\Gameplay\\PlayerController.cs","sources":[],"checksums":[]}},"type":"request","seq":280}
--> R (evaluate-280): {"type":"response","request_seq":280,"success":true,"command":"evaluate","body":{"result":"0","type":"int","variablesReference":0},"seq":777}
<--   C (evaluate-281): {"command":"evaluate","arguments":{"expression":"","frameId":1,"context":"hover","line":150,"column":0,"source":{"name":"PlayerController.cs","path":"c:\\Users\\Cex\\Documents\\Github\\MeatSlice\\Assets\\Scripts\\Gameplay\\PlayerController.cs","sources":[],"checksums":[]}},"type":"request","seq":281}
--> R (evaluate-281): {"type":"response","request_seq":281,"success":true,"command":"evaluate","body":{"result":"Node not supported: `;`","type":"","variablesReference":0},"seq":778}
<--   C (evaluate-282): {"command":"evaluate","arguments":{"expression":"RoundToPoint","frameId":1,"context":"hover","line":146,"column":92,"source":{"name":"PlayerController.cs","path":"c:\\Users\\Cex\\Documents\\Github\\MeatSlice\\Assets\\Scripts\\Gameplay\\PlayerController.cs","sources":[],"checksums":[]}},"type":"request","seq":282}
--> R (evaluate-282): {"type":"response","request_seq":282,"success":true,"command":"evaluate","body":{"result":"The identifier `RoundToPoint` is not in the scope","type":"","variablesReference":0},"seq":779}
<--   C (evaluate-283): {"command":"evaluate","arguments":{"expression":"RoundToPoint","frameId":1,"context":"hover","line":146,"column":92,"source":{"name":"PlayerController.cs","path":"c:\\Users\\Cex\\Documents\\Github\\MeatSlice\\Assets\\Scripts\\Gameplay\\PlayerController.cs","sources":[],"checksums":[]}},"type":"request","seq":283}
--> R (evaluate-283): {"type":"response","request_seq":283,"success":true,"command":"evaluate","body":{"result":"The identifier `RoundToPoint` is not in the scope","type":"","variablesReference":0},"seq":780}
<--   C (evaluate-284): {"command":"evaluate","arguments":{"expression":"difficultyVarient","frameId":1,"context":"hover","line":150,"column":63,"source":{"name":"PlayerController.cs","path":"c:\\Users\\Cex\\Documents\\Github\\MeatSlice\\Assets\\Scripts\\Gameplay\\PlayerController.cs","sources":[],"checksums":[]}},"type":"request","seq":284}
--> R (evaluate-284): {"type":"response","request_seq":284,"success":true,"command":"evaluate","body":{"result":"2","type":"int","variablesReference":0},"seq":781}
<--   C (evaluate-285): {"command":"evaluate","arguments":{"expression":"movement","frameId":1,"context":"hover","line":155,"column":61,"source":{"name":"PlayerController.cs","path":"c:\\Users\\Cex\\Documents\\Github\\MeatSlice\\Assets\\Scripts\\Gameplay\\PlayerController.cs","sources":[],"checksums":[]}},"type":"request","seq":285}
--> R (evaluate-285): {"type":"response","request_seq":285,"success":true,"command":"evaluate","body":{"result":"\"Player Controller (Movement)\"","type":"Movement","variablesReference":127},"seq":782}
<--   C (variables-286): {"command":"variables","arguments":{"variablesReference":127},"type":"request","seq":286}
--> R (variables-286): {"type":"response","request_seq":286,"success":true,"command":"variables","body":{"variables":[{"name":"base","value":"\"Player Controller (Movement)\"","type":"UnityEngine.MonoBehaviour","variablesReference":128},{"name":"centerPoint","value":"\"Center Point (UnityEngine.Transform)\"","type":"UnityEngine.Transform","variablesReference":129},{"name":"centerPointCenter","value":"\"(0.00, 1.00, 0.00)\"","type":"UnityEngine.Vector3","variablesReference":130},{"name":"moveCoroutine","value":"null","type":"UnityEngine.Coroutine","variablesReference":0},{"name":"spawnPointA","value":"\"Spawn Point A (UnityEngine.Transform)\"","type":"UnityEngine.Transform","variablesReference":131},{"name":"spawnPointB","value":"\"Spawn Point B (UnityEngine.Transform)\"","type":"UnityEngine.Transform","variablesReference":132},{"name":"speed","value":"1","type":"float","variablesReference":0},{"name":"startMovementPoint","value":"\"Spawn Point A (UnityEngine.Transform)\"","type":"UnityEngine.Transform","variablesReference":133},{"name":"Static members","value":"","type":"","variablesReference":134}]},"seq":783}
<--   C (evaluate-287): {"command":"evaluate","arguments":{"expression":"","frameId":1,"context":"hover","line":155,"column":0,"source":{"name":"PlayerController.cs","path":"c:\\Users\\Cex\\Documents\\Github\\MeatSlice\\Assets\\Scripts\\Gameplay\\PlayerController.cs","sources":[],"checksums":[]}},"type":"request","seq":287}
--> R (evaluate-287): {"type":"response","request_seq":287,"success":true,"command":"evaluate","body":{"result":"Node not supported: `;`","type":"","variablesReference":0},"seq":784}
<--   C (evaluate-288): {"command":"evaluate","arguments":{"expression":"movement.startMovementPoint","frameId":1,"context":"hover","line":155,"column":30,"source":{"name":"PlayerController.cs","path":"c:\\Users\\Cex\\Documents\\Github\\MeatSlice\\Assets\\Scripts\\Gameplay\\PlayerController.cs","sources":[],"checksums":[]}},"type":"request","seq":288}
--> R (evaluate-288): {"type":"response","request_seq":288,"success":true,"command":"evaluate","body":{"result":"\"Spawn Point A (UnityEngine.Transform)\"","type":"UnityEngine.Transform","variablesReference":135},"seq":785}
<--   C (evaluate-289): {"command":"evaluate","arguments":{"expression":"movement.startMovementPoint","frameId":1,"context":"hover","line":155,"column":30,"source":{"name":"PlayerController.cs","path":"c:\\Users\\Cex\\Documents\\Github\\MeatSlice\\Assets\\Scripts\\Gameplay\\PlayerController.cs","sources":[],"checksums":[]}},"type":"request","seq":289}
--> R (evaluate-289): {"type":"response","request_seq":289,"success":true,"command":"evaluate","body":{"result":"\"Spawn Point A (UnityEngine.Transform)\"","type":"UnityEngine.Transform","variablesReference":136},"seq":786}
<--   C (evaluate-290): {"command":"evaluate","arguments":{"expression":"movement.startMovementPoint","frameId":1,"context":"hover","line":155,"column":30,"source":{"name":"PlayerController.cs","path":"c:\\Users\\Cex\\Documents\\Github\\MeatSlice\\Assets\\Scripts\\Gameplay\\PlayerController.cs","sources":[],"checksums":[]}},"type":"request","seq":290}
--> R (evaluate-290): {"type":"response","request_seq":290,"success":true,"command":"evaluate","body":{"result":"\"Spawn Point A (UnityEngine.Transform)\"","type":"UnityEngine.Transform","variablesReference":137},"seq":787}
<--   C (evaluate-291): {"command":"evaluate","arguments":{"expression":"movement.startMovementPoint","frameId":1,"context":"hover","line":155,"column":30,"source":{"name":"PlayerController.cs","path":"c:\\Users\\Cex\\Documents\\Github\\MeatSlice\\Assets\\Scripts\\Gameplay\\PlayerController.cs","sources":[],"checksums":[]}},"type":"request","seq":291}
--> R (evaluate-291): {"type":"response","request_seq":291,"success":true,"command":"evaluate","body":{"result":"\"Spawn Point A (UnityEngine.Transform)\"","type":"UnityEngine.Transform","variablesReference":138},"seq":788}
<--   C (variables-292): {"command":"variables","arguments":{"variablesReference":138},"type":"request","seq":292}
--> R (variables-292): {"type":"response","request_seq":292,"success":true,"command":"variables","body":{"variables":[{"name":"base","value":"\"Spawn Point A (UnityEngine.Transform)\"","type":"UnityEngine.Component","variablesReference":139},{"name":"childCount","value":"0","type":"int","variablesReference":0},{"name":"eulerAngles","value":"\"(0.00, 0.00, 0.00)\"","type":"UnityEngine.Vector3","variablesReference":140},{"name":"forward","value":"\"(0.00, 0.00, 1.00)\"","type":"UnityEngine.Vector3","variablesReference":141},{"name":"hasChanged","value":"true","type":"bool","variablesReference":0},{"name":"hierarchyCapacity","value":"1008","type":"int","variablesReference":0},{"name":"hierarchyCount","value":"504","type":"int","variablesReference":0},{"name":"localEulerAngles","value":"\"(0.00, 0.00, 0.00)\"","type":"UnityEngine.Vector3","variablesReference":142},{"name":"localPosition","value":"\"(0.00, 0.00, 20.00)\"","type":"UnityEngine.Vector3","variablesReference":143},{"name":"localRotation","value":"\"(0.00000, 0.00000, 0.00000, 1.00000)\"","type":"UnityEngine.Quaternion","variablesReference":144},{"name":"localScale","value":"\"(10.00, 1.00, 10.00)\"","type":"UnityEngine.Vector3","variablesReference":145},{"name":"localToWorldMatrix","value":"\"10.00000\\t0.00000\\t0.00000\\t0.00000\\n0.00000\\t1.00000\\t0.00000\\t0.00000\\n0.00000\\t0.00000\\t10.00000\\t20.00000\\n0.00000\\t0.00000\\t0.00000\\t1.00000\\n\"","type":"UnityEngine.Matrix4x4","variablesReference":146},{"name":"lossyScale","value":"\"(10.00, 1.00, 10.00)\"","type":"UnityEngine.Vector3","variablesReference":147},{"name":"parent","value":"\"Center Point (UnityEngine.Transform)\"","type":"UnityEngine.Transform","variablesReference":148},{"name":"position","value":"\"(0.00, 0.00, 20.00)\"","type":"UnityEngine.Vector3","variablesReference":149},{"name":"right","value":"\"(1.00, 0.00, 0.00)\"","type":"UnityEngine.Vector3","variablesReference":150},{"name":"root","value":"\"Meat Slice Game (UnityEngine.Transform)\"","type":"UnityEngine.Transform","variablesReference":151},{"name":"rotation","value":"\"(0.00000, 0.00000, 0.00000, 1.00000)\"","type":"UnityEngine.Quaternion","variablesReference":152},{"name":"up","value":"\"(0.00, 1.00, 0.00)\"","type":"UnityEngine.Vector3","variablesReference":153},{"name":"worldToLocalMatrix","value":"\"0.10000\\t0.00000\\t0.00000\\t0.00000\\n0.00000\\t1.00000\\t0.00000\\t0.00000\\n0.00000\\t0.00000\\t0.10000\\t-2.00000\\n0.00000\\t0.00000\\t0.00000\\t1.00000\\n\"","type":"UnityEngine.Matrix4x4","variablesReference":154},{"name":"Non-Public members","value":"","type":"","variablesReference":155}]},"seq":789}
<--   C (evaluate-293): {"command":"evaluate","arguments":{"expression":"movement.startMovementPoint","frameId":1,"context":"hover","line":155,"column":30,"source":{"name":"PlayerController.cs","path":"c:\\Users\\Cex\\Documents\\Github\\MeatSlice\\Assets\\Scripts\\Gameplay\\PlayerController.cs","sources":[],"checksums":[]}},"type":"request","seq":293}
--> R (evaluate-293): {"type":"response","request_seq":293,"success":true,"command":"evaluate","body":{"result":"\"Spawn Point A (UnityEngine.Transform)\"","type":"UnityEngine.Transform","variablesReference":156},"seq":790}
<--   C (evaluate-294): {"command":"evaluate","arguments":{"expression":"movement.startMovementPoint","frameId":1,"context":"hover","line":155,"column":30,"source":{"name":"PlayerController.cs","path":"c:\\Users\\Cex\\Documents\\Github\\MeatSlice\\Assets\\Scripts\\Gameplay\\PlayerController.cs","sources":[],"checksums":[]}},"type":"request","seq":294}
--> R (evaluate-294): {"type":"response","request_seq":294,"success":true,"command":"evaluate","body":{"result":"\"Spawn Point A (UnityEngine.Transform)\"","type":"UnityEngine.Transform","variablesReference":157},"seq":791}
<--   C (evaluate-295): {"command":"evaluate","arguments":{"expression":"movement.startMovementPoint","frameId":1,"context":"hover","line":155,"column":30,"source":{"name":"PlayerController.cs","path":"c:\\Users\\Cex\\Documents\\Github\\MeatSlice\\Assets\\Scripts\\Gameplay\\PlayerController.cs","sources":[],"checksums":[]}},"type":"request","seq":295}
--> R (evaluate-295): {"type":"response","request_seq":295,"success":true,"command":"evaluate","body":{"result":"\"Spawn Point A (UnityEngine.Transform)\"","type":"UnityEngine.Transform","variablesReference":158},"seq":792}
<--   C (evaluate-296): {"command":"evaluate","arguments":{"expression":"","frameId":1,"context":"hover","line":155,"column":0,"source":{"name":"PlayerController.cs","path":"c:\\Users\\Cex\\Documents\\Github\\MeatSlice\\Assets\\Scripts\\Gameplay\\PlayerController.cs","sources":[],"checksums":[]}},"type":"request","seq":296}
--> R (evaluate-296): {"type":"response","request_seq":296,"success":true,"command":"evaluate","body":{"result":"Node not supported: `;`","type":"","variablesReference":0},"seq":793}
<--   C (evaluate-297): {"command":"evaluate","arguments":{"expression":"movement","frameId":1,"context":"hover","line":155,"column":61,"source":{"name":"PlayerController.cs","path":"c:\\Users\\Cex\\Documents\\Github\\MeatSlice\\Assets\\Scripts\\Gameplay\\PlayerController.cs","sources":[],"checksums":[]}},"type":"request","seq":297}
--> R (evaluate-297): {"type":"response","request_seq":297,"success":true,"command":"evaluate","body":{"result":"\"Player Controller (Movement)\"","type":"Movement","variablesReference":159},"seq":794}
<--   C (evaluate-298): {"command":"evaluate","arguments":{"expression":"RoundToPoint","frameId":1,"context":"hover","line":150,"column":86,"source":{"name":"PlayerController.cs","path":"c:\\Users\\Cex\\Documents\\Github\\MeatSlice\\Assets\\Scripts\\Gameplay\\PlayerController.cs","sources":[],"checksums":[]}},"type":"request","seq":298}
--> R (evaluate-298): {"type":"response","request_seq":298,"success":true,"command":"evaluate","body":{"result":"The identifier `RoundToPoint` is not in the scope","type":"","variablesReference":0},"seq":795}
<--   C (evaluate-299): {"command":"evaluate","arguments":{"expression":"currentFoodPos","frameId":1,"context":"hover","line":146,"column":105,"source":{"name":"PlayerController.cs","path":"c:\\Users\\Cex\\Documents\\Github\\MeatSlice\\Assets\\Scripts\\Gameplay\\PlayerController.cs","sources":[],"checksums":[]}},"type":"request","seq":299}
--> R (evaluate-299): {"type":"response","request_seq":299,"success":true,"command":"evaluate","body":{"result":"\"(0.00, 0.00, -0.50)\"","type":"UnityEngine.Vector3","variablesReference":160},"seq":796}
<--   C (evaluate-300): {"command":"evaluate","arguments":{"expression":"currentFoodPos","frameId":1,"context":"hover","line":146,"column":105,"source":{"name":"PlayerController.cs","path":"c:\\Users\\Cex\\Documents\\Github\\MeatSlice\\Assets\\Scripts\\Gameplay\\PlayerController.cs","sources":[],"checksums":[]}},"type":"request","seq":300}
--> R (evaluate-300): {"type":"response","request_seq":300,"success":true,"command":"evaluate","body":{"result":"\"(0.00, 0.00, -0.50)\"","type":"UnityEngine.Vector3","variablesReference":161},"seq":797}
<--   C (evaluate-301): {"command":"evaluate","arguments":{"expression":"currentFoodPos","frameId":1,"context":"hover","line":146,"column":105,"source":{"name":"PlayerController.cs","path":"c:\\Users\\Cex\\Documents\\Github\\MeatSlice\\Assets\\Scripts\\Gameplay\\PlayerController.cs","sources":[],"checksums":[]}},"type":"request","seq":301}
--> R (evaluate-301): {"type":"response","request_seq":301,"success":true,"command":"evaluate","body":{"result":"\"(0.00, 0.00, -0.50)\"","type":"UnityEngine.Vector3","variablesReference":162},"seq":798}
<--   C (variables-302): {"command":"variables","arguments":{"variablesReference":162},"type":"request","seq":302}
--> R (variables-302): {"type":"response","request_seq":302,"success":true,"command":"variables","body":{"variables":[{"name":"magnitude","value":"0.5","type":"float","variablesReference":0},{"name":"normalized","value":"\"(0.00, 0.00, -1.00)\"","type":"UnityEngine.Vector3","variablesReference":163},{"name":"sqrMagnitude","value":"0.25","type":"float","variablesReference":0},{"name":"x","value":"0","type":"float","variablesReference":0},{"name":"y","value":"0","type":"float","variablesReference":0},{"name":"z","value":"-0.5","type":"float","variablesReference":0},{"name":"Static members","value":"","type":"","variablesReference":164}]},"seq":799}
--> E (thread): {"type":"event","event":"thread","body":{"reason":"exited","threadId":855333248},"seq":800}
<--   C (evaluate-303): {"command":"evaluate","arguments":{"expression":"isSpawnPointA","frameId":1,"context":"hover","line":156,"column":46,"source":{"name":"PlayerController.cs","path":"c:\\Users\\Cex\\Documents\\Github\\MeatSlice\\Assets\\Scripts\\Gameplay\\PlayerController.cs","sources":[],"checksums":[]}},"type":"request","seq":303}
--> R (evaluate-303): {"type":"response","request_seq":303,"success":true,"command":"evaluate","body":{"result":"false","type":"bool","variablesReference":0},"seq":801}
<--   C (evaluate-304): {"command":"evaluate","arguments":{"expression":"isSpawnPointA","frameId":1,"context":"hover","line":156,"column":46,"source":{"name":"PlayerController.cs","path":"c:\\Users\\Cex\\Documents\\Github\\MeatSlice\\Assets\\Scripts\\Gameplay\\PlayerController.cs","sources":[],"checksums":[]}},"type":"request","seq":304}
--> R (evaluate-304): {"type":"response","request_seq":304,"success":true,"command":"evaluate","body":{"result":"false","type":"bool","variablesReference":0},"seq":802}
<--   C (evaluate-305): {"command":"evaluate","arguments":{"expression":"isSpawnPointA","frameId":1,"context":"hover","line":156,"column":46,"source":{"name":"PlayerController.cs","path":"c:\\Users\\Cex\\Documents\\Github\\MeatSlice\\Assets\\Scripts\\Gameplay\\PlayerController.cs","sources":[],"checksums":[]}},"type":"request","seq":305}
--> R (evaluate-305): {"type":"response","request_seq":305,"success":true,"command":"evaluate","body":{"result":"false","type":"bool","variablesReference":0},"seq":803}
<--   C (evaluate-306): {"command":"evaluate","arguments":{"expression":"movement.startMovementPoint","frameId":1,"context":"hover","line":155,"column":30,"source":{"name":"PlayerController.cs","path":"c:\\Users\\Cex\\Documents\\Github\\MeatSlice\\Assets\\Scripts\\Gameplay\\PlayerController.cs","sources":[],"checksums":[]}},"type":"request","seq":306}
--> R (evaluate-306): {"type":"response","request_seq":306,"success":true,"command":"evaluate","body":{"result":"\"Spawn Point A (UnityEngine.Transform)\"","type":"UnityEngine.Transform","variablesReference":165},"seq":804}
<--   C (variables-307): {"command":"variables","arguments":{"variablesReference":165},"type":"request","seq":307}
--> R (variables-307): {"type":"response","request_seq":307,"success":true,"command":"variables","body":{"variables":[{"name":"base","value":"\"Spawn Point A (UnityEngine.Transform)\"","type":"UnityEngine.Component","variablesReference":166},{"name":"childCount","value":"0","type":"int","variablesReference":0},{"name":"eulerAngles","value":"\"(0.00, 0.00, 0.00)\"","type":"UnityEngine.Vector3","variablesReference":167},{"name":"forward","value":"\"(0.00, 0.00, 1.00)\"","type":"UnityEngine.Vector3","variablesReference":168},{"name":"hasChanged","value":"true","type":"bool","variablesReference":0},{"name":"hierarchyCapacity","value":"1008","type":"int","variablesReference":0},{"name":"hierarchyCount","value":"504","type":"int","variablesReference":0},{"name":"localEulerAngles","value":"\"(0.00, 0.00, 0.00)\"","type":"UnityEngine.Vector3","variablesReference":169},{"name":"localPosition","value":"\"(0.00, 0.00, 20.00)\"","type":"UnityEngine.Vector3","variablesReference":170},{"name":"localRotation","value":"\"(0.00000, 0.00000, 0.00000, 1.00000)\"","type":"UnityEngine.Quaternion","variablesReference":171},{"name":"localScale","value":"\"(10.00, 1.00, 10.00)\"","type":"UnityEngine.Vector3","variablesReference":172},{"name":"localToWorldMatrix","value":"\"10.00000\\t0.00000\\t0.00000\\t0.00000\\n0.00000\\t1.00000\\t0.00000\\t0.00000\\n0.00000\\t0.00000\\t10.00000\\t20.00000\\n0.00000\\t0.00000\\t0.00000\\t1.00000\\n\"","type":"UnityEngine.Matrix4x4","variablesReference":173},{"name":"lossyScale","value":"\"(10.00, 1.00, 10.00)\"","type":"UnityEngine.Vector3","variablesReference":174},{"name":"parent","value":"\"Center Point (UnityEngine.Transform)\"","type":"UnityEngine.Transform","variablesReference":175},{"name":"position","value":"\"(0.00, 0.00, 20.00)\"","type":"UnityEngine.Vector3","variablesReference":176},{"name":"right","value":"\"(1.00, 0.00, 0.00)\"","type":"UnityEngine.Vector3","variablesReference":177},{"name":"root","value":"\"Meat Slice Game (UnityEngine.Transform)\"","type":"UnityEngine.Transform","variablesReference":178},{"name":"rotation","value":"\"(0.00000, 0.00000, 0.00000, 1.00000)\"","type":"UnityEngine.Quaternion","variablesReference":179},{"name":"up","value":"\"(0.00, 1.00, 0.00)\"","type":"UnityEngine.Vector3","variablesReference":180},{"name":"worldToLocalMatrix","value":"\"0.10000\\t0.00000\\t0.00000\\t0.00000\\n0.00000\\t1.00000\\t0.00000\\t0.00000\\n0.00000\\t0.00000\\t0.10000\\t-2.00000\\n0.00000\\t0.00000\\t0.00000\\t1.00000\\n\"","type":"UnityEngine.Matrix4x4","variablesReference":181},{"name":"Non-Public members","value":"","type":"","variablesReference":182}]},"seq":805}
<--   C (evaluate-308): {"command":"evaluate","arguments":{"expression":"movement.startMovementPoint","frameId":1,"context":"hover","line":155,"column":30,"source":{"name":"PlayerController.cs","path":"c:\\Users\\Cex\\Documents\\Github\\MeatSlice\\Assets\\Scripts\\Gameplay\\PlayerController.cs","sources":[],"checksums":[]}},"type":"request","seq":308}
--> R (evaluate-308): {"type":"response","request_seq":308,"success":true,"command":"evaluate","body":{"result":"\"Spawn Point A (UnityEngine.Transform)\"","type":"UnityEngine.Transform","variablesReference":183},"seq":806}
<--   C (variables-309): {"command":"variables","arguments":{"variablesReference":183},"type":"request","seq":309}
--> R (variables-309): {"type":"response","request_seq":309,"success":true,"command":"variables","body":{"variables":[{"name":"base","value":"\"Spawn Point A (UnityEngine.Transform)\"","type":"UnityEngine.Component","variablesReference":184},{"name":"childCount","value":"0","type":"int","variablesReference":0},{"name":"eulerAngles","value":"\"(0.00, 0.00, 0.00)\"","type":"UnityEngine.Vector3","variablesReference":185},{"name":"forward","value":"\"(0.00, 0.00, 1.00)\"","type":"UnityEngine.Vector3","variablesReference":186},{"name":"hasChanged","value":"true","type":"bool","variablesReference":0},{"name":"hierarchyCapacity","value":"1008","type":"int","variablesReference":0},{"name":"hierarchyCount","value":"504","type":"int","variablesReference":0},{"name":"localEulerAngles","value":"\"(0.00, 0.00, 0.00)\"","type":"UnityEngine.Vector3","variablesReference":187},{"name":"localPosition","value":"\"(0.00, 0.00, 20.00)\"","type":"UnityEngine.Vector3","variablesReference":188},{"name":"localRotation","value":"\"(0.00000, 0.00000, 0.00000, 1.00000)\"","type":"UnityEngine.Quaternion","variablesReference":189},{"name":"localScale","value":"\"(10.00, 1.00, 10.00)\"","type":"UnityEngine.Vector3","variablesReference":190},{"name":"localToWorldMatrix","value":"\"10.00000\\t0.00000\\t0.00000\\t0.00000\\n0.00000\\t1.00000\\t0.00000\\t0.00000\\n0.00000\\t0.00000\\t10.00000\\t20.00000\\n0.00000\\t0.00000\\t0.00000\\t1.00000\\n\"","type":"UnityEngine.Matrix4x4","variablesReference":191},{"name":"lossyScale","value":"\"(10.00, 1.00, 10.00)\"","type":"UnityEngine.Vector3","variablesReference":192},{"name":"parent","value":"\"Center Point (UnityEngine.Transform)\"","type":"UnityEngine.Transform","variablesReference":193},{"name":"position","value":"\"(0.00, 0.00, 20.00)\"","type":"UnityEngine.Vector3","variablesReference":194},{"name":"right","value":"\"(1.00, 0.00, 0.00)\"","type":"UnityEngine.Vector3","variablesReference":195},{"name":"root","value":"\"Meat Slice Game (UnityEngine.Transform)\"","type":"UnityEngine.Transform","variablesReference":196},{"name":"rotation","value":"\"(0.00000, 0.00000, 0.00000, 1.00000)\"","type":"UnityEngine.Quaternion","variablesReference":197},{"name":"up","value":"\"(0.00, 1.00, 0.00)\"","type":"UnityEngine.Vector3","variablesReference":198},{"name":"worldToLocalMatrix","value":"\"0.10000\\t0.00000\\t0.00000\\t0.00000\\n0.00000\\t1.00000\\t0.00000\\t0.00000\\n0.00000\\t0.00000\\t0.10000\\t-2.00000\\n0.00000\\t0.00000\\t0.00000\\t1.00000\\n\"","type":"UnityEngine.Matrix4x4","variablesReference":199},{"name":"Non-Public members","value":"","type":"","variablesReference":200}]},"seq":807}
<--   C (evaluate-310): {"command":"evaluate","arguments":{"expression":"movement.startMovementPoint","frameId":1,"context":"hover","line":155,"column":30,"source":{"name":"PlayerController.cs","path":"c:\\Users\\Cex\\Documents\\Github\\MeatSlice\\Assets\\Scripts\\Gameplay\\PlayerController.cs","sources":[],"checksums":[]}},"type":"request","seq":310}
--> R (evaluate-310): {"type":"response","request_seq":310,"success":true,"command":"evaluate","body":{"result":"\"Spawn Point A (UnityEngine.Transform)\"","type":"UnityEngine.Transform","variablesReference":201},"seq":808}
<--   C (variables-311): {"command":"variables","arguments":{"variablesReference":201},"type":"request","seq":311}
--> R (variables-311): {"type":"response","request_seq":311,"success":true,"command":"variables","body":{"variables":[{"name":"base","value":"\"Spawn Point A (UnityEngine.Transform)\"","type":"UnityEngine.Component","variablesReference":202},{"name":"childCount","value":"0","type":"int","variablesReference":0},{"name":"eulerAngles","value":"\"(0.00, 0.00, 0.00)\"","type":"UnityEngine.Vector3","variablesReference":203},{"name":"forward","value":"\"(0.00, 0.00, 1.00)\"","type":"UnityEngine.Vector3","variablesReference":204},{"name":"hasChanged","value":"true","type":"bool","variablesReference":0},{"name":"hierarchyCapacity","value":"1008","type":"int","variablesReference":0},{"name":"hierarchyCount","value":"504","type":"int","variablesReference":0},{"name":"localEulerAngles","value":"\"(0.00, 0.00, 0.00)\"","type":"UnityEngine.Vector3","variablesReference":205},{"name":"localPosition","value":"\"(0.00, 0.00, 20.00)\"","type":"UnityEngine.Vector3","variablesReference":206},{"name":"localRotation","value":"\"(0.00000, 0.00000, 0.00000, 1.00000)\"","type":"UnityEngine.Quaternion","variablesReference":207},{"name":"localScale","value":"\"(10.00, 1.00, 10.00)\"","type":"UnityEngine.Vector3","variablesReference":208},{"name":"localToWorldMatrix","value":"\"10.00000\\t0.00000\\t0.00000\\t0.00000\\n0.00000\\t1.00000\\t0.00000\\t0.00000\\n0.00000\\t0.00000\\t10.00000\\t20.00000\\n0.00000\\t0.00000\\t0.00000\\t1.00000\\n\"","type":"UnityEngine.Matrix4x4","variablesReference":209},{"name":"lossyScale","value":"\"(10.00, 1.00, 10.00)\"","type":"UnityEngine.Vector3","variablesReference":210},{"name":"parent","value":"\"Center Point (UnityEngine.Transform)\"","type":"UnityEngine.Transform","variablesReference":211},{"name":"position","value":"\"(0.00, 0.00, 20.00)\"","type":"UnityEngine.Vector3","variablesReference":212},{"name":"right","value":"\"(1.00, 0.00, 0.00)\"","type":"UnityEngine.Vector3","variablesReference":213},{"name":"root","value":"\"Meat Slice Game (UnityEngine.Transform)\"","type":"UnityEngine.Transform","variablesReference":214},{"name":"rotation","value":"\"(0.00000, 0.00000, 0.00000, 1.00000)\"","type":"UnityEngine.Quaternion","variablesReference":215},{"name":"up","value":"\"(0.00, 1.00, 0.00)\"","type":"UnityEngine.Vector3","variablesReference":216},{"name":"worldToLocalMatrix","value":"\"0.10000\\t0.00000\\t0.00000\\t0.00000\\n0.00000\\t1.00000\\t0.00000\\t0.00000\\n0.00000\\t0.00000\\t0.10000\\t-2.00000\\n0.00000\\t0.00000\\t0.00000\\t1.00000\\n\"","type":"UnityEngine.Matrix4x4","variablesReference":217},{"name":"Non-Public members","value":"","type":"","variablesReference":218}]},"seq":809}
<--   C (evaluate-312): {"command":"evaluate","arguments":{"expression":"Vector3","frameId":1,"context":"hover","line":152,"column":26,"source":{"name":"PlayerController.cs","path":"c:\\Users\\Cex\\Documents\\Github\\MeatSlice\\Assets\\Scripts\\Gameplay\\PlayerController.cs","sources":[],"checksums":[]}},"type":"request","seq":312}
--> R (evaluate-312): {"type":"response","request_seq":312,"success":true,"command":"evaluate","body":{"result":"UnityEngine.Vector3","type":"UnityEngine.Vector3","variablesReference":219},"seq":810}
<--   C (evaluate-313): {"command":"evaluate","arguments":{"expression":"","frameId":1,"context":"hover","line":152,"column":0,"source":{"name":"PlayerController.cs","path":"c:\\Users\\Cex\\Documents\\Github\\MeatSlice\\Assets\\Scripts\\Gameplay\\PlayerController.cs","sources":[],"checksums":[]}},"type":"request","seq":313}
--> R (evaluate-313): {"type":"response","request_seq":313,"success":true,"command":"evaluate","body":{"result":"Node not supported: `;`","type":"","variablesReference":0},"seq":811}
<--   C (evaluate-314): {"command":"evaluate","arguments":{"expression":"prevFoodPos","frameId":1,"context":"hover","line":150,"column":9,"source":{"name":"PlayerController.cs","path":"c:\\Users\\Cex\\Documents\\Github\\MeatSlice\\Assets\\Scripts\\Gameplay\\PlayerController.cs","sources":[],"checksums":[]}},"type":"request","seq":314}
--> R (evaluate-314): {"type":"response","request_seq":314,"success":true,"command":"evaluate","body":{"result":"\"(0.00, 0.00, 0.00)\"","type":"UnityEngine.Vector3","variablesReference":220},"seq":812}
<--   C (evaluate-315): {"command":"evaluate","arguments":{"expression":"","frameId":1,"context":"hover","line":150,"column":0,"source":{"name":"PlayerController.cs","path":"c:\\Users\\Cex\\Documents\\Github\\MeatSlice\\Assets\\Scripts\\Gameplay\\PlayerController.cs","sources":[],"checksums":[]}},"type":"request","seq":315}
--> R (evaluate-315): {"type":"response","request_seq":315,"success":true,"command":"evaluate","body":{"result":"Node not supported: `;`","type":"","variablesReference":0},"seq":813}
--> E (thread): {"type":"event","event":"thread","body":{"reason":"exited","threadId":855332944},"seq":814}
<--   C (evaluate-316): {"command":"evaluate","arguments":{"expression":"positions","frameId":1,"context":"hover","line":144,"column":27,"source":{"name":"PlayerController.cs","path":"c:\\Users\\Cex\\Documents\\Github\\MeatSlice\\Assets\\Scripts\\Gameplay\\PlayerController.cs","sources":[],"checksums":[]}},"type":"request","seq":316}
--> R (evaluate-316): {"type":"response","request_seq":316,"success":true,"command":"evaluate","body":{"result":"The identifier `positions` is not in the scope","type":"","variablesReference":0},"seq":815}
<--   C (evaluate-317): {"command":"evaluate","arguments":{"expression":"Vector3","frameId":1,"context":"hover","line":146,"column":30,"source":{"name":"PlayerController.cs","path":"c:\\Users\\Cex\\Documents\\Github\\MeatSlice\\Assets\\Scripts\\Gameplay\\PlayerController.cs","sources":[],"checksums":[]}},"type":"request","seq":317}
--> R (evaluate-317): {"type":"response","request_seq":317,"success":true,"command":"evaluate","body":{"result":"UnityEngine.Vector3","type":"UnityEngine.Vector3","variablesReference":221},"seq":816}
<--   C (evaluate-318): {"command":"evaluate","arguments":{"expression":"currentFood.transform.position","frameId":1,"context":"hover","line":147,"column":9,"source":{"name":"PlayerController.cs","path":"c:\\Users\\Cex\\Documents\\Github\\MeatSlice\\Assets\\Scripts\\Gameplay\\PlayerController.cs","sources":[],"checksums":[]}},"type":"request","seq":318}
--> R (evaluate-318): {"type":"response","request_seq":318,"success":true,"command":"evaluate","body":{"result":"\"(0.00, 0.00, -0.50)\"","type":"UnityEngine.Vector3","variablesReference":222},"seq":817}
<--   C (evaluate-319): {"command":"evaluate","arguments":{"expression":"previousFood","frameId":1,"context":"hover","line":149,"column":31,"source":{"name":"PlayerController.cs","path":"c:\\Users\\Cex\\Documents\\Github\\MeatSlice\\Assets\\Scripts\\Gameplay\\PlayerController.cs","sources":[],"checksums":[]}},"type":"request","seq":319}
--> R (evaluate-319): {"type":"response","request_seq":319,"success":true,"command":"evaluate","body":{"result":"\"Burger Bun Bottom (UnityEngine.Transform)\"","type":"UnityEngine.Transform","variablesReference":223},"seq":818}
<--   C (evaluate-320): {"command":"evaluate","arguments":{"expression":"previousFood","frameId":1,"context":"hover","line":149,"column":31,"source":{"name":"PlayerController.cs","path":"c:\\Users\\Cex\\Documents\\Github\\MeatSlice\\Assets\\Scripts\\Gameplay\\PlayerController.cs","sources":[],"checksums":[]}},"type":"request","seq":320}
--> R (evaluate-320): {"type":"response","request_seq":320,"success":true,"command":"evaluate","body":{"result":"\"Burger Bun Bottom (UnityEngine.Transform)\"","type":"UnityEngine.Transform","variablesReference":224},"seq":819}
<--   C (evaluate-321): {"command":"evaluate","arguments":{"expression":"RoundToPoint","frameId":1,"context":"hover","line":150,"column":35,"source":{"name":"PlayerController.cs","path":"c:\\Users\\Cex\\Documents\\Github\\MeatSlice\\Assets\\Scripts\\Gameplay\\PlayerController.cs","sources":[],"checksums":[]}},"type":"request","seq":321}
--> R (evaluate-321): {"type":"response","request_seq":321,"success":true,"command":"evaluate","body":{"result":"The identifier `RoundToPoint` is not in the scope","type":"","variablesReference":0},"seq":820}
<--   C (evaluate-322): {"command":"evaluate","arguments":{"expression":"currentFoodPos","frameId":1,"context":"hover","line":152,"column":43,"source":{"name":"PlayerController.cs","path":"c:\\Users\\Cex\\Documents\\Github\\MeatSlice\\Assets\\Scripts\\Gameplay\\PlayerController.cs","sources":[],"checksums":[]}},"type":"request","seq":322}
--> R (evaluate-322): {"type":"response","request_seq":322,"success":true,"command":"evaluate","body":{"result":"\"(0.00, 0.00, -0.50)\"","type":"UnityEngine.Vector3","variablesReference":225},"seq":821}
<--   C (evaluate-323): {"command":"evaluate","arguments":{"expression":"currentFoodPos","frameId":1,"context":"hover","line":152,"column":43,"source":{"name":"PlayerController.cs","path":"c:\\Users\\Cex\\Documents\\Github\\MeatSlice\\Assets\\Scripts\\Gameplay\\PlayerController.cs","sources":[],"checksums":[]}},"type":"request","seq":323}
--> R (evaluate-323): {"type":"response","request_seq":323,"success":true,"command":"evaluate","body":{"result":"\"(0.00, 0.00, -0.50)\"","type":"UnityEngine.Vector3","variablesReference":226},"seq":822}
<--   C (evaluate-324): {"command":"evaluate","arguments":{"expression":"currentFoodPos","frameId":1,"context":"hover","line":152,"column":43,"source":{"name":"PlayerController.cs","path":"c:\\Users\\Cex\\Documents\\Github\\MeatSlice\\Assets\\Scripts\\Gameplay\\PlayerController.cs","sources":[],"checksums":[]}},"type":"request","seq":324}
--> R (evaluate-324): {"type":"response","request_seq":324,"success":true,"command":"evaluate","body":{"result":"\"(0.00, 0.00, -0.50)\"","type":"UnityEngine.Vector3","variablesReference":227},"seq":823}
<--   C (evaluate-325): {"command":"evaluate","arguments":{"expression":"","frameId":1,"context":"hover","line":152,"column":0,"source":{"name":"PlayerController.cs","path":"c:\\Users\\Cex\\Documents\\Github\\MeatSlice\\Assets\\Scripts\\Gameplay\\PlayerController.cs","sources":[],"checksums":[]}},"type":"request","seq":325}
--> R (evaluate-325): {"type":"response","request_seq":325,"success":true,"command":"evaluate","body":{"result":"Node not supported: `;`","type":"","variablesReference":0},"seq":824}
<--   C (evaluate-326): {"command":"evaluate","arguments":{"expression":"prevFoodPos","frameId":1,"context":"hover","line":152,"column":59,"source":{"name":"PlayerController.cs","path":"c:\\Users\\Cex\\Documents\\Github\\MeatSlice\\Assets\\Scripts\\Gameplay\\PlayerController.cs","sources":[],"checksums":[]}},"type":"request","seq":326}
--> R (evaluate-326): {"type":"response","request_seq":326,"success":true,"command":"evaluate","body":{"result":"\"(0.00, 0.00, 0.00)\"","type":"UnityEngine.Vector3","variablesReference":228},"seq":825}
<--   C (variables-327): {"command":"variables","arguments":{"variablesReference":228},"type":"request","seq":327}
--> R (variables-327): {"type":"response","request_seq":327,"success":true,"command":"variables","body":{"variables":[{"name":"magnitude","value":"0","type":"float","variablesReference":0},{"name":"normalized","value":"\"(0.00, 0.00, 0.00)\"","type":"UnityEngine.Vector3","variablesReference":229},{"name":"sqrMagnitude","value":"0","type":"float","variablesReference":0},{"name":"x","value":"0","type":"float","variablesReference":0},{"name":"y","value":"0","type":"float","variablesReference":0},{"name":"z","value":"0","type":"float","variablesReference":0},{"name":"Static members","value":"","type":"","variablesReference":230}]},"seq":826}
<--   C (evaluate-328): {"command":"evaluate","arguments":{"expression":"movement","frameId":1,"context":"hover","line":155,"column":30,"source":{"name":"PlayerController.cs","path":"c:\\Users\\Cex\\Documents\\Github\\MeatSlice\\Assets\\Scripts\\Gameplay\\PlayerController.cs","sources":[],"checksums":[]}},"type":"request","seq":328}
--> R (evaluate-328): {"type":"response","request_seq":328,"success":true,"command":"evaluate","body":{"result":"\"Player Controller (Movement)\"","type":"Movement","variablesReference":231},"seq":827}
<--   C (variables-329): {"command":"variables","arguments":{"variablesReference":231},"type":"request","seq":329}
--> R (variables-329): {"type":"response","request_seq":329,"success":true,"command":"variables","body":{"variables":[{"name":"base","value":"\"Player Controller (Movement)\"","type":"UnityEngine.MonoBehaviour","variablesReference":232},{"name":"centerPoint","value":"\"Center Point (UnityEngine.Transform)\"","type":"UnityEngine.Transform","variablesReference":233},{"name":"centerPointCenter","value":"\"(0.00, 1.00, 0.00)\"","type":"UnityEngine.Vector3","variablesReference":234},{"name":"moveCoroutine","value":"null","type":"UnityEngine.Coroutine","variablesReference":0},{"name":"spawnPointA","value":"\"Spawn Point A (UnityEngine.Transform)\"","type":"UnityEngine.Transform","variablesReference":235},{"name":"spawnPointB","value":"\"Spawn Point B (UnityEngine.Transform)\"","type":"UnityEngine.Transform","variablesReference":236},{"name":"speed","value":"1","type":"float","variablesReference":0},{"name":"startMovementPoint","value":"\"Spawn Point A (UnityEngine.Transform)\"","type":"UnityEngine.Transform","variablesReference":237},{"name":"Static members","value":"","type":"","variablesReference":238}]},"seq":828}
<--   C (evaluate-330): {"command":"evaluate","arguments":{"expression":"movement","frameId":1,"context":"hover","line":155,"column":30,"source":{"name":"PlayerController.cs","path":"c:\\Users\\Cex\\Documents\\Github\\MeatSlice\\Assets\\Scripts\\Gameplay\\PlayerController.cs","sources":[],"checksums":[]}},"type":"request","seq":330}
--> R (evaluate-330): {"type":"response","request_seq":330,"success":true,"command":"evaluate","body":{"result":"\"Player Controller (Movement)\"","type":"Movement","variablesReference":239},"seq":829}
<--   C (variables-331): {"command":"variables","arguments":{"variablesReference":239},"type":"request","seq":331}
--> R (variables-331): {"type":"response","request_seq":331,"success":true,"command":"variables","body":{"variables":[{"name":"base","value":"\"Player Controller (Movement)\"","type":"UnityEngine.MonoBehaviour","variablesReference":240},{"name":"centerPoint","value":"\"Center Point (UnityEngine.Transform)\"","type":"UnityEngine.Transform","variablesReference":241},{"name":"centerPointCenter","value":"\"(0.00, 1.00, 0.00)\"","type":"UnityEngine.Vector3","variablesReference":242},{"name":"moveCoroutine","value":"null","type":"UnityEngine.Coroutine","variablesReference":0},{"name":"spawnPointA","value":"\"Spawn Point A (UnityEngine.Transform)\"","type":"UnityEngine.Transform","variablesReference":243},{"name":"spawnPointB","value":"\"Spawn Point B (UnityEngine.Transform)\"","type":"UnityEngine.Transform","variablesReference":244},{"name":"speed","value":"1","type":"float","variablesReference":0},{"name":"startMovementPoint","value":"\"Spawn Point A (UnityEngine.Transform)\"","type":"UnityEngine.Transform","variablesReference":245},{"name":"Static members","value":"","type":"","variablesReference":246}]},"seq":830}
<--   C (evaluate-332): {"command":"evaluate","arguments":{"expression":"movement.spawnPointA","frameId":1,"context":"hover","line":155,"column":61,"source":{"name":"PlayerController.cs","path":"c:\\Users\\Cex\\Documents\\Github\\MeatSlice\\Assets\\Scripts\\Gameplay\\PlayerController.cs","sources":[],"checksums":[]}},"type":"request","seq":332}
--> R (evaluate-332): {"type":"response","request_seq":332,"success":true,"command":"evaluate","body":{"result":"\"Spawn Point A (UnityEngine.Transform)\"","type":"UnityEngine.Transform","variablesReference":247},"seq":831}
<--   C (evaluate-333): {"command":"evaluate","arguments":{"expression":"","frameId":1,"context":"hover","line":155,"column":0,"source":{"name":"PlayerController.cs","path":"c:\\Users\\Cex\\Documents\\Github\\MeatSlice\\Assets\\Scripts\\Gameplay\\PlayerController.cs","sources":[],"checksums":[]}},"type":"request","seq":333}
--> R (evaluate-333): {"type":"response","request_seq":333,"success":true,"command":"evaluate","body":{"result":"Node not supported: `;`","type":"","variablesReference":0},"seq":832}
<--   C (evaluate-334): {"command":"evaluate","arguments":{"expression":"movement.spawnPointA","frameId":1,"context":"hover","line":155,"column":61,"source":{"name":"PlayerController.cs","path":"c:\\Users\\Cex\\Documents\\Github\\MeatSlice\\Assets\\Scripts\\Gameplay\\PlayerController.cs","sources":[],"checksums":[]}},"type":"request","seq":334}
--> R (evaluate-334): {"type":"response","request_seq":334,"success":true,"command":"evaluate","body":{"result":"\"Spawn Point A (UnityEngine.Transform)\"","type":"UnityEngine.Transform","variablesReference":248},"seq":833}
<--   C (evaluate-335): {"command":"evaluate","arguments":{"expression":"movement.spawnPointA","frameId":1,"context":"hover","line":155,"column":61,"source":{"name":"PlayerController.cs","path":"c:\\Users\\Cex\\Documents\\Github\\MeatSlice\\Assets\\Scripts\\Gameplay\\PlayerController.cs","sources":[],"checksums":[]}},"type":"request","seq":335}
--> R (evaluate-335): {"type":"response","request_seq":335,"success":true,"command":"evaluate","body":{"result":"\"Spawn Point A (UnityEngine.Transform)\"","type":"UnityEngine.Transform","variablesReference":249},"seq":834}
<--   C (evaluate-336): {"command":"evaluate","arguments":{"expression":"movement.spawnPointA","frameId":1,"context":"hover","line":155,"column":61,"source":{"name":"PlayerController.cs","path":"c:\\Users\\Cex\\Documents\\Github\\MeatSlice\\Assets\\Scripts\\Gameplay\\PlayerController.cs","sources":[],"checksums":[]}},"type":"request","seq":336}
--> R (evaluate-336): {"type":"response","request_seq":336,"success":true,"command":"evaluate","body":{"result":"\"Spawn Point A (UnityEngine.Transform)\"","type":"UnityEngine.Transform","variablesReference":250},"seq":835}
<--   C (evaluate-337): {"command":"evaluate","arguments":{"expression":"movement","frameId":1,"context":"hover","line":155,"column":61,"source":{"name":"PlayerController.cs","path":"c:\\Users\\Cex\\Documents\\Github\\MeatSlice\\Assets\\Scripts\\Gameplay\\PlayerController.cs","sources":[],"checksums":[]}},"type":"request","seq":337}
--> R (evaluate-337): {"type":"response","request_seq":337,"success":true,"command":"evaluate","body":{"result":"\"Player Controller (Movement)\"","type":"Movement","variablesReference":251},"seq":836}
<--   C (evaluate-338): {"command":"evaluate","arguments":{"expression":"movement","frameId":1,"context":"hover","line":155,"column":61,"source":{"name":"PlayerController.cs","path":"c:\\Users\\Cex\\Documents\\Github\\MeatSlice\\Assets\\Scripts\\Gameplay\\PlayerController.cs","sources":[],"checksums":[]}},"type":"request","seq":338}
--> R (evaluate-338): {"type":"response","request_seq":338,"success":true,"command":"evaluate","body":{"result":"\"Player Controller (Movement)\"","type":"Movement","variablesReference":252},"seq":837}
<--   C (evaluate-339): {"command":"evaluate","arguments":{"expression":"movement","frameId":1,"context":"hover","line":155,"column":61,"source":{"name":"PlayerController.cs","path":"c:\\Users\\Cex\\Documents\\Github\\MeatSlice\\Assets\\Scripts\\Gameplay\\PlayerController.cs","sources":[],"checksums":[]}},"type":"request","seq":339}
--> R (evaluate-339): {"type":"response","request_seq":339,"success":true,"command":"evaluate","body":{"result":"\"Player Controller (Movement)\"","type":"Movement","variablesReference":253},"seq":838}
<--   C (variables-340): {"command":"variables","arguments":{"variablesReference":253},"type":"request","seq":340}
--> R (variables-340): {"type":"response","request_seq":340,"success":true,"command":"variables","body":{"variables":[{"name":"base","value":"\"Player Controller (Movement)\"","type":"UnityEngine.MonoBehaviour","variablesReference":254},{"name":"centerPoint","value":"\"Center Point (UnityEngine.Transform)\"","type":"UnityEngine.Transform","variablesReference":255},{"name":"centerPointCenter","value":"\"(0.00, 1.00, 0.00)\"","type":"UnityEngine.Vector3","variablesReference":256},{"name":"moveCoroutine","value":"null","type":"UnityEngine.Coroutine","variablesReference":0},{"name":"spawnPointA","value":"\"Spawn Point A (UnityEngine.Transform)\"","type":"UnityEngine.Transform","variablesReference":257},{"name":"spawnPointB","value":"\"Spawn Point B (UnityEngine.Transform)\"","type":"UnityEngine.Transform","variablesReference":258},{"name":"speed","value":"1","type":"float","variablesReference":0},{"name":"startMovementPoint","value":"\"Spawn Point A (UnityEngine.Transform)\"","type":"UnityEngine.Transform","variablesReference":259},{"name":"Static members","value":"","type":"","variablesReference":260}]},"seq":839}
<--   C (evaluate-341): {"command":"evaluate","arguments":{"expression":"RoundToPoint","frameId":1,"context":"hover","line":146,"column":92,"source":{"name":"PlayerController.cs","path":"c:\\Users\\Cex\\Documents\\Github\\MeatSlice\\Assets\\Scripts\\Gameplay\\PlayerController.cs","sources":[],"checksums":[]}},"type":"request","seq":341}
--> R (evaluate-341): {"type":"response","request_seq":341,"success":true,"command":"evaluate","body":{"result":"The identifier `RoundToPoint` is not in the scope","type":"","variablesReference":0},"seq":840}
<--   C (evaluate-342): {"command":"evaluate","arguments":{"expression":"RoundToPoint","frameId":1,"context":"hover","line":146,"column":92,"source":{"name":"PlayerController.cs","path":"c:\\Users\\Cex\\Documents\\Github\\MeatSlice\\Assets\\Scripts\\Gameplay\\PlayerController.cs","sources":[],"checksums":[]}},"type":"request","seq":342}
--> R (evaluate-342): {"type":"response","request_seq":342,"success":true,"command":"evaluate","body":{"result":"The identifier `RoundToPoint` is not in the scope","type":"","variablesReference":0},"seq":841}
<--   C (evaluate-343): {"command":"evaluate","arguments":{"expression":"RoundToPoint","frameId":1,"context":"hover","line":146,"column":92,"source":{"name":"PlayerController.cs","path":"c:\\Users\\Cex\\Documents\\Github\\MeatSlice\\Assets\\Scripts\\Gameplay\\PlayerController.cs","sources":[],"checksums":[]}},"type":"request","seq":343}
--> R (evaluate-343): {"type":"response","request_seq":343,"success":true,"command":"evaluate","body":{"result":"The identifier `RoundToPoint` is not in the scope","type":"","variablesReference":0},"seq":842}
<--   C (evaluate-344): {"command":"evaluate","arguments":{"expression":"currentFoodPos","frameId":1,"context":"hover","line":146,"column":105,"source":{"name":"PlayerController.cs","path":"c:\\Users\\Cex\\Documents\\Github\\MeatSlice\\Assets\\Scripts\\Gameplay\\PlayerController.cs","sources":[],"checksums":[]}},"type":"request","seq":344}
--> R (evaluate-344): {"type":"response","request_seq":344,"success":true,"command":"evaluate","body":{"result":"\"(0.00, 0.00, -0.50)\"","type":"UnityEngine.Vector3","variablesReference":261},"seq":843}
<--   C (variables-345): {"command":"variables","arguments":{"variablesReference":261},"type":"request","seq":345}
--> R (variables-345): {"type":"response","request_seq":345,"success":true,"command":"variables","body":{"variables":[{"name":"magnitude","value":"0.5","type":"float","variablesReference":0},{"name":"normalized","value":"\"(0.00, 0.00, -1.00)\"","type":"UnityEngine.Vector3","variablesReference":262},{"name":"sqrMagnitude","value":"0.25","type":"float","variablesReference":0},{"name":"x","value":"0","type":"float","variablesReference":0},{"name":"y","value":"0","type":"float","variablesReference":0},{"name":"z","value":"-0.5","type":"float","variablesReference":0},{"name":"Static members","value":"","type":"","variablesReference":263}]},"seq":844}
<--   C (evaluate-346): {"command":"evaluate","arguments":{"expression":"RoundToPoint","frameId":1,"context":"hover","line":146,"column":92,"source":{"name":"PlayerController.cs","path":"c:\\Users\\Cex\\Documents\\Github\\MeatSlice\\Assets\\Scripts\\Gameplay\\PlayerController.cs","sources":[],"checksums":[]}},"type":"request","seq":346}
--> R (evaluate-346): {"type":"response","request_seq":346,"success":true,"command":"evaluate","body":{"result":"The identifier `RoundToPoint` is not in the scope","type":"","variablesReference":0},"seq":845}
<--   C (evaluate-347): {"command":"evaluate","arguments":{"expression":"difficultyVarient","frameId":1,"context":"hover","line":150,"column":63,"source":{"name":"PlayerController.cs","path":"c:\\Users\\Cex\\Documents\\Github\\MeatSlice\\Assets\\Scripts\\Gameplay\\PlayerController.cs","sources":[],"checksums":[]}},"type":"request","seq":347}
--> R (evaluate-347): {"type":"response","request_seq":347,"success":true,"command":"evaluate","body":{"result":"2","type":"int","variablesReference":0},"seq":846}
<--   C (evaluate-348): {"command":"evaluate","arguments":{"expression":"difficultyVarient","frameId":1,"context":"hover","line":150,"column":63,"source":{"name":"PlayerController.cs","path":"c:\\Users\\Cex\\Documents\\Github\\MeatSlice\\Assets\\Scripts\\Gameplay\\PlayerController.cs","sources":[],"checksums":[]}},"type":"request","seq":348}
--> R (evaluate-348): {"type":"response","request_seq":348,"success":true,"command":"evaluate","body":{"result":"2","type":"int","variablesReference":0},"seq":847}
<--   C (evaluate-349): {"command":"evaluate","arguments":{"expression":"difficultyVarient","frameId":1,"context":"hover","line":150,"column":63,"source":{"name":"PlayerController.cs","path":"c:\\Users\\Cex\\Documents\\Github\\MeatSlice\\Assets\\Scripts\\Gameplay\\PlayerController.cs","sources":[],"checksums":[]}},"type":"request","seq":349}
--> R (evaluate-349): {"type":"response","request_seq":349,"success":true,"command":"evaluate","body":{"result":"2","type":"int","variablesReference":0},"seq":848}
<--   C (evaluate-350): {"command":"evaluate","arguments":{"expression":"previousFood.transform.position","frameId":1,"context":"hover","line":149,"column":31,"source":{"name":"PlayerController.cs","path":"c:\\Users\\Cex\\Documents\\Github\\MeatSlice\\Assets\\Scripts\\Gameplay\\PlayerController.cs","sources":[],"checksums":[]}},"type":"request","seq":350}
--> R (evaluate-350): {"type":"response","request_seq":350,"success":true,"command":"evaluate","body":{"result":"\"(0.00, -1.00, 0.00)\"","type":"UnityEngine.Vector3","variablesReference":264},"seq":849}
<--   C (evaluate-351): {"command":"evaluate","arguments":{"expression":"currentFoodPos","frameId":1,"context":"hover","line":146,"column":51,"source":{"name":"PlayerController.cs","path":"c:\\Users\\Cex\\Documents\\Github\\MeatSlice\\Assets\\Scripts\\Gameplay\\PlayerController.cs","sources":[],"checksums":[]}},"type":"request","seq":351}
--> R (evaluate-351): {"type":"response","request_seq":351,"success":true,"command":"evaluate","body":{"result":"\"(0.00, 0.00, -0.50)\"","type":"UnityEngine.Vector3","variablesReference":265},"seq":850}
<--   C (variables-352): {"command":"variables","arguments":{"variablesReference":265},"type":"request","seq":352}
--> R (variables-352): {"type":"response","request_seq":352,"success":true,"command":"variables","body":{"variables":[{"name":"magnitude","value":"0.5","type":"float","variablesReference":0},{"name":"normalized","value":"\"(0.00, 0.00, -1.00)\"","type":"UnityEngine.Vector3","variablesReference":266},{"name":"sqrMagnitude","value":"0.25","type":"float","variablesReference":0},{"name":"x","value":"0","type":"float","variablesReference":0},{"name":"y","value":"0","type":"float","variablesReference":0},{"name":"z","value":"-0.5","type":"float","variablesReference":0},{"name":"Static members","value":"","type":"","variablesReference":267}]},"seq":851}
<--   C (evaluate-353): {"command":"evaluate","arguments":{"expression":"currentFood.transform","frameId":1,"context":"hover","line":145,"column":34,"source":{"name":"PlayerController.cs","path":"c:\\Users\\Cex\\Documents\\Github\\MeatSlice\\Assets\\Scripts\\Gameplay\\PlayerController.cs","sources":[],"checksums":[]}},"type":"request","seq":353}
--> R (evaluate-353): {"type":"response","request_seq":353,"success":true,"command":"evaluate","body":{"result":"\"Tofu(Clone) (UnityEngine.Transform)\"","type":"UnityEngine.Transform","variablesReference":268},"seq":852}
<--   C (evaluate-354): {"command":"evaluate","arguments":{"expression":"current","frameId":1,"context":"hover","line":144,"column":40,"source":{"name":"PlayerController.cs","path":"c:\\Users\\Cex\\Documents\\Github\\MeatSlice\\Assets\\Scripts\\Gameplay\\PlayerController.cs","sources":[],"checksums":[]}},"type":"request","seq":354}
--> R (evaluate-354): {"type":"response","request_seq":354,"success":true,"command":"evaluate","body":{"result":"The identifier `current` is not in the scope","type":"","variablesReference":0},"seq":853}
<--   C (evaluate-355): {"command":"evaluate","arguments":{"expression":"previous","frameId":1,"context":"hover","line":144,"column":52,"source":{"name":"PlayerController.cs","path":"c:\\Users\\Cex\\Documents\\Github\\MeatSlice\\Assets\\Scripts\\Gameplay\\PlayerController.cs","sources":[],"checksums":[]}},"type":"request","seq":355}
--> R (evaluate-355): {"type":"response","request_seq":355,"success":true,"command":"evaluate","body":{"result":"The identifier `previous` is not in the scope","type":"","variablesReference":0},"seq":854}
<--   C (evaluate-356): {"command":"evaluate","arguments":{"expression":"currentFoodPos","frameId":1,"context":"hover","line":146,"column":51,"source":{"name":"PlayerController.cs","path":"c:\\Users\\Cex\\Documents\\Github\\MeatSlice\\Assets\\Scripts\\Gameplay\\PlayerController.cs","sources":[],"checksums":[]}},"type":"request","seq":356}
--> R (evaluate-356): {"type":"response","request_seq":356,"success":true,"command":"evaluate","body":{"result":"\"(0.00, 0.00, -0.50)\"","type":"UnityEngine.Vector3","variablesReference":269},"seq":855}
<--   C (evaluate-357): {"command":"evaluate","arguments":{"expression":"currentFoodPos","frameId":1,"context":"hover","line":146,"column":51,"source":{"name":"PlayerController.cs","path":"c:\\Users\\Cex\\Documents\\Github\\MeatSlice\\Assets\\Scripts\\Gameplay\\PlayerController.cs","sources":[],"checksums":[]}},"type":"request","seq":357}
--> R (evaluate-357): {"type":"response","request_seq":357,"success":true,"command":"evaluate","body":{"result":"\"(0.00, 0.00, -0.50)\"","type":"UnityEngine.Vector3","variablesReference":270},"seq":856}
<--   C (variables-358): {"command":"variables","arguments":{"variablesReference":270},"type":"request","seq":358}
--> R (variables-358): {"type":"response","request_seq":358,"success":true,"command":"variables","body":{"variables":[{"name":"magnitude","value":"0.5","type":"float","variablesReference":0},{"name":"normalized","value":"\"(0.00, 0.00, -1.00)\"","type":"UnityEngine.Vector3","variablesReference":271},{"name":"sqrMagnitude","value":"0.25","type":"float","variablesReference":0},{"name":"x","value":"0","type":"float","variablesReference":0},{"name":"y","value":"0","type":"float","variablesReference":0},{"name":"z","value":"-0.5","type":"float","variablesReference":0},{"name":"Static members","value":"","type":"","variablesReference":272}]},"seq":857}
<--   C (evaluate-359): {"command":"evaluate","arguments":{"expression":"currentFood.transform.position","frameId":1,"context":"hover","line":145,"column":34,"source":{"name":"PlayerController.cs","path":"c:\\Users\\Cex\\Documents\\Github\\MeatSlice\\Assets\\Scripts\\Gameplay\\PlayerController.cs","sources":[],"checksums":[]}},"type":"request","seq":359}
--> R (evaluate-359): {"type":"response","request_seq":359,"success":true,"command":"evaluate","body":{"result":"\"(0.00, 0.00, -0.50)\"","type":"UnityEngine.Vector3","variablesReference":273},"seq":858}
<--   C (variables-360): {"command":"variables","arguments":{"variablesReference":273},"type":"request","seq":360}
--> R (variables-360): {"type":"response","request_seq":360,"success":true,"command":"variables","body":{"variables":[{"name":"magnitude","value":"0.5","type":"float","variablesReference":0},{"name":"normalized","value":"\"(0.00, 0.00, -1.00)\"","type":"UnityEngine.Vector3","variablesReference":274},{"name":"sqrMagnitude","value":"0.25","type":"float","variablesReference":0},{"name":"x","value":"0","type":"float","variablesReference":0},{"name":"y","value":"0","type":"float","variablesReference":0},{"name":"z","value":"-0.5","type":"float","variablesReference":0},{"name":"Static members","value":"","type":"","variablesReference":275}]},"seq":859}
<--   C (evaluate-361): {"command":"evaluate","arguments":{"expression":"previous","frameId":1,"context":"hover","line":144,"column":52,"source":{"name":"PlayerController.cs","path":"c:\\Users\\Cex\\Documents\\Github\\MeatSlice\\Assets\\Scripts\\Gameplay\\PlayerController.cs","sources":[],"checksums":[]}},"type":"request","seq":361}
--> R (evaluate-361): {"type":"response","request_seq":361,"success":true,"command":"evaluate","body":{"result":"The identifier `previous` is not in the scope","type":"","variablesReference":0},"seq":860}
<--   C (evaluate-362): {"command":"evaluate","arguments":{"expression":"difficultyVarient","frameId":1,"context":"hover","line":150,"column":63,"source":{"name":"PlayerController.cs","path":"c:\\Users\\Cex\\Documents\\Github\\MeatSlice\\Assets\\Scripts\\Gameplay\\PlayerController.cs","sources":[],"checksums":[]}},"type":"request","seq":362}
--> R (evaluate-362): {"type":"response","request_seq":362,"success":true,"command":"evaluate","body":{"result":"2","type":"int","variablesReference":0},"seq":861}
<--   C (evaluate-363): {"command":"evaluate","arguments":{"expression":"currentFoodPos","frameId":1,"context":"hover","line":146,"column":51,"source":{"name":"PlayerController.cs","path":"c:\\Users\\Cex\\Documents\\Github\\MeatSlice\\Assets\\Scripts\\Gameplay\\PlayerController.cs","sources":[],"checksums":[]}},"type":"request","seq":363}
--> R (evaluate-363): {"type":"response","request_seq":363,"success":true,"command":"evaluate","body":{"result":"\"(0.00, 0.00, -0.50)\"","type":"UnityEngine.Vector3","variablesReference":276},"seq":862}
<--   C (evaluate-364): {"command":"evaluate","arguments":{"expression":"previous","frameId":1,"context":"hover","line":144,"column":52,"source":{"name":"PlayerController.cs","path":"c:\\Users\\Cex\\Documents\\Github\\MeatSlice\\Assets\\Scripts\\Gameplay\\PlayerController.cs","sources":[],"checksums":[]}},"type":"request","seq":364}
--> R (evaluate-364): {"type":"response","request_seq":364,"success":true,"command":"evaluate","body":{"result":"The identifier `previous` is not in the scope","type":"","variablesReference":0},"seq":863}
<--   C (evaluate-365): {"command":"evaluate","arguments":{"expression":"current","frameId":1,"context":"hover","line":144,"column":40,"source":{"name":"PlayerController.cs","path":"c:\\Users\\Cex\\Documents\\Github\\MeatSlice\\Assets\\Scripts\\Gameplay\\PlayerController.cs","sources":[],"checksums":[]}},"type":"request","seq":365}
--> R (evaluate-365): {"type":"response","request_seq":365,"success":true,"command":"evaluate","body":{"result":"The identifier `current` is not in the scope","type":"","variablesReference":0},"seq":864}
<--   C (evaluate-366): {"command":"evaluate","arguments":{"expression":"currentFood.transform","frameId":1,"context":"hover","line":145,"column":34,"source":{"name":"PlayerController.cs","path":"c:\\Users\\Cex\\Documents\\Github\\MeatSlice\\Assets\\Scripts\\Gameplay\\PlayerController.cs","sources":[],"checksums":[]}},"type":"request","seq":366}
--> R (evaluate-366): {"type":"response","request_seq":366,"success":true,"command":"evaluate","body":{"result":"\"Tofu(Clone) (UnityEngine.Transform)\"","type":"UnityEngine.Transform","variablesReference":277},"seq":865}
<--   C (evaluate-367): {"command":"evaluate","arguments":{"expression":"currentFood.transform","frameId":1,"context":"hover","line":145,"column":34,"source":{"name":"PlayerController.cs","path":"c:\\Users\\Cex\\Documents\\Github\\MeatSlice\\Assets\\Scripts\\Gameplay\\PlayerController.cs","sources":[],"checksums":[]}},"type":"request","seq":367}
--> R (evaluate-367): {"type":"response","request_seq":367,"success":true,"command":"evaluate","body":{"result":"\"Tofu(Clone) (UnityEngine.Transform)\"","type":"UnityEngine.Transform","variablesReference":278},"seq":866}
<--   C (evaluate-368): {"command":"evaluate","arguments":{"expression":"current","frameId":1,"context":"hover","line":144,"column":40,"source":{"name":"PlayerController.cs","path":"c:\\Users\\Cex\\Documents\\Github\\MeatSlice\\Assets\\Scripts\\Gameplay\\PlayerController.cs","sources":[],"checksums":[]}},"type":"request","seq":368}
--> R (evaluate-368): {"type":"response","request_seq":368,"success":true,"command":"evaluate","body":{"result":"The identifier `current` is not in the scope","type":"","variablesReference":0},"seq":867}
<--   C (evaluate-369): {"command":"evaluate","arguments":{"expression":"current","frameId":1,"context":"hover","line":144,"column":40,"source":{"name":"PlayerController.cs","path":"c:\\Users\\Cex\\Documents\\Github\\MeatSlice\\Assets\\Scripts\\Gameplay\\PlayerController.cs","sources":[],"checksums":[]}},"type":"request","seq":369}
--> R (evaluate-369): {"type":"response","request_seq":369,"success":true,"command":"evaluate","body":{"result":"The identifier `current` is not in the scope","type":"","variablesReference":0},"seq":868}
<--   C (evaluate-370): {"command":"evaluate","arguments":{"expression":"","frameId":1,"context":"hover","line":145,"column":0,"source":{"name":"PlayerController.cs","path":"c:\\Users\\Cex\\Documents\\Github\\MeatSlice\\Assets\\Scripts\\Gameplay\\PlayerController.cs","sources":[],"checksums":[]}},"type":"request","seq":370}
--> R (evaluate-370): {"type":"response","request_seq":370,"success":true,"command":"evaluate","body":{"result":"Node not supported: `;`","type":"","variablesReference":0},"seq":869}
<--   C (evaluate-371): {"command":"evaluate","arguments":{"expression":"currentFood.transform.position","frameId":1,"context":"hover","line":147,"column":9,"source":{"name":"PlayerController.cs","path":"c:\\Users\\Cex\\Documents\\Github\\MeatSlice\\Assets\\Scripts\\Gameplay\\PlayerController.cs","sources":[],"checksums":[]}},"type":"request","seq":371}
--> R (evaluate-371): {"type":"response","request_seq":371,"success":true,"command":"evaluate","body":{"result":"\"(0.00, 0.00, -0.50)\"","type":"UnityEngine.Vector3","variablesReference":279},"seq":870}
<--   C (evaluate-372): {"command":"evaluate","arguments":{"expression":"previousFood","frameId":1,"context":"hover","line":149,"column":31,"source":{"name":"PlayerController.cs","path":"c:\\Users\\Cex\\Documents\\Github\\MeatSlice\\Assets\\Scripts\\Gameplay\\PlayerController.cs","sources":[],"checksums":[]}},"type":"request","seq":372}
--> R (evaluate-372): {"type":"response","request_seq":372,"success":true,"command":"evaluate","body":{"result":"\"Burger Bun Bottom (UnityEngine.Transform)\"","type":"UnityEngine.Transform","variablesReference":280},"seq":871}
<--   C (evaluate-373): {"command":"evaluate","arguments":{"expression":"","frameId":1,"context":"hover","line":155,"column":0,"source":{"name":"PlayerController.cs","path":"c:\\Users\\Cex\\Documents\\Github\\MeatSlice\\Assets\\Scripts\\Gameplay\\PlayerController.cs","sources":[],"checksums":[]}},"type":"request","seq":373}
--> R (evaluate-373): {"type":"response","request_seq":373,"success":true,"command":"evaluate","body":{"result":"Node not supported: `;`","type":"","variablesReference":0},"seq":872}
<--   C (evaluate-374): {"command":"evaluate","arguments":{"expression":"","frameId":1,"context":"hover","line":155,"column":0,"source":{"name":"PlayerController.cs","path":"c:\\Users\\Cex\\Documents\\Github\\MeatSlice\\Assets\\Scripts\\Gameplay\\PlayerController.cs","sources":[],"checksums":[]}},"type":"request","seq":374}
--> R (evaluate-374): {"type":"response","request_seq":374,"success":true,"command":"evaluate","body":{"result":"Node not supported: `;`","type":"","variablesReference":0},"seq":873}
<--   C (evaluate-375): {"command":"evaluate","arguments":{"expression":"movement","frameId":1,"context":"hover","line":155,"column":61,"source":{"name":"PlayerController.cs","path":"c:\\Users\\Cex\\Documents\\Github\\MeatSlice\\Assets\\Scripts\\Gameplay\\PlayerController.cs","sources":[],"checksums":[]}},"type":"request","seq":375}
--> R (evaluate-375): {"type":"response","request_seq":375,"success":true,"command":"evaluate","body":{"result":"\"Player Controller (Movement)\"","type":"Movement","variablesReference":281},"seq":874}
<--   C (variables-376): {"command":"variables","arguments":{"variablesReference":281},"type":"request","seq":376}
--> R (variables-376): {"type":"response","request_seq":376,"success":true,"command":"variables","body":{"variables":[{"name":"base","value":"\"Player Controller (Movement)\"","type":"UnityEngine.MonoBehaviour","variablesReference":282},{"name":"centerPoint","value":"\"Center Point (UnityEngine.Transform)\"","type":"UnityEngine.Transform","variablesReference":283},{"name":"centerPointCenter","value":"\"(0.00, 1.00, 0.00)\"","type":"UnityEngine.Vector3","variablesReference":284},{"name":"moveCoroutine","value":"null","type":"UnityEngine.Coroutine","variablesReference":0},{"name":"spawnPointA","value":"\"Spawn Point A (UnityEngine.Transform)\"","type":"UnityEngine.Transform","variablesReference":285},{"name":"spawnPointB","value":"\"Spawn Point B (UnityEngine.Transform)\"","type":"UnityEngine.Transform","variablesReference":286},{"name":"speed","value":"1","type":"float","variablesReference":0},{"name":"startMovementPoint","value":"\"Spawn Point A (UnityEngine.Transform)\"","type":"UnityEngine.Transform","variablesReference":287},{"name":"Static members","value":"","type":"","variablesReference":288}]},"seq":875}
<--   C (evaluate-377): {"command":"evaluate","arguments":{"expression":"currentFoodPos","frameId":1,"context":"hover","line":152,"column":43,"source":{"name":"PlayerController.cs","path":"c:\\Users\\Cex\\Documents\\Github\\MeatSlice\\Assets\\Scripts\\Gameplay\\PlayerController.cs","sources":[],"checksums":[]}},"type":"request","seq":377}
--> R (evaluate-377): {"type":"response","request_seq":377,"success":true,"command":"evaluate","body":{"result":"\"(0.00, 0.00, -0.50)\"","type":"UnityEngine.Vector3","variablesReference":289},"seq":876}
<--   C (variables-378): {"command":"variables","arguments":{"variablesReference":289},"type":"request","seq":378}
--> R (variables-378): {"type":"response","request_seq":378,"success":true,"command":"variables","body":{"variables":[{"name":"magnitude","value":"0.5","type":"float","variablesReference":0},{"name":"normalized","value":"\"(0.00, 0.00, -1.00)\"","type":"UnityEngine.Vector3","variablesReference":290},{"name":"sqrMagnitude","value":"0.25","type":"float","variablesReference":0},{"name":"x","value":"0","type":"float","variablesReference":0},{"name":"y","value":"0","type":"float","variablesReference":0},{"name":"z","value":"-0.5","type":"float","variablesReference":0},{"name":"Static members","value":"","type":"","variablesReference":291}]},"seq":877}
<--   C (evaluate-379): {"command":"evaluate","arguments":{"expression":"positions","frameId":1,"context":"hover","line":144,"column":27,"source":{"name":"PlayerController.cs","path":"c:\\Users\\Cex\\Documents\\Github\\MeatSlice\\Assets\\Scripts\\Gameplay\\PlayerController.cs","sources":[],"checksums":[]}},"type":"request","seq":379}
--> R (evaluate-379): {"type":"response","request_seq":379,"success":true,"command":"evaluate","body":{"result":"The identifier `positions` is not in the scope","type":"","variablesReference":0},"seq":878}
<--   C (evaluate-380): {"command":"evaluate","arguments":{"expression":"positions","frameId":1,"context":"hover","line":144,"column":27,"source":{"name":"PlayerController.cs","path":"c:\\Users\\Cex\\Documents\\Github\\MeatSlice\\Assets\\Scripts\\Gameplay\\PlayerController.cs","sources":[],"checksums":[]}},"type":"request","seq":380}
--> R (evaluate-380): {"type":"response","request_seq":380,"success":true,"command":"evaluate","body":{"result":"The identifier `positions` is not in the scope","type":"","variablesReference":0},"seq":879}
<--   C (evaluate-381): {"command":"evaluate","arguments":{"expression":"currentFood","frameId":1,"context":"hover","line":145,"column":34,"source":{"name":"PlayerController.cs","path":"c:\\Users\\Cex\\Documents\\Github\\MeatSlice\\Assets\\Scripts\\Gameplay\\PlayerController.cs","sources":[],"checksums":[]}},"type":"request","seq":381}
--> R (evaluate-381): {"type":"response","request_seq":381,"success":true,"command":"evaluate","body":{"result":"\"Tofu(Clone) (UnityEngine.GameObject)\"","type":"UnityEngine.GameObject","variablesReference":292},"seq":880}
<--   C (evaluate-382): {"command":"evaluate","arguments":{"expression":"RoundToPoint","frameId":1,"context":"hover","line":146,"column":38,"source":{"name":"PlayerController.cs","path":"c:\\Users\\Cex\\Documents\\Github\\MeatSlice\\Assets\\Scripts\\Gameplay\\PlayerController.cs","sources":[],"checksums":[]}},"type":"request","seq":382}
--> R (evaluate-382): {"type":"response","request_seq":382,"success":true,"command":"evaluate","body":{"result":"The identifier `RoundToPoint` is not in the scope","type":"","variablesReference":0},"seq":881}
<--   C (evaluate-383): {"command":"evaluate","arguments":{"expression":"currentFood.transform.position","frameId":1,"context":"hover","line":147,"column":9,"source":{"name":"PlayerController.cs","path":"c:\\Users\\Cex\\Documents\\Github\\MeatSlice\\Assets\\Scripts\\Gameplay\\PlayerController.cs","sources":[],"checksums":[]}},"type":"request","seq":383}
--> R (evaluate-383): {"type":"response","request_seq":383,"success":true,"command":"evaluate","body":{"result":"\"(0.00, 0.00, -0.50)\"","type":"UnityEngine.Vector3","variablesReference":293},"seq":882}
<--   C (evaluate-384): {"command":"evaluate","arguments":{"expression":"previousFood","frameId":1,"context":"hover","line":149,"column":31,"source":{"name":"PlayerController.cs","path":"c:\\Users\\Cex\\Documents\\Github\\MeatSlice\\Assets\\Scripts\\Gameplay\\PlayerController.cs","sources":[],"checksums":[]}},"type":"request","seq":384}
--> R (evaluate-384): {"type":"response","request_seq":384,"success":true,"command":"evaluate","body":{"result":"\"Burger Bun Bottom (UnityEngine.Transform)\"","type":"UnityEngine.Transform","variablesReference":294},"seq":883}
<--   C (evaluate-385): {"command":"evaluate","arguments":{"expression":"RoundToPoint","frameId":1,"context":"hover","line":150,"column":35,"source":{"name":"PlayerController.cs","path":"c:\\Users\\Cex\\Documents\\Github\\MeatSlice\\Assets\\Scripts\\Gameplay\\PlayerController.cs","sources":[],"checksums":[]}},"type":"request","seq":385}
--> R (evaluate-385): {"type":"response","request_seq":385,"success":true,"command":"evaluate","body":{"result":"The identifier `RoundToPoint` is not in the scope","type":"","variablesReference":0},"seq":884}
<--   C (evaluate-386): {"command":"evaluate","arguments":{"expression":"Vector3.Distance","frameId":1,"context":"hover","line":152,"column":26,"source":{"name":"PlayerController.cs","path":"c:\\Users\\Cex\\Documents\\Github\\MeatSlice\\Assets\\Scripts\\Gameplay\\PlayerController.cs","sources":[],"checksums":[]}},"type":"request","seq":386}
--> R (evaluate-386): {"type":"response","request_seq":386,"success":true,"command":"evaluate","body":{"result":"Could not find a member `Distance` for `Vector3`","type":"","variablesReference":0},"seq":885}
<--   C (evaluate-387): {"command":"evaluate","arguments":{"expression":"Vector3.Distance","frameId":1,"context":"hover","line":152,"column":26,"source":{"name":"PlayerController.cs","path":"c:\\Users\\Cex\\Documents\\Github\\MeatSlice\\Assets\\Scripts\\Gameplay\\PlayerController.cs","sources":[],"checksums":[]}},"type":"request","seq":387}
--> R (evaluate-387): {"type":"response","request_seq":387,"success":true,"command":"evaluate","body":{"result":"Could not find a member `Distance` for `Vector3`","type":"","variablesReference":0},"seq":886}
<--   C (evaluate-388): {"command":"evaluate","arguments":{"expression":"Vector3","frameId":1,"context":"hover","line":152,"column":26,"source":{"name":"PlayerController.cs","path":"c:\\Users\\Cex\\Documents\\Github\\MeatSlice\\Assets\\Scripts\\Gameplay\\PlayerController.cs","sources":[],"checksums":[]}},"type":"request","seq":388}
--> R (evaluate-388): {"type":"response","request_seq":388,"success":true,"command":"evaluate","body":{"result":"UnityEngine.Vector3","type":"UnityEngine.Vector3","variablesReference":295},"seq":887}
<--   C (evaluate-389): {"command":"evaluate","arguments":{"expression":"return","frameId":1,"context":"hover","line":153,"column":28,"source":{"name":"PlayerController.cs","path":"c:\\Users\\Cex\\Documents\\Github\\MeatSlice\\Assets\\Scripts\\Gameplay\\PlayerController.cs","sources":[],"checksums":[]}},"type":"request","seq":389}
--> R (evaluate-389): {"type":"response","request_seq":389,"success":true,"command":"evaluate","body":{"result":"Node not supported: `return;`","type":"","variablesReference":0},"seq":888}
<--   C (evaluate-390): {"command":"evaluate","arguments":{"expression":"return","frameId":1,"context":"hover","line":153,"column":28,"source":{"name":"PlayerController.cs","path":"c:\\Users\\Cex\\Documents\\Github\\MeatSlice\\Assets\\Scripts\\Gameplay\\PlayerController.cs","sources":[],"checksums":[]}},"type":"request","seq":390}
--> R (evaluate-390): {"type":"response","request_seq":390,"success":true,"command":"evaluate","body":{"result":"Node not supported: `return;`","type":"","variablesReference":0},"seq":889}
<--   C (evaluate-391): {"command":"evaluate","arguments":{"expression":"return","frameId":1,"context":"hover","line":153,"column":28,"source":{"name":"PlayerController.cs","path":"c:\\Users\\Cex\\Documents\\Github\\MeatSlice\\Assets\\Scripts\\Gameplay\\PlayerController.cs","sources":[],"checksums":[]}},"type":"request","seq":391}
--> R (evaluate-391): {"type":"response","request_seq":391,"success":true,"command":"evaluate","body":{"result":"Node not supported: `return;`","type":"","variablesReference":0},"seq":890}
<--   C (evaluate-392): {"command":"evaluate","arguments":{"expression":"return","frameId":1,"context":"hover","line":153,"column":28,"source":{"name":"PlayerController.cs","path":"c:\\Users\\Cex\\Documents\\Github\\MeatSlice\\Assets\\Scripts\\Gameplay\\PlayerController.cs","sources":[],"checksums":[]}},"type":"request","seq":392}
--> R (evaluate-392): {"type":"response","request_seq":392,"success":true,"command":"evaluate","body":{"result":"Node not supported: `return;`","type":"","variablesReference":0},"seq":891}
<--   C (evaluate-393): {"command":"evaluate","arguments":{"expression":"isSpawnPointA","frameId":1,"context":"hover","line":155,"column":14,"source":{"name":"PlayerController.cs","path":"c:\\Users\\Cex\\Documents\\Github\\MeatSlice\\Assets\\Scripts\\Gameplay\\PlayerController.cs","sources":[],"checksums":[]}},"type":"request","seq":393}
--> R (evaluate-393): {"type":"response","request_seq":393,"success":true,"command":"evaluate","body":{"result":"false","type":"bool","variablesReference":0},"seq":892}
<--   C (evaluate-394): {"command":"evaluate","arguments":{"expression":"isSpawnPointA","frameId":1,"context":"hover","line":155,"column":14,"source":{"name":"PlayerController.cs","path":"c:\\Users\\Cex\\Documents\\Github\\MeatSlice\\Assets\\Scripts\\Gameplay\\PlayerController.cs","sources":[],"checksums":[]}},"type":"request","seq":394}
--> R (evaluate-394): {"type":"response","request_seq":394,"success":true,"command":"evaluate","body":{"result":"false","type":"bool","variablesReference":0},"seq":893}
<--   C (evaluate-395): {"command":"evaluate","arguments":{"expression":"isSpawnPointA","frameId":1,"context":"hover","line":155,"column":14,"source":{"name":"PlayerController.cs","path":"c:\\Users\\Cex\\Documents\\Github\\MeatSlice\\Assets\\Scripts\\Gameplay\\PlayerController.cs","sources":[],"checksums":[]}},"type":"request","seq":395}
--> R (evaluate-395): {"type":"response","request_seq":395,"success":true,"command":"evaluate","body":{"result":"false","type":"bool","variablesReference":0},"seq":894}
<--   C (evaluate-396): {"command":"evaluate","arguments":{"expression":"","frameId":1,"context":"hover","line":155,"column":0,"source":{"name":"PlayerController.cs","path":"c:\\Users\\Cex\\Documents\\Github\\MeatSlice\\Assets\\Scripts\\Gameplay\\PlayerController.cs","sources":[],"checksums":[]}},"type":"request","seq":396}
--> R (evaluate-396): {"type":"response","request_seq":396,"success":true,"command":"evaluate","body":{"result":"Node not supported: `;`","type":"","variablesReference":0},"seq":895}
<--   C (evaluate-397): {"command":"evaluate","arguments":{"expression":"isSpawnPointA","frameId":1,"context":"hover","line":155,"column":14,"source":{"name":"PlayerController.cs","path":"c:\\Users\\Cex\\Documents\\Github\\MeatSlice\\Assets\\Scripts\\Gameplay\\PlayerController.cs","sources":[],"checksums":[]}},"type":"request","seq":397}
--> R (evaluate-397): {"type":"response","request_seq":397,"success":true,"command":"evaluate","body":{"result":"false","type":"bool","variablesReference":0},"seq":896}
<--   C (evaluate-398): {"command":"evaluate","arguments":{"expression":"isSpawnPointA","frameId":1,"context":"hover","line":155,"column":14,"source":{"name":"PlayerController.cs","path":"c:\\Users\\Cex\\Documents\\Github\\MeatSlice\\Assets\\Scripts\\Gameplay\\PlayerController.cs","sources":[],"checksums":[]}},"type":"request","seq":398}
--> R (evaluate-398): {"type":"response","request_seq":398,"success":true,"command":"evaluate","body":{"result":"false","type":"bool","variablesReference":0},"seq":897}
<--   C (evaluate-399): {"command":"evaluate","arguments":{"expression":"isSpawnPointA","frameId":1,"context":"hover","line":155,"column":14,"source":{"name":"PlayerController.cs","path":"c:\\Users\\Cex\\Documents\\Github\\MeatSlice\\Assets\\Scripts\\Gameplay\\PlayerController.cs","sources":[],"checksums":[]}},"type":"request","seq":399}
--> R (evaluate-399): {"type":"response","request_seq":399,"success":true,"command":"evaluate","body":{"result":"false","type":"bool","variablesReference":0},"seq":898}
<--   C (evaluate-400): {"command":"evaluate","arguments":{"expression":"","frameId":1,"context":"hover","line":155,"column":0,"source":{"name":"PlayerController.cs","path":"c:\\Users\\Cex\\Documents\\Github\\MeatSlice\\Assets\\Scripts\\Gameplay\\PlayerController.cs","sources":[],"checksums":[]}},"type":"request","seq":400}
--> R (evaluate-400): {"type":"response","request_seq":400,"success":true,"command":"evaluate","body":{"result":"Node not supported: `;`","type":"","variablesReference":0},"seq":899}
<--   C (evaluate-401): {"command":"evaluate","arguments":{"expression":"movement","frameId":1,"context":"hover","line":155,"column":30,"source":{"name":"PlayerController.cs","path":"c:\\Users\\Cex\\Documents\\Github\\MeatSlice\\Assets\\Scripts\\Gameplay\\PlayerController.cs","sources":[],"checksums":[]}},"type":"request","seq":401}
--> R (evaluate-401): {"type":"response","request_seq":401,"success":true,"command":"evaluate","body":{"result":"\"Player Controller (Movement)\"","type":"Movement","variablesReference":296},"seq":900}
<--   C (evaluate-402): {"command":"evaluate","arguments":{"expression":"movement","frameId":1,"context":"hover","line":155,"column":30,"source":{"name":"PlayerController.cs","path":"c:\\Users\\Cex\\Documents\\Github\\MeatSlice\\Assets\\Scripts\\Gameplay\\PlayerController.cs","sources":[],"checksums":[]}},"type":"request","seq":402}
--> R (evaluate-402): {"type":"response","request_seq":402,"success":true,"command":"evaluate","body":{"result":"\"Player Controller (Movement)\"","type":"Movement","variablesReference":297},"seq":901}
<--   C (variables-403): {"command":"variables","arguments":{"variablesReference":297},"type":"request","seq":403}
--> R (variables-403): {"type":"response","request_seq":403,"success":true,"command":"variables","body":{"variables":[{"name":"base","value":"\"Player Controller (Movement)\"","type":"UnityEngine.MonoBehaviour","variablesReference":298},{"name":"centerPoint","value":"\"Center Point (UnityEngine.Transform)\"","type":"UnityEngine.Transform","variablesReference":299},{"name":"centerPointCenter","value":"\"(0.00, 1.00, 0.00)\"","type":"UnityEngine.Vector3","variablesReference":300},{"name":"moveCoroutine","value":"null","type":"UnityEngine.Coroutine","variablesReference":0},{"name":"spawnPointA","value":"\"Spawn Point A (UnityEngine.Transform)\"","type":"UnityEngine.Transform","variablesReference":301},{"name":"spawnPointB","value":"\"Spawn Point B (UnityEngine.Transform)\"","type":"UnityEngine.Transform","variablesReference":302},{"name":"speed","value":"1","type":"float","variablesReference":0},{"name":"startMovementPoint","value":"\"Spawn Point A (UnityEngine.Transform)\"","type":"UnityEngine.Transform","variablesReference":303},{"name":"Static members","value":"","type":"","variablesReference":304}]},"seq":902}
<--   C (evaluate-404): {"command":"evaluate","arguments":{"expression":"GetBoxPosition","frameId":1,"context":"hover","line":156,"column":31,"source":{"name":"PlayerController.cs","path":"c:\\Users\\Cex\\Documents\\Github\\MeatSlice\\Assets\\Scripts\\Gameplay\\PlayerController.cs","sources":[],"checksums":[]}},"type":"request","seq":404}
--> R (evaluate-404): {"type":"response","request_seq":404,"success":true,"command":"evaluate","body":{"result":"The identifier `GetBoxPosition` is not in the scope","type":"","variablesReference":0},"seq":903}
<--   C (evaluate-405): {"command":"evaluate","arguments":{"expression":"GetBoxPosition","frameId":1,"context":"hover","line":156,"column":31,"source":{"name":"PlayerController.cs","path":"c:\\Users\\Cex\\Documents\\Github\\MeatSlice\\Assets\\Scripts\\Gameplay\\PlayerController.cs","sources":[],"checksums":[]}},"type":"request","seq":405}
--> R (evaluate-405): {"type":"response","request_seq":405,"success":true,"command":"evaluate","body":{"result":"The identifier `GetBoxPosition` is not in the scope","type":"","variablesReference":0},"seq":904}
<--   C (evaluate-406): {"command":"evaluate","arguments":{"expression":"movement","frameId":1,"context":"hover","line":155,"column":61,"source":{"name":"PlayerController.cs","path":"c:\\Users\\Cex\\Documents\\Github\\MeatSlice\\Assets\\Scripts\\Gameplay\\PlayerController.cs","sources":[],"checksums":[]}},"type":"request","seq":406}
--> R (evaluate-406): {"type":"response","request_seq":406,"success":true,"command":"evaluate","body":{"result":"\"Player Controller (Movement)\"","type":"Movement","variablesReference":305},"seq":905}
<--   C (evaluate-407): {"command":"evaluate","arguments":{"expression":"movement","frameId":1,"context":"hover","line":155,"column":61,"source":{"name":"PlayerController.cs","path":"c:\\Users\\Cex\\Documents\\Github\\MeatSlice\\Assets\\Scripts\\Gameplay\\PlayerController.cs","sources":[],"checksums":[]}},"type":"request","seq":407}
--> R (evaluate-407): {"type":"response","request_seq":407,"success":true,"command":"evaluate","body":{"result":"\"Player Controller (Movement)\"","type":"Movement","variablesReference":306},"seq":906}
<--   C (evaluate-408): {"command":"evaluate","arguments":{"expression":"movement.spawnPointA","frameId":1,"context":"hover","line":155,"column":61,"source":{"name":"PlayerController.cs","path":"c:\\Users\\Cex\\Documents\\Github\\MeatSlice\\Assets\\Scripts\\Gameplay\\PlayerController.cs","sources":[],"checksums":[]}},"type":"request","seq":408}
--> R (evaluate-408): {"type":"response","request_seq":408,"success":true,"command":"evaluate","body":{"result":"\"Spawn Point A (UnityEngine.Transform)\"","type":"UnityEngine.Transform","variablesReference":307},"seq":907}
<--   C (evaluate-409): {"command":"evaluate","arguments":{"expression":"movement.spawnPointA","frameId":1,"context":"hover","line":155,"column":61,"source":{"name":"PlayerController.cs","path":"c:\\Users\\Cex\\Documents\\Github\\MeatSlice\\Assets\\Scripts\\Gameplay\\PlayerController.cs","sources":[],"checksums":[]}},"type":"request","seq":409}
--> R (evaluate-409): {"type":"response","request_seq":409,"success":true,"command":"evaluate","body":{"result":"\"Spawn Point A (UnityEngine.Transform)\"","type":"UnityEngine.Transform","variablesReference":308},"seq":908}
<--   C (evaluate-410): {"command":"evaluate","arguments":{"expression":"movement.spawnPointA","frameId":1,"context":"hover","line":155,"column":61,"source":{"name":"PlayerController.cs","path":"c:\\Users\\Cex\\Documents\\Github\\MeatSlice\\Assets\\Scripts\\Gameplay\\PlayerController.cs","sources":[],"checksums":[]}},"type":"request","seq":410}
--> R (evaluate-410): {"type":"response","request_seq":410,"success":true,"command":"evaluate","body":{"result":"\"Spawn Point A (UnityEngine.Transform)\"","type":"UnityEngine.Transform","variablesReference":309},"seq":909}
<--   C (evaluate-411): {"command":"evaluate","arguments":{"expression":"movement.spawnPointA","frameId":1,"context":"hover","line":155,"column":61,"source":{"name":"PlayerController.cs","path":"c:\\Users\\Cex\\Documents\\Github\\MeatSlice\\Assets\\Scripts\\Gameplay\\PlayerController.cs","sources":[],"checksums":[]}},"type":"request","seq":411}
--> R (evaluate-411): {"type":"response","request_seq":411,"success":true,"command":"evaluate","body":{"result":"\"Spawn Point A (UnityEngine.Transform)\"","type":"UnityEngine.Transform","variablesReference":310},"seq":910}
<--   C (variables-412): {"command":"variables","arguments":{"variablesReference":310},"type":"request","seq":412}
--> R (variables-412): {"type":"response","request_seq":412,"success":true,"command":"variables","body":{"variables":[{"name":"base","value":"\"Spawn Point A (UnityEngine.Transform)\"","type":"UnityEngine.Component","variablesReference":311},{"name":"childCount","value":"0","type":"int","variablesReference":0},{"name":"eulerAngles","value":"\"(0.00, 0.00, 0.00)\"","type":"UnityEngine.Vector3","variablesReference":312},{"name":"forward","value":"\"(0.00, 0.00, 1.00)\"","type":"UnityEngine.Vector3","variablesReference":313},{"name":"hasChanged","value":"true","type":"bool","variablesReference":0},{"name":"hierarchyCapacity","value":"1008","type":"int","variablesReference":0},{"name":"hierarchyCount","value":"504","type":"int","variablesReference":0},{"name":"localEulerAngles","value":"\"(0.00, 0.00, 0.00)\"","type":"UnityEngine.Vector3","variablesReference":314},{"name":"localPosition","value":"\"(0.00, 0.00, 20.00)\"","type":"UnityEngine.Vector3","variablesReference":315},{"name":"localRotation","value":"\"(0.00000, 0.00000, 0.00000, 1.00000)\"","type":"UnityEngine.Quaternion","variablesReference":316},{"name":"localScale","value":"\"(10.00, 1.00, 10.00)\"","type":"UnityEngine.Vector3","variablesReference":317},{"name":"localToWorldMatrix","value":"\"10.00000\\t0.00000\\t0.00000\\t0.00000\\n0.00000\\t1.00000\\t0.00000\\t0.00000\\n0.00000\\t0.00000\\t10.00000\\t20.00000\\n0.00000\\t0.00000\\t0.00000\\t1.00000\\n\"","type":"UnityEngine.Matrix4x4","variablesReference":318},{"name":"lossyScale","value":"\"(10.00, 1.00, 10.00)\"","type":"UnityEngine.Vector3","variablesReference":319},{"name":"parent","value":"\"Center Point (UnityEngine.Transform)\"","type":"UnityEngine.Transform","variablesReference":320},{"name":"position","value":"\"(0.00, 0.00, 20.00)\"","type":"UnityEngine.Vector3","variablesReference":321},{"name":"right","value":"\"(1.00, 0.00, 0.00)\"","type":"UnityEngine.Vector3","variablesReference":322},{"name":"root","value":"\"Meat Slice Game (UnityEngine.Transform)\"","type":"UnityEngine.Transform","variablesReference":323},{"name":"rotation","value":"\"(0.00000, 0.00000, 0.00000, 1.00000)\"","type":"UnityEngine.Quaternion","variablesReference":324},{"name":"up","value":"\"(0.00, 1.00, 0.00)\"","type":"UnityEngine.Vector3","variablesReference":325},{"name":"worldToLocalMatrix","value":"\"0.10000\\t0.00000\\t0.00000\\t0.00000\\n0.00000\\t1.00000\\t0.00000\\t0.00000\\n0.00000\\t0.00000\\t0.10000\\t-2.00000\\n0.00000\\t0.00000\\t0.00000\\t1.00000\\n\"","type":"UnityEngine.Matrix4x4","variablesReference":326},{"name":"Non-Public members","value":"","type":"","variablesReference":327}]},"seq":911}
<--   C (evaluate-413): {"command":"evaluate","arguments":{"expression":"bool","frameId":1,"context":"hover","line":155,"column":9,"source":{"name":"PlayerController.cs","path":"c:\\Users\\Cex\\Documents\\Github\\MeatSlice\\Assets\\Scripts\\Gameplay\\PlayerController.cs","sources":[],"checksums":[]}},"type":"request","seq":413}
--> R (evaluate-413): {"type":"response","request_seq":413,"success":true,"command":"evaluate","body":{"result":"bool","type":"bool","variablesReference":328},"seq":912}
<--   C (variables-414): {"command":"variables","arguments":{"variablesReference":328},"type":"request","seq":414}
--> R (variables-414): {"type":"response","request_seq":414,"success":true,"command":"variables","body":{"variables":[{"name":"base","value":"System.ValueType","type":"System.ValueType","variablesReference":329},{"name":"FalseString","value":"\"False\"","type":"string","variablesReference":0},{"name":"TrueString","value":"\"True\"","type":"string","variablesReference":0},{"name":"Non-Public members","value":"","type":"","variablesReference":330}]},"seq":913}
<--   C (evaluate-415): {"command":"evaluate","arguments":{"expression":"prevFoodPos","frameId":1,"context":"hover","line":149,"column":17,"source":{"name":"PlayerController.cs","path":"c:\\Users\\Cex\\Documents\\Github\\MeatSlice\\Assets\\Scripts\\Gameplay\\PlayerController.cs","sources":[],"checksums":[]}},"type":"request","seq":415}
--> R (evaluate-415): {"type":"response","request_seq":415,"success":true,"command":"evaluate","body":{"result":"\"(0.00, 0.00, 0.00)\"","type":"UnityEngine.Vector3","variablesReference":331},"seq":914}
<--   C (variables-416): {"command":"variables","arguments":{"variablesReference":331},"type":"request","seq":416}
--> R (variables-416): {"type":"response","request_seq":416,"success":true,"command":"variables","body":{"variables":[{"name":"magnitude","value":"0","type":"float","variablesReference":0},{"name":"normalized","value":"\"(0.00, 0.00, 0.00)\"","type":"UnityEngine.Vector3","variablesReference":332},{"name":"sqrMagnitude","value":"0","type":"float","variablesReference":0},{"name":"x","value":"0","type":"float","variablesReference":0},{"name":"y","value":"0","type":"float","variablesReference":0},{"name":"z","value":"0","type":"float","variablesReference":0},{"name":"Static members","value":"","type":"","variablesReference":333}]},"seq":915}
<--   C (disconnect-417): {"command":"disconnect","arguments":{"restart":false},"type":"request","seq":417}
--> R (disconnect-417): {"type":"response","request_seq":417,"success":true,"command":"disconnect","body":{},"seq":916}
